text;label
Привет, во сколько сегодня встречаемся?;normal
Коллеги, отправил файл с отчётом в общий чат.;normal
Спасибо за помощь, всё получилось.;normal
Завтра пара начинается в 10:30, не опаздывайте.;normal
Кто может объяснить последнюю задачу по математике?;normal
Я буду через 15 минут.;normal
Скиньте, пожалуйста, ссылку на расписание.;normal
Сегодня обсуждаем проект и распределяем задачи.;normal
Нужно обновить README и проверить тесты.;normal
Поздравляю с успешной защитой проекта!;normal
Пожалуйста, добавьте меня в список участников.;normal
Созвонимся вечером и обсудим детали.;normal
Документ лежит в папке проекта.;normal
Я проверил код, ошибок компиляции нет.;normal
Можно перенести встречу на завтра?;normal
Всем привет, как продвигается работа?;normal
Отлично, тогда я беру на себя backend.;normal
Нужно подготовить презентацию к пятнице.;normal
Я загрузил материалы в облако.;normal
Проверьте, пожалуйста, последнюю версию файла.;normal
Сегодня будет собрание старост.;normal
Нужно выбрать дату следующей встречи.;normal
Я закончил обработку данных.;normal
Добавил тесты для основного модуля.;normal
Спасибо, принято.;normal
Я посмотрел расписание, изменений пока нет.;normal
Давайте обсудим это после пары.;normal
Файл открылся, всё отображается корректно.;normal
Напомните, пожалуйста, дедлайн по заданию.;normal
Я сегодня буду работать над интерфейсом.;normal
Можно добавить этот пункт в общий список.;normal
Спасибо, я уже получил материалы.;normal
Встреча начнётся в аудитории 305.;normal
Я отправлю обновлённую версию ближе к вечеру.;normal
Проверьте, пожалуйста, доступ к документу.;normal
Сегодня нужно согласовать план работы.;normal
Я добавил комментарии к последнему разделу.;normal
Давайте распределим задачи между участниками.;normal
Ссылка на встречу есть в общем чате.;normal
Я пока проверяю корректность расчётов.;normal
Можно уточнить формат итогового файла?;normal
Материалы находятся в папке с проектом.;normal
Я исправил небольшую ошибку в названии.;normal
Завтра смогу подключиться после обеда.;normal
Нужно обновить таблицу с результатами.;normal
Я подготовил черновик текста для обсуждения.;normal
Пожалуйста, посмотрите последнюю страницу.;normal
Мы договорились встретиться у входа.;normal
Я добавил недостающие данные в таблицу.;normal
Созвон можно провести в обычное время.;normal
Проверьте, пожалуйста, правильно ли указан номер группы.;normal
Я отправил список вопросов преподавателю.;normal
Сегодня лучше закончить основную часть.;normal
Можно оставить этот вариант как резервный.;normal
Я загружу файл после проверки.;normal
Давайте начнём с самого простого пункта.;normal
Все участники подтвердили своё присутствие.;normal
Я внёс правки в первый раздел.;normal
Нужно проверить оформление списка литературы.;normal
Пожалуйста, напишите, кто сможет прийти раньше.;normal
Я сохранил копию документа на всякий случай.;normal
Текст стал понятнее после правок.;normal
Давайте перенесём обсуждение на завтра.;normal
Я посмотрю этот вопрос после занятий.;normal
В таблице осталось заполнить два столбца.;normal
Спасибо, теперь всё понятно.;normal
Можно использовать этот пример в отчёте.;normal
Я проверил ссылку, она работает.;normal
Нужно согласовать финальную версию презентации.;normal
Сегодня отправлю краткое резюме встречи.;normal
Пожалуйста, добавьте дату в заголовок.;normal
Я обновил структуру проекта.;normal
Давайте сначала проверим требования.;normal
Файл лучше назвать более понятно.;normal
Я могу подготовить вступительную часть.;normal
Нужно уточнить время начала мероприятия.;normal
Все правки отмечены в документе.;normal
Я добавил описание к каждому пункту.;normal
Можно обсудить детали в личных сообщениях.;normal
Проверьте, пожалуйста, порядок слайдов.;normal
Я закончил настройку окружения.;normal
Нужно пересчитать итоговые значения.;normal
Давайте оставим этот вопрос на конец встречи.;normal
Я получил подтверждение от организаторов.;normal
Материалы можно скачать из общей папки.;normal
Пожалуйста, проверьте, хватает ли данных.;normal
Я подготовлю краткий план выступления.;normal
Сегодня нужно завершить оформление.;normal
Можно добавить ещё один пример для наглядности.;normal
Я проверил файл на наличие опечаток.;normal
Давайте согласуем список участников.;normal
Нужно указать источник для этой информации.;normal
Я отправил обновление в рабочий чат.;normal
Пожалуйста, подтвердите получение файла.;normal
Встреча прошла по плану.;normal
Я добавил новую задачу в список.;normal
Можно использовать текущую версию как итоговую.;normal
Нужно проверить, открывается ли архив.;normal
Я буду готов к обсуждению через час.;normal
Спасибо, правки приняты.;normal
"Может кому-то нужен курс по ии и криптовалюте, отдам за спасибо , пишите, чтобы тут не cпaмить.;";spam
"Ищy людeй для зaработка нa yдаленной оcнове в свoбодное вpемя, Oт 21 годa зa подpобностями в личныe сообщeния;";spam
"Ищy людeй для зaработка нa yдаленной оcнове в свoбодное вpемя, Oт 21 годa зa подpобностями в личныe сообщeния;";spam
"В поиске людей, заинтересованных в получении хорошего дополнительного дохода на удаленке. Частичная занятость, от 18 лет. Подробно в лс.;";spam
"Привет ребята! За годы самообразования накопилось множество обучающего материала.  Тематики - предпринимательство и трейдинг(различные мануалы и курсы) Могу поделиться инфой если кому-то интересно, взамен, попрошу только спасибо) верю в карму 🙌;";spam
"Ищy людeй для зaработка нa yдаленной оcнове в свoбодное вpемя, Oт 20 годa зa подpобностями в личныe сообщeния;";spam
"Привет друзья! За годы самообразования накопилось множество обучающего материала.  Тематики - предпринимательство и трейдинг(различные мануалы и курсы) Могу поделиться инфой если кому-то интересно, взамен, попрошу только спасибо☺️;";spam
"Кoму интересен хорoший допoлнительный зарабoток в свобoднoе время. Пишите в лс. От 18 лет, частичная занятость;";spam
"Здравствуйте! Я предлагаю заработок в сфере криптовалют все деталu в лc;";spam
"Вдруг кому интересно, есть практическое руководство по стратегиям инвестирования. (Инвестиции в недвижимость, цифровые активы, долгосрочное инвестирование, скальпинг), так же книга об инвестировании в золото(инструменты инвестирования, ключевые игроки,ETF,опционы,), Smart Money и DeFi. Могу поделиться;";spam
"Кoму интересен хорoший допoлнительный зарабoток в свобoднoе время. Пишите в лс. От 18 лет, частичная занятость;";spam
"СРОЧНО.Нужны люди для удаленного заработка.От 18 лет.Частичная занятость.Доход от 500$ в неделю. Детали в л.с.;";spam
"Здравствуйте! Я предлагаю заработок в сфере криптовалют все деталu в лc;";spam
"Здравствуйте! Я предлагаю заработок в сфере криптовалют все деталu в лc;";spam
"Может кому-то нужен курс по ии и криптовалюте, отдам за спасибо , пишите, чтобы тут не cпaмить.;";spam
"Может кому-то нужен курс по ии и криптовалюте, отдам за спасибо , пишите, чтобы тут не cпaмить.;";spam
"Нужно пару человек с Binance bybit и тд. Деньги не плохие. Пишите за более детальной инфой;";spam
"Ищем людей для удаленной деятельности  Возьмем несколько людей, заработок от 145$ в день оплата каждый день, опыт в сфере не обязательный  Подробности в лс;";spam
"Срочно. Нужны люди для игры в танк. От 3 лет. Занятость 24/7. Доход нихуя. Детали- купить все прем танки.;";spam
"Прuвет всем, хoчу предлoжuть реaльный дoпoлнuтельный зaрaбoтoк! - От 50$ в/зa день гaрaнтuрoвaнo  - Чaс в день твoегo временu  - Честнo u легaльнo, НЕ НАРКОТИКИ!!   Еслu ты действuтельнo зauнтересoвaн в быстрoм u честнoм зaрaбoтке , пuшu + в ЛС!!!!;";spam
"Привет ребят стартует новая игра от Павла Дурова кому ссылка ниже залетаем👇;";spam
"Ищем людей для удаленной деятельности  Возьмем несколько людей, заработок от 145$ в день оплата каждый день, опыт в сфере не обязательный  Подробности в лс;";spam
"Можeт кому-то нужeн курс пo ии и криптoвалютe, отдам за спасибo , пишите, чтобы тут не cпaмить.;";spam
"Может кому-то нужен курс по ИИ и криптовaлюте, отдам за спасибо , пишите, чтобы тут не cпaмить;";spam
"НУЖНЫ ЛЮДИ ДЛЯ ДОПОЛНИТЕЛЬНОГО ЗАРАБОТКА Возраст от 18+  Хороший пассивный доход Пиши в ЛС;";spam
"НУЖНЫ ЛЮДИ ДЛЯ ДОПОЛНИТЕЛЬНОГО ЗАРАБОТКА Возраст от 18+  Хороший пассивный доход Пиши в ЛС;";spam
"Ищу людей с биржами, BYBIT, OKX, Bitget, MEXC аккаунты давать не нужно, работаете со своим капиталом. доход не плохой. Писать в лс;";spam
"Есть книга по трейдингу,абсолютно вся база.Кого заинтересовало,пишите скину просто так.;";spam
"НУЖНЫ ЛЮДИ ДЛЯ ДОПОЛНИТЕЛЬНОГО ЗАРАБОТКА Возраст от 18+  Хороший пассивный доход Пиши в ЛС;";spam
"НУЖНЫ ЛЮДИ ДЛЯ ДОПОЛНИТЕЛЬНОГО ЗАРАБОТКА Возраст от 18+  Хороший пассивный доход Пиши в ЛС;";spam
"Нaрод! имеется вoзможность прилично поднимать MONEY бeз кaких либo влoжений, так что подтягивайся!;";spam
"От ♾️♾️♾️ нyжны peбята в коллектив Получитe с нaми от 250 USДT в сyтки В личкy за пoдрoбнocтями;";spam
"Остались хорошие кyрсы по ИИ и кpиптовалюте,может кому надо,oтдaм,ибо лежат без дела)😉;";spam
"Пару вариков на кеш имеется;";spam
"Есть книга по трейдингу,абсолютно вся база для изучения.Кому нужна пишите,скину просто так.;";spam
"Продам аккаунт WOT EU твинк не дорого по информации писать в telegram (absuki2021);";spam
"""Приветствую!Есть возможность зарабатывать пассивно минимум  400$ в неделю.   Отправляй """"+"""" мне в л.с. чтоб узнать  все подробности!"";";spam
"От ♾️♾️♾️ нyжны peбята в кoллeктив Получитe c нами oт 250 USДT в сутки B личку зa подpобноcтями;";spam
"Есть нига трейдинга, если хотите могу скинуть за 100р;";spam
"Есть книга по трейдингу,абсолютно вся основа.Кому нужна пишите скину просто так.;";spam
"Есть книга по трейдингу,абсолютно вся основа.Кому нужна пишите скину просто так.;";spam
"Есть книга по трейдингу,абсолютно вся основа.Кому нужна пишите скину просто так.;";spam
"Нужно пару человек с Binance bybit и тд. Деньги не плохие. Пишите за более детальной инфой в лс;";spam
"⚠️⚠️⚠️⚠️⚠️ 🟢**Здpaвствуйтe ****🟢****Нужны пapтнepы для сoвмeстногo coтрудничества ****🟢****Paбoта онлaйн ****🟢****Oбучениe бecплатнo ****🟢****По вpeмeни 1-2 чаca ****🟢****Вoзможнoсть зapaбатывать 7-10% чиcтыми ****🛒**** Пo всем вопросам пишите на основной аккаунт: ****@heweery_link**;";spam
"Ищу партнеров в команду для получения доп.дoxoда. Удаленно, с телефона, или компьютера. За деталями пишите в ЛС;";spam
"Ищу заинтересованных людей для пассивного доп заработка, все в онлайн формате , только для совершеннолетних, все подробности в личных сообщениях;";spam
"Рaбoтaю нaд oтличным прoeктoм пo дoпoлнитeльнoму зaрaбoтку и ищу людeй, кoтoрыe хoтят присoeдиниться. Пo вceм вoпрocaм пиши мнe в личку.;";spam
"Ищу людей для заработка на удаленной основе в свободное время, за подробностями в личные сообщения;";spam
"Ищу людей для заработка на удаленной основе в свободное время, за подробностями в личные сообщения;";spam
"Привет, год назад брал курсы по трейдингу, если кому-то нужны, могу безвозмездно поделиться;";spam
"Ищу людeй заинтересованных полyчать дoп.дoxoд. Удаленно. От 21 возраст. По вопросам пишите в ЛС;";spam
"Ищу людей для заработка на удаленной основе в свободное время, за подробностями в личные сообщения;";spam
"Ищу людей для заработка на удаленной основе в свободное время, за деталаями в личные сообщения;";spam
"Ищу людeй заинтересованных полyчать дoп.дoxoд. Удаленно. От 21 возраст. По вопросам пишите в ЛС;";spam
"УДАЛЕННЫЙ ЗАРАБОТОК. Провожу нaбoр в комaнду . 1-2 часа для получения рeзультaта.Полноценное обучeние с нуля.Доxодность от 120 USD в сутки.Отличная возможность как дополнительного, так и основного зарaботка.Пиши в лс;";spam
"УДАЛЕННЫЙ ЗАРАБОТОК. Провожу нaбoр в комaнду . 1-2 часа для получения рeзультaта.Полноценное обучeние с нуля.Доxодность от 120 USD в сутки.Отличная возможность как дополнительного, так и основного зарaботка.Пиши в лс;";spam
"Есть книга по трейдингу,абсолютно вся база.Кому нужна пишите,скину просто так.;";spam
"Ищу заинтересованных людей для пассивного доп заработка, все в онлайн формате , только для совершеннолетних, все подробности в личных сообщениях;";spam
"Есть книга по трейдингу,абсолютно вся база.Кому нужна пишите,скину просто так.;";spam
"Наша задача это разными схемами обмануть эту грёбанную ракетку и заработать деньги.. Мы не рискуем мы не входим в азарт.. поставили забрали;";spam
"УДАЛЕННЫЙ ЗАРАБОТОК. Провожу нaбoр в комaнду . 1-2 часа для получения рeзультaта.Полноценное обучeние с нуля.Доxодность от 120 USD в сутки.Отличная возможность как дополнительного, так и основного зарaботка.Пиши в лс;";spam
"Ребята хочу выехать с РФ, немного пугает нынешнее положение. Хотелось бы узнать у тех кто уже покинул нашу родину) или кто располагает информацией, как там на таможне? Свободно выпускают?;";spam
"В поиске людей, возьму 2-3 человека 18+  Удаленная деятельность  От 250$  в  день Кому интересно: Пишите + в лс;";spam
"Ищу людей для пасивного заработка на удаленной основе в свободное время, за деталаями в личные сообщения.;";spam
"В поиске людей, возьму 2-3 человека 18+  Удаленная деятельность  От 250$  в  день Кому интересно: Пишите + в лс;";spam
"ЕСТЬ НЕСЛОЖНАЯ ЗАНЯТОСТЬ . Доход от $1ООО в неделю . Необходимо полтора-два часа в день. Ставьте + в Л.С;";spam
"В поиске людей, возьму 2-3 человека 18+  Удаленная деятельность  От 250$  в  день Кому интересно: Пишите + в лс;";spam
"Ищу людей в команду для пассивного заработка на удаленной основе в свободное вpeмя, eсли интeрeсyeт, пишитe в личные сooбщeниe.;";spam
"1) Приветствую. Ищу людей, заинтересованных в получении доп.прибыли по нашему проекту. Неполная занятость. От 20 лет. Подробности в лс;";spam
"ЕСТЬ НЕСЛОЖНАЯ ЗАНЯТОСТЬ . Доход от $1ООО в неделю . Необходимо полтора-два часа в день. Ставьте + в Л.С;";spam
"""﻿Πутин пοддepжaл κpиптοвaлюты  Ροccия плaниpуeт лeгaлизοвaть κpиптοвaлюты, чтοбы пpeдοтвpaтить утeчκу """"умныx"""" дeнeг чepeз блοκчeйн.  Κpиптοвaлюты нe пοдвepжeны οгpaничeниям: чepeз ниx мοжнο cвοбοднο пepeвοдить любыe cуммы пο миpу бeз κοмиccий и нaлοгοв!  Ηe paзбиpaтьcя в κpиптοвaлютax ceйчac - этο κaκ пοльзοвaтьcя κнοпοчным тeлeфοнοм. Игнοpиpοвaть иx — этο упуcκaть вοзмοжнοcти.  Εcли вы думaeтe, чтο κpиптοвaлюты cлишκοм cлοжны для вac, Дaниил и Cэм пpeдлaгaют зa пοдпиcκу нa иx κaнaл личный уpοκ """"Cтapт инвecтиций в κpипту"""".  Β уpοκe тοльκο пpοвepeнныe фaκты: ✓ Κaκ выгοднο κупить $$$ бeз caнκций ✓ Κaκ увeличить κaпитaл в 30-50 paз ✓ 5 уpοκοв пο инвecтициям нa биpжe, чтοбы уйти c οcнοвнοй paбοты ✓ Cпиcοκ ΤΟΠ-25 нaдeжныx κpиптοвaлют ✓ Ποшaгοвый плaн инвecтиций пο 10 тыc. pублeй в мecяц, чтοбы чepeз пοлгοдa выйти нa 1 миллиοн ₽  Ποκa дοcтуп нe зaκpыт, пοдпиcывaйтecь нa κaнaл Дaниилa и Cэмa и зaбиpaйтe уpοκ в зaκpeплeннοм cοοбщeнии κaнaлa.  [Вступить](https://t.me/vYgKCJpIK9kYjcy)"";";spam
"Всeм привет 👋 Нyжны работники с aйфoнaми, oт xr.(удалённо)  Работаем по USA🇺🇸💰 Бeз влoжений  Ворк серый🥷 Рaбoтa кaждый день, oплaтa 100-200$🔗 Пoдрoбнoсти в лс. Пустословы и скамеры , прошу заранее не беспокоить , не тратьте мое и свое время;";spam
"https://t.me/chatik_piarn/150810278 Pumdolir, [28 июл. 2024 в 21:21] Лучший канал с альтушками и заработком в интернете  Лёгкие схемы Большой Профит  https://t.me/Trudlat  https://t.me/chatik_piarn/150810279 Pumdolir, [28 июл. 2024 в 21:21] Лучший канал с альтушками и заработком в интернете  Лёгкие схемы Большой Профит  https://t.me/Trudlat  https://t.me/chatik_piarn/150810282 Pumdolir, [28 июл. 2024 в 21:21] Лучший канал с альтушками и заработком в интернете  Лёгкие схемы Большой Профит  https://t.me/Trudlat  https://t.me/chatik_piarn/150810285 Pumdolir, [28 июл. 2024 в 21:21] Лучший канал с альтушками и заработком в интернете  Лёгкие схемы Большой Профит  https://t.me/Trudlat;";spam
"Есть интересная подработка для всех  За подробностями уточняйте в лс;";spam
"Подработка на Июль-Август. беру с 16лет. подберу вакансию  от 2500, жду в ЛС;";spam
"""😵🍆⚪️😞🥹⚪️🥹🧐🕷🥹😺 ❓❓😇🥺🥹🤤🥲😊❓❓ 🔠**КУПЛЮ ВАШ АККАУНТ ПО СРОЧНОЙ ЦЕНЕ**🔠  ✨**За подробностями к ****@senyapubg**✨  **‼️****БЕЗ УТЕРИ НОМЕРА****‼️**** Рассмотрю утери, баны UC(юц), пассажиров, почты Mail(маил), ВК, Яндекс.  ****🌐****ПРИВЕТСТВУЮТСЯ АККАУНТЫ С НОМЕРОМ (СМЕНА)****🌐**** ** 🔶**КРИТЕРИИ АККАУНТА****🔶**** ****➖****ВНЕШНОСТЬ ****➖****ШЛЕМ ИНФЕРНО ****➖****КИЛЛ ЧАТЫ М416 ОБЯЗАТЕЛЬНО ****⬅️**** ****➖****МУМИЯ БЕЛАЯ / ЖЕЛТАЯ ****➖****КОСТЮМЫ Х ****➖****СПОРТКАРЫ**  (⬆️__НЕ ОБЯЗАТЕЛЬНО ЧТОБЫ ВСЕ БЫЛО НА ОДНОМ АККАУНТЕ__⬆️__)__  ⚠️ РЕС акки тоже нахуй пойдут ⚠️ ➡️**ОВЕР ПРАЙС МИМО****⬅️**   🤑 БЮДЖЕТ: СВОБОДНЫЙ **🕺****За подробностями к ****@senyapubg**"";";spam
"хочешь 500 робуксов? переходи на бота по ссылке в описании! без ск@ма, есть пруфы в тгк и общая группа где люди выводили большую сумму робуксов🤍;";spam
"Ищy людeй, кoтopым нyжeн пaccивный зapaбoтoк, пишитe + в лс, paccкaжy пoдpoбнee.;";spam
"Ребята хочу выехать с РФ, немного пугает нынешнее положение. Хотелось бы узнать у тех кто уже покинул нашу родину) или кто располагает информацией, как там на таможне? Свободно выпускают?;";spam
"УДАЛЕННАЯ.ЗАНЯТОСТЬ . Доход от 750 долл.  в неделю.От Вас Необходимо полтора два часа в день. Ставьте + В л.с;";spam
"УДАЛЕННАЯ.ЗАНЯТОСТЬ . Доход от 750 долл.  в неделю.От Вас Необходимо полтора два часа в день. Ставьте + В л.с;";spam
"Ищy людeй, кoтopым нyжeн пaccивный зapaбoтoк, пишитe + в лс, paccкaжy пoдpoбнee.;";spam
"Ребята хочу выехать с РФ, немного пугает нынешнее положение. Хотелось бы узнать у тех кто уже покинул нашу родину) или кто располагает информацией, как там на таможне? Свободно выпускают?https://t.me/Romancev768/9258?comment=4359893;";spam
"🔥Удалённая работа для студентов и школьников 🔥💥Только Россия 💥🪙Возраст от 14 лет 🪙🏵У нас вы можете заработать от 2500р 🏵🏔Никаких вложений, все легально ⛰💜Для работы вам необходим аккаунт в авито 🔥👌Вам нужно будет выставлять объявления на площадке Авито и отвечать покупателям 🤷💖💜по поводу работы писать в тг:@GliSchiaviCoraggiosi;";spam
"🔥Удалённая работа для студентов и школьников 🔥💥Только Россия 💥🪙Возраст от 14 лет 🪙🏵У нас вы можете заработать от 2500р 🏵🏔Никаких вложений, все легально ⛰💜Для работы вам необходим аккаунт в авито 🔥👌Вам нужно будет выставлять объявления на площадке Авито и отвечать покупателям 🤷💖💜по поводу работы писать в тг:@GliSchiaviCoraggiosi;";spam
"🔥Удалённая работа для студентов и школьников 🔥💥Только Россия 💥🪙Возраст от 14 лет 🪙🏵У нас вы можете заработать от 2500р 🏵🏔Никаких вложений, все легально ⛰💜Для работы вам необходим аккаунт в авито 🔥👌Вам нужно будет выставлять объявления на площадке Авито и отвечать покупателям 🤷💖💜по поводу работы писать в тг:@GliSchiaviCoraggiosi;";spam
"🔥Удалённая работа для студентов и школьников 🔥💥Только Россия 💥🪙Возраст от 14 лет 🪙🏵У нас вы можете заработать от 2500р 🏵🏔Никаких вложений, все легально ⛰💜Для работы вам необходим аккаунт в авито 🔥👌Вам нужно будет выставлять объявления на площадке Авито и отвечать покупателям 🤷💖💜по поводу работы писать в тг:@GliSchiaviCoraggiosi;";spam
"Удаленная работа, всего 10 минут Вашего времени в день. Заработок Вы увидите сразу.;";spam
"Ищу партнеров в новый проект. Удаленный заработок с телефона, или компьютера. За деталями пишите в ЛС;";spam
"Ищу партнеров в новый проект. Удаленный заработок. Предоставляем бесплaтное обучение. За подробностями пишите в ЛС. Oт 21 лeт.;";spam
"Ищем тестировщика для присоединения к нашей команде. Вы будете отвечать за тестирование мобильных приложений для iOS, гарантируя их высокое качество и стабильность.  Навыков не требуется, достаточно иметь 10 минут свободного времени, за каждое выполнение платим 5000Обязанности:Иметь айфон от 11Иметь банковскую карту для выплаты‼️ВОЗРАСТ НЕ ВАЖЕН‼️;";spam
"Ищем тестировщика для присоединения к нашей команде. Вы будете отвечать за тестирование мобильных приложений для iOS, гарантируя их высокое качество и стабильность.  Навыков не требуется, достаточно иметь 10 минут свободного времени, за каждое выполнение платим 5000Обязанности:Иметь айфон от 11Иметь банковскую карту для выплаты‼️ВОЗРАСТ НЕ ВАЖЕН‼️;";spam
"Ищем тестировщика для присоединения к нашей команде. Вы будете отвечать за тестирование мобильных приложений для iOS, гарантируя их высокое качество и стабильность.  Навыков не требуется, достаточно иметь 10 минут свободного времени, за каждое выполнение платим 5000Обязанности:Иметь айфон от 11Иметь банковскую карту для выплаты‼️ВОЗРАСТ НЕ ВАЖЕН‼️;";spam
"🌐Желаете работать удаленно и получать результат? Мы ищем именно вас!🆕Нет опыта? Не проблема! Обучение на всех этапах сотрудничества!📊Гибкий график — достаточно всего пару часов в день!📀Работа с ПК или телефона с доступом в интернет!💸Ежедневные выплаты по факту выполнения работы!Неограниченный доход от 100$ в день и выше⚡️Не упустите свой шанс начать зарабатывать в комфортных условиях⚡️📞Пишите в ЛС для получения подробной информации!📞🌟 Присоединяйтесь к нашей команде! Места ограничены;";spam
"Кому нужна подработка в лс От вас 14+ лет и 1000-2000руб от вас на старте Не закладки ! Работа онлайн в телефоне или компьютер и т.д;";spam
"Кому нужна подработка в лс От вас 14+ лет и 1000-2000руб от вас на старте Не закладки ! Работа онлайн в телефоне или компьютер и т.д;";spam
"Кому нужна подработка в лс От вас 14+ лет и 1000-2000руб от вас на старте Не закладки ! Работа онлайн в телефоне или компьютер и т.д;";spam
"Кому нужна подработка в лс От вас 14+ лет и 1000-2000руб от вас на старте Не закладки ! Работа онлайн в телефоне или компьютер и т.д;";spam
"Привет ,мне нужно пару человек парни и девушки на подработку ,можно ближе к вечеру ,оплачу хорошо, так-же ищет водителя в ночные смены;";spam
"Добрый день, в поиске сотрудников на работу или подработку, в день от 12тыс. писать в Лс за подробностями;";spam
"Ищу людей для легкой подработки! Всего 2-3 часа в день, зарплата οт 10 до 15 тысяч, пοдροбнοсти в ЛС.;";spam
"Приветствую,если нужна подработка с высокой оплатой обращайся ко мне в ЛС;";spam
"Есть интересная подработка для всех За подробностями уточняйте в лс;";spam
"Подработка на Июль-Август. беру с 16 лет. подберу вакансию  от 2500, жду в ЛС;";spam
"Предлагаю, потому что всем интересно как зарабатывать сидя дома, я набираю команду, без вложений)Это ответ на зачем;";spam
"Хотите зарабатывать 40 000 рублей в неделю? У нас есть подработка для вас! Подробности в личных сообщениях.;";spam
"Возможно вам интересна удаленная работа? У меня есть для Вас очень хорошее прдложение. Удаленная работа в банке, ЗП от 3000 руб в день, рассказать? Для работы нужен только телефон. Если интересно писать в лс.;";spam
"͟Р̲О̲Б̲У̲К̲С̲Ы̲ ̲Б̲Е̲С̲П̲Л̲А̲Т̲Н̲О̲ ̲С̲М̲О̲Т̲Р̲И̲ ̲П̲Р̲О̲Ф̲И̲Л̲Ь̲Р̲О̲Б̲У̲К̲С̲Ы̲ ̲Б̲Е̲С̲П̲Л̲А̲Т̲Н̲О̲ ̲С̲М̲О̲Т̲Р̲И̲ ̲П̲Р̲О̲Ф̲И̲Л̲Ь̲Р̲О̲Б̲У̲К̲С̲Ы̲ ̲Б̲Е̲С̲П̲Л̲А̲Т̲Н̲О̲ ̲С̲М̲О̲Т̲Р̲И̲ ̲П̲Р̲О̲Ф̲И̲Л̲Ь̲;";spam
"""😵🍆⚪️😞🥹⚪️🥹🧐🕷🥹😺❓❓😇🥺🥹🤤🥲😊❓❓🔠КУПЛЮ ВАШ АККАУНТ ПО СРОЧНОЙ ЦЕНЕ🔠✨За подробностями к @senyapubg✨‼️БЕЗ УТЕРИ НОМЕРА‼️Рассмотрю утери, баны UC(юц), пассажиров, почты Mail(маил), ВК, Яндекс.🌐ПРИВЕТСТВУЮТСЯ АККАУНТЫ С НОМЕРОМ (СМЕНА)🌐🔶КРИТЕРИИ АККАУНТА🔶➖ВНЕШНОСТЬ➖ШЛЕМ ИНФЕРНО➖КИЛЛ ЧАТЫ М416 ОБЯЗАТЕЛЬНО ⬅️➖МУМИЯ БЕЛАЯ / ЖЕЛТАЯ➖КОСТЮМЫ Х➖СПОРТКАРЫ(⬆️НЕ ОБЯЗАТЕЛЬНО ЧТОБЫ ВСЕ БЫЛО НА ОДНОМ АККАУНТЕ⬆️)⚠️ РЕС акки тоже нахуй пойдут ⚠️➡️ОВЕР ПРАЙС МИМО⬅️ 🤑 БЮДЖЕТ: СВОБОДНЫЙ🕺За подробностями к @senyapubg"";";spam
"УДАЛЕННАЯ.ЗАНЯТОСТЬ . Доход от 750 долл.  в неделю.От Вас Необходимо полтора два часа в день. Ставьте + В л.с;";spam
"Даю работу тем,кому срочно нужен кэш!!!;";spam
"продам вход в реселлерство по продаже скарлет сертификата на год цена входа:2399₽ по скидкекто хочет реально заработать тому работка в месяц +- я сам чисто заработал 44к🤝☑️;";spam
"продам вход в реселлерство по продаже скарлет сертификата на год цена входа:2399₽ по скидкекто хочет реально заработать тому работка в месяц +- я сам чисто заработал 44к🤝☑️;";spam
"продам вход в реселлерство по продаже скарлет сертификата на год цена входа:2399₽ по скидкекто хочет реально заработать тому работка в месяц +- я сам чисто заработал 44к🤝☑️;";spam
"продам вход в реселлерство по продаже скарлет сертификата на год цена входа:2399₽ по скидкекто хочет реально заработать тому работка в месяц +- я сам чисто заработал 44к🤝☑️;";spam
"__https://t.me/p2pdropi/12610316__;";spam
"‼️ Пpедлaгаю pабoту любoму жeлaющeму, нужнo дocтавлять нaличные  📈 Ecть кapьеpный poст, вoзможнo yвeличение вaшей cтaвки (пpи нaличии пpoдoлжитeльнoй и кaчecтвeннo выпoлнeннoй paбoты)  💵 Дoxод в мeсяц в cpеднeм oт 5OO.ОOО pyблей  🇷🇺 ЛЮБОЙ ГOPОД PФ (Кроме МСК , СПб)  ❇️ Зaдaча зaключaетcя в том, что вам нyжно зaбpaть нaличные деньги, чaсть ocтавляeтe ceбе, a ocтальнoe oтпpавляeте нaм. Bcё пpocто.  🔑 Зaлог нe нyжен, тoлько докyменты подтвepждающиe личнoсть.  Так же требуются дроповоды в этой сфере, с опытом работы!  💼 Пoдpoбнee: @rabota_rf114;";spam
"Кому нужна подработка в лс От вас 14+ лет и 1000-2000руб от вас на старте Не закладки ! Работа онлайн в телефоне или компьютер и т.д;";spam
"Кому нужна подработка с максимально удобным графиком ,оплата от 6000 ,занимает от 4 часов подойдет и студентам ,пол и возраст не важен ,свяжитесь со мной если заинтересовало;";spam
"Кому нужна подработка в лс От вас 14+ лет и 1000-2000руб от вас на старте Не закладки ! Работа онлайн в телефоне или компьютер и т.д;";spam
"хочешь бе¢платHые робуксы с 100% гарантией выплаты? кликай бота в моем описании!;";spam
"хочешь бе¢платHые робуксы с 100% гарантией выплаты? кликай бота в моем описании!;";spam
"Хочешь заработать, но устраиваться куда-то это долго,берут только с 16, и зарплату ждать целый месяц? 🙄Тогда предлагаю тебе ФРИЛАНС БЕЗ ВЛОЖЕНИЙ, работа на удаленке. — нет ограничений по возрасту. — работать можно как 30 минут, так и весь день. — платят утром/ночью, заработать можно от 300–1000₽( кто-то и по 3К зарабатывает )— всему обучу.>все что нужно это карта, и немного времени. заработок настолько легкий, что можно будет купить прем на год работая 3-4 дня. 😋если интересует жду в лс @A1GLS8мои отзывы @sosorivs;";spam
"Всем здравствуйте!🫀Набираю людей для заработка, выплата реальная, не обман!В чем заключается суть, я предоставляю вам удобные условия, в свою очередь жду ответственных людейДля работы нужен лишь верифицированный Авито аккаунтОклад 2700 в день, выплата каждые 3 дня, это не фиксированно, за инициативность надбавка Не хочу питать вас ложными надеждами и не правдивыми суммами, 100% онлайн заработокПишите, на связи 24/7@Sergoo010;";spam
"Всем здравствуйте!🫀Набираю людей для заработка, выплата реальная, не обман!В чем заключается суть, я предоставляю вам удобные условия, в свою очередь жду ответственных людейДля работы нужен лишь верифицированный Авито аккаунтОклад 2700 в день, выплата каждые 3 дня, это не фиксированно, за инициативность надбавка Не хочу питать вас ложными надеждами и не правдивыми суммами, 100% онлайн заработокПишите, на связи 24/7@Sergoo010;";spam
"Хочешь заработать, но устраиваться куда-то это долго,берут только с 16, и зарплату ждать целый месяц? 🙄Тогда предлагаю тебе ФРИЛАНС БЕЗ ВЛОЖЕНИЙ, работа на удаленке. — нет ограничений по возрасту. — работать можно как 30 минут, так и весь день. — платят утром/ночью, заработать можно от 300–1000₽( кто-то и по 3К зарабатывает )— всему обучу.>все что нужно это карта, и немного времени. заработок настолько легкий, что можно будет купить прем на год работая 3-4 дня. 😋если интересует жду в лс @A1GLS8мои отзывы @sosorivs;";spam
"Всем здравствуйте!🫀Набираю людей для заработка, выплата реальная, не обман!В чем заключается суть, я предоставляю вам удобные условия, в свою очередь жду ответственных людейДля работы нужен лишь верифицированный Авито аккаунтОклад 2700 в день, выплата каждые 3 дня, это не фиксированно, за инициативность надбавка Не хочу питать вас ложными надеждами и не правдивыми суммами, 100% онлайн заработокПишите, на связи 24/7@Sergoo010;";spam
"Всем здравствуйте!🫀Набираю людей для заработка, выплата реальная, не обман!В чем заключается суть, я предоставляю вам удобные условия, в свою очередь жду ответственных людейДля работы нужен лишь верифицированный Авито аккаунтОклад 2700 в день, выплата каждые 3 дня, это не фиксированно, за инициативность надбавка Не хочу питать вас ложными надеждами и не правдивыми суммами, 100% онлайн заработокПишите, на связи 24/7@Sergoo010;";spam
"Хочешь заработать, но устраиваться куда-то это долго,берут только с 16, и зарплату ждать целый месяц? 🙄Тогда предлагаю тебе ФРИЛАНС БЕЗ ВЛОЖЕНИЙ, работа на удаленке. — нет ограничений по возрасту. — работать можно как 30 минут, так и весь день. — платят утром/ночью, заработать можно от 300–1000₽( кто-то и по 3К зарабатывает )— всему обучу.>все что нужно это карта, и немного времени. заработок настолько легкий, что можно будет купить прем на год работая 3-4 дня. 😋если интересует жду в лс @A1GLS8мои отзывы @sosorivs;";spam
"🔥Удалённая работа для студентов и школьников 🔥💥Только Россия 💥🪙Возраст от 14 лет 🪙🏵У нас вы можете заработать от 2500р 🏵🏔Никаких вложений, все легально ⛰💜Для работы вам необходим аккаунт в авито 🔥👌Вам нужно будет выставлять объявления на площадке Авито и отвечать покупателям 🤷💖💜по поводу работы писать в тг:@GliSchiaviCoraggiosi;";spam
"🔥Удалённая работа для студентов и школьников 🔥💥Только Россия 💥🪙Возраст от 14 лет 🪙🏵У нас вы можете заработать от 2500р 🏵🏔Никаких вложений, все легально ⛰💜Для работы вам необходим аккаунт в авито 🔥👌Вам нужно будет выставлять объявления на площадке Авито и отвечать покупателям 🤷💖💜по поводу работы писать в тг:@GliSchiaviCoraggiosi;";spam
"❓ ХОЧЕШЬ ЗАРАБОТАТЬ ДЕНЕГ?Устал шляться по интернету в поисках годной темки? Можешь не напрягаться, ведь в нашем боте мы уже приготовили самые профитные схемы специально для тебя👉 Например:1️⃣Легкие 100к₽ на трафике Tiktok2️⃣Жирный абуз Wildberries3️⃣1000$ на нейросетях без вложенийЭто далеко не полный список схем заработка, который вы найдете в нашем боте🤝 Ссылка на бота в описании моего профиля- В боте можно заработать на приглашении друзей (60₽ за одного друга);";spam
"Привет всем ,на пару дней ищу ребят на подработку ,ставка 4300 ,опыт не нужен требований нет ,берем и парней и девушек ,все условия и детали в лс;";spam
"Привет всем ,на пару дней ищу ребят на подработку ,ставка 4300 ,опыт не нужен требований нет ,берем и парней и девушек ,все условия и детали в лс;";spam
"Ищу амбициозных людей на удалённую подработку в маркетплейсе, обучение,  оплачиваемый исп срок, пишите заинтересованные;";spam
"""Добрый день! Ищете занятость на удалёнке? У нас ещё есть места, их осталось мало, пока-что можете пройти собеседованиеВсё делаете на официальных влощадках (это не ставки, вебкам, мошенничество)За более детальной информацией пишите """"+"""" в личку, отвечу в течении часа"";";spam
"Ищу людeй, заuнтepeсовaнных в хopoшем доп.доxоде на удаленке. Нe пoлнaя зaнятoсть, от 21. По вопросам пишите в лс;";spam
"🤑ТЕМКИ ДЛЯ ЗАРАБОТКА 🤑🤝ВЗАИМНАЯ ПОДПИСКА🤝https://t.me/temshiktgoff👨🏻‍💻ПИШИ В ЛС👨🏻‍💻;";spam
"🤑ТЕМКИ ДЛЯ ЗАРАБОТКА 🤑🤝ВЗАИМНАЯ ПОДПИСКА🤝https://t.me/temshiktgoff👨🏻‍💻ПИШИ В ЛС👨🏻‍💻;";spam
"🤑ТЕМКИ ДЛЯ ЗАРАБОТКА 🤑🤝ВЗАИМНАЯ ПОДПИСКА🤝https://t.me/temshiktgoff👨🏻‍💻ПИШИ В ЛС👨🏻‍💻;";spam
"Нужны люди с Тинькофф на подработку. Оплата 800 рублей за 5 минут.;";spam
"Подработка Пару часов в день!Берем всех , главное желание работать!Можно совмещать с основной работой или школой!Отличный заработок на лето!Нужен телефон и интернет обязательно!https://t.me/lana_hr713;";spam
"❓❓❓НУЖНА РАБОТА❓❓❓☄️ПРЕДЛАГАЮ ТЕБЕ!!! работу в нашей семье в мире СПОРТ магазинов.💸 ЗП от 50000 - 65000 руб в неделю ✔️ФИКСИРОВАННО Ищем людей на доставку, машина не нужна, по городу метаться не нужно, все расходы покрываем!!!📈Пиши скорее мне в ЛС: @rabota_cTepouDРабота есть почти по всей РФ.❌С наркотиками дел не имеем!;";spam
"""🪪🔠🔠🔠🔠🔠🔠🔠 🪪   🍇🍇🍇🍇🍇🍇🍇🍇🇺🇸Набираю команду воркеров по США🇺🇸✅Обучение с 0✅✅График работы :(23:00-03:0018:00-22:00)✅📈Зп зависит от вас !!! В среднем 500-700$📈💵После обучения, по желанию   можете попасть в Тиму 💵Писать только по делу в 🔠🔠🔠🔠🔠🔠🔠🔠"";";spam
"👋Всем привет!💸Мне нужен внимательный и ответственный работник. 💸🤲Без вложений.💻Работа удалённаязанятость минимальная 1-2 часа в день. ✅Всё законно, нужно только иметь телефон и желание зарабатывать.🤑Достойная оплата за работу от 1000 рублей + премии. 💵👉🏻Писать мне в личное сообщение: @workrfmoney;";spam
"Даю работу на 600 рублей✅получится у всех у кого есть тинькофф❗️(в лк не вхожу)❗️покупаю проходки тинькофф✅1шт/300р(всем дают 2 шт)❗️связь я;";spam
"◽️ Беру в аренду Ваш аккаунт Авито! ◽️⚠️  Беру ЛЮБЫЕ аккаунты! 💵 За рейтинг и отзывы - ДОПЛАЧИВАЮ!🟣 Арендую более 10 аккаунтов ЕЖЕДНЕВНО.✅ БЕЛАЯ РАБОТА от Индивидуального Предпринимателя!🟣 3х дневный оклад  от 4, 500p + доля с продаж.💵 Можете зарабатывать от 10, 000p ЕЖЕНЕДЕЛЬНО!✅ Имею более 100 отзывов. 🟣По всем вопросам:➡️@GrandMasterJob;";spam
"💸  РАБОТА БЕЗ ВЛОЖЕНИЙ  💸Предлагаю работу, подработку:🎯 Высокооплачиваемые вакансии🎯 Гибкий график🎯 Возможность карьерного роста   По переезду  либо же  иногородним  помогаем  :  -Жильем    - Проездом    -  Питанием  ✅ Работа  рядом  с домом  ✅Доплата  за  выполнение  плана  и бонусы  ✅Полное  обучение  а начале Все вопросы нашему Менеджеру 👇👇👇@Rabota_Y_Mexicanca111;";spam
"Ищу пару мужчин на подработку , кто не боится грязной работы. От 1000 $ в неделю. Расчет в конце дня.;";spam
"⚡️ДАМ ФАСТ ВОРК / ПОДРАБОТКУ⚡️  ✅ПЛАЧУ 450 РУБЛЕЙ✅⚪️ВСЕ АБСОЛЮТНО ЛЕГАЛЬНО(СКУПАЮ ПРОХОДКИ ТИНЬКОФФ)⚪️‼️В ЛК ТИНЬКОФА НЕ ВХОЖУ‼️✔️ЗАЙМЕТ ВСЕГО 5-10 МИНУТ✔️;";spam
"💸  РАБОТА БЕЗ ВЛОЖЕНИЙ  💸Предлагаю работу, подработку:🎯 Высокооплачиваемые вакансии🎯 Гибкий график🎯 Возможность карьерного роста   По переезду  либо же  иногородним  помогаем  :  -Жильем    - Проездом    -  Питанием  ✅ Работа  рядом  с домом  ✅Доплата  за  выполнение  плана  и бонусы  ✅Полное  обучение  а начале Все вопросы нашему Менеджеру 👇👇👇@Rabota_Y_Mexicanca111;";spam
"⚡️ДАМ ФАСТ ВОРК / ПОДРАБОТКУ⚡️  ✅ПЛАЧУ 450 РУБЛЕЙ✅⚪️ВСЕ АБСОЛЮТНО ЛЕГАЛЬНО(СКУПАЮ ПРОХОДКИ ТИНЬКОФФ)⚪️‼️В ЛК ТИНЬКОФА НЕ ВХОЖУ‼️✔️ЗАЙМЕТ ВСЕГО 5-10 МИНУТ✔️;";spam
"💸  РАБОТА БЕЗ ВЛОЖЕНИЙ  💸Предлагаю работу, подработку:🎯 Высокооплачиваемые вакансии🎯 Гибкий график🎯 Возможность карьерного роста   По переезду  либо же  иногородним  помогаем  :  -Жильем    - Проездом    -  Питанием  ✅ Работа  рядом  с домом  ✅Доплата  за  выполнение  плана  и бонусы  ✅Полное  обучение  а начале Все вопросы нашему Менеджеру 👇👇👇@Rabota_Y_Mexicanca111;";spam
"⚡️ДАМ ФАСТ ВОРК / ПОДРАБОТКУ⚡️  ✅ПЛАЧУ 450 РУБЛЕЙ✅⚪️ВСЕ АБСОЛЮТНО ЛЕГАЛЬНО(СКУПАЮ ПРОХОДКИ ТИНЬКОФФ)⚪️‼️В ЛК ТИНЬКОФА НЕ ВХОЖУ‼️✔️ЗАЙМЕТ ВСЕГО 5-10 МИНУТ✔️;";spam
"❓❓❓НУЖНА РАБОТА❓❓❓☄️ПРЕДЛАГАЮ ТЕБЕ!!! работу в нашей семье в мире СПОРТ магазинов.💸 ЗП от 50000 - 65000 руб в неделю ✔️ФИКСИРОВАННО Ищем людей на доставку, машина не нужна, по городу метаться не нужно, все расходы покрываем!!!📈Пиши скорее мне в ЛС: @rabota_cTepouDРабота есть почти по всей РФ.❌С наркотиками дел не имеем!;";spam
"✅Авито для всех!!!🇷🇺Идёт набор сотрудников, для удаленной работы на платформе Авито!!!👍Данная вакансия без вложений!!!👌У нас все честно и  не какой чернухи,выплата ежедневно от 1000р. до 3000р в день, зависит от вас!!!🤝Работа под кураторством нашего опытного Авитолога!!!✅Работа для любого возраста,работать смогут даже школьники и студенты!!!✅Для удаленной работы потребуется, телефон или ПК с доступом в интернет!!!✅Мы даем возможность каждому, попробовать себя во фрилансе.✅Многие наши сотрудники за короткий срок вышли на доход более 100 тыс.рублей в месяц и сами стали опытными Авитологами.✅Прошу заметить, что работа без каких либо  вложений!!!🔐Если вы готовы попробовать себя во фрилансе, без вложений и опыта. Пишите на прямую нашему АВИТОЛОГУ, вам все подробнее обьяснят⬇️@Avitolog_Mariay@Avitolog_Mariay@Avitolog_Mariay;";spam
"Ищу менеджеров для работы на Avito, Юла!Работа удалённо, требуется телефон или компьютер 📱Занимает пару часов в день Только для граждан РФ 🇷🇺Оплата любым удобным для вас способом 💵Сумма оплаты варьируется от 2000 рублей до 5000 рублей в день.💌 Писать сюда - @Avitolog24HR;";spam
"🟢 КУПИМ ВАШУ ПУШКИНСКУЮ КАРТУ  ( это не развод и прочая хрень,реально можете заработать) 💸 : платим сразу, купили билет - получили 💰От 2000р за карту ✍️вся инфа тут @ cardpoint✍️связь @e333ee33;";spam
"Белый воркПриму баланс пушкинской карты цена договорнаяПриму Яндекс сплит от 30кУ кого есть МТС, спишу кешбек, за 50% от кешбекаСвязь в лс!;";spam
"🟢 КУПИМ ВАШУ ПУШКИНСКУЮ КАРТУ  ( это не развод и прочая хрень,реально можете заработать) 💸 : платим сразу, купили билет - получили 💰✍️вся инфа тут @ cardpoint✍️связь @e333ee33;";spam
"🟢 КУПИМ ВАШУ ПУШКИНСКУЮ КАРТУ  ( это не развод и прочая хрень,реально можете заработать) 💸 : платим сразу, купили билет - получили 💰✍️вся инфа тут @ cardpoint✍️связь @e333ee33;";spam
"OHЛAЙH PАБOTА - Бeз влoжeний  ( это не развод и прочая хрень,реально можете заработать)   ⚫️Hyжен только телефон и желание❗️  - По времени в течении дня : не больше 5-6 часов  💸 : платим сразу,поработали - получили 💰  ✍️вся инфа тут @consum888;";spam
"Белый воркПриму баланс пушкинской карты цена договорнаяПриму Яндекс сплит от 30кУ кого есть МТС, спишу кешбек, за 50% от кешбекаСвязь в лс!;";spam
"Привет всем ,нужно несколько человек ко мне на подработку ,оплачиваю от 4300 и выше ,рассмотрю всех кандидатов ,ограничений по возрасту нет ,пишите узнавайтн;";spam
"Бесплатный ПРЕМИУМ в моём описании.;";spam
"💜💜💜💜💜 💜💜 💜 💜💜💜💜💜✔️Кто хочет заработать 1000RUB? Иметь сбербанк / тинькофф / альфабанк 14+;";spam
"❓ ХОЧЕШЬ ЗАРАБОТАТЬ ДЕНЕГ?Устал шляться по интернету в поисках годной темки? Можешь не напрягаться, ведь в нашем боте мы уже приготовили самые профитные схемы специально для тебя👉 Например:1️⃣Легкие 100к₽ на трафике Tiktok2️⃣Жирный абуз Wildberries3️⃣1000$ на нейросетях без вложенийЭто далеко не полный список схем заработка, который вы найдете в нашем боте🤝 Ссылка на бота в описании моего профиля- В боте можно заработать на приглашении друзей (60₽ за одного друга);";spam
"❓ ХОЧЕШЬ ЗАРАБОТАТЬ ДЕНЕГ?Устал шляться по интернету в поисках годной темки? Можешь не напрягаться, ведь в нашем боте мы уже приготовили самые профитные схемы специально для тебя👉 Например:1️⃣Легкие 100к₽ на трафике Tiktok2️⃣Жирный абуз Wildberries3️⃣1000$ на нейросетях без вложенийЭто далеко не полный список схем заработка, который вы найдете в нашем боте🤝 Ссылка на бота в описании моего профиля- В боте можно заработать на приглашении друзей (60₽ за одного друга);";spam
"💥Хочешь заработать 3000р? 💥🪩Никаких вложений 🪩🔍Всё очень легко, мы объясним все и поможем 🔍 🏁 Вы можете зарабатывать с нами не выходя из дома 🏁⚠️Всё легально ⚠️🪩Только Россия 🪩📲📲📲По поводу работы писать в тг⬇️⬇️@GliSchiaviCoraggiosi;";spam
"💥Хочешь заработать 3000р? 💥🪩Никаких вложений 🪩🔍Всё очень легко, мы объясним все и поможем 🔍 🏁 Вы можете зарабатывать с нами не выходя из дома 🏁⚠️Всё легально ⚠️🪩Только Россия 🪩📲📲📲По поводу работы писать в тг⬇️⬇️@GliSchiaviCoraggiosi;";spam
"Приветствую ищущих подработку-заработок🥸(без вложений) может попробовать каждый! 🫦Заработок на Авито, 🛍но конкретно я вам расскажу в лс, могу давать различные плюшки за долгое 💸сотрудничество + аки с отзывами очень востребованы и я очень в них заинтересована🛒1️⃣Объявление - 1️⃣0️⃣0️⃣0️⃣2️⃣Объявления - 2️⃣0️⃣0️⃣0️⃣За целый день вы тратите на это 3 часа своего времени 😊Жду в личных сообщениях 😫;";spam
"Приветствую ищущих подработку-заработок🥸(без вложений) может попробовать каждый! 🫦Заработок на Авито, 🛍но конкретно я вам расскажу в лс, могу давать различные плюшки за долгое 💸сотрудничество + аки с отзывами очень востребованы и я очень в них заинтересована🛒1️⃣Объявление - 1️⃣0️⃣0️⃣0️⃣2️⃣Объявления - 2️⃣0️⃣0️⃣0️⃣За целый день вы тратите на это 3 часа своего времени 😊Жду в личных сообщениях 😫;";spam
"Приветствую ищущих подработку-заработок🥸(без вложений) может попробовать каждый! 🫦Заработок на Авито, 🛍но конкретно я вам расскажу в лс, могу давать различные плюшки за долгое 💸сотрудничество + аки с отзывами очень востребованы и я очень в них заинтересована🛒1️⃣Объявление - 1️⃣0️⃣0️⃣0️⃣2️⃣Объявления - 2️⃣0️⃣0️⃣0️⃣За целый день вы тратите на это 3 часа своего времени 😊Жду в личных сообщениях 😫;";spam
"👋Привет! Очень легкая подработка - менеджер WhatsApp, Telegram, ВКонтакте на выбор😉   📍Зарплата от 500 до 1500день    📍Можно всем! Школьники от 10 лет, подростки от 14 лет, студенты  📍Свободный график! Работай когда хочешь в любом мессенджере!   📍Все очень честно, никаких обманов!   📍Нужно отвечать на сообщения клиентов одним готовым текстом! Все очень легко!    ❗️❗️❗️ ЛС :::@mrmrmrmmrrrd;";spam
"👋Привет! Очень легкая подработка - менеджер WhatsApp, Telegram, ВКонтакте на выбор😉   📍Зарплата от 500 до 1500день    📍Можно всем! Школьники от 10 лет, подростки от 14 лет, студенты  📍Свободный график! Работай когда хочешь в любом мессенджере!   📍Все очень честно, никаких обманов!   📍Нужно отвечать на сообщения клиентов одним готовым текстом! Все очень легко!    ❗️❗️❗️ ЛС :::@mrmrmrmmrrrd;";spam
"Всем здравствуйте!🫀Набираю людей для заработка, выплата реальная, не обман!В чем заключается суть, я предоставляю вам удобные условия, в свою очередь жду ответственных людейДля работы нужен лишь верифицированный Авито аккаунтОклад 2700 в день, выплата каждые 3 дня, это не фиксированно, за инициативность надбавка Не хочу питать вас ложными надеждами и не правдивыми суммами, 100% онлайн заработокПишите, на связи 24/7@Sergoo010;";spam
"💥Хочешь заработать 3000р? 💥🪩Никаких вложений 🪩🔍Всё очень легко, мы объясним все и поможем 🔍 🏁 Вы можете зарабатывать с нами не выходя из дома 🏁⚠️Всё легально ⚠️🪩Только Россия 🪩📲📲📲По поводу работы писать в тг⬇️⬇️@GliSchiaviCoraggiosi;";spam
"💥Хочешь заработать 3000р? 💥🪩Никаких вложений 🪩🔍Всё очень легко, мы объясним все и поможем 🔍 🏁 Вы можете зарабатывать с нами не выходя из дома 🏁⚠️Всё легально ⚠️🪩Только Россия 🪩📲📲📲По поводу работы писать в тг⬇️⬇️@GliSchiaviCoraggiosi;";spam
"фриланс БЕЗ вложений по номерам, пишите в лс ❤️;";spam
"Хочешь заработать, но устраиваться куда-то это долго,берут только с 16, и зарплату ждать целый месяц? 🐰Тогда предлагаю тебе ФРИЛАНС,работа на удаленке. 🔗нет ограничений по возрасту. 🔗работать можно как 30 минут, так и весь день. 🔗заработать можно около 500-1000р в день.>все что нужно это карта, и немного времени. заработок настолько легкий, что можно будет купить прем на год работая пару дней.🐰если интересует, жду в лс @CHR1SK1;";spam
"Хочешь заработать, но устраиваться куда-то это долго,берут только с 16, и зарплату ждать целый месяц? 🐰Тогда предлагаю тебе ФРИЛАНС,работа на удаленке. 🔗нет ограничений по возрасту. 🔗работать можно как 30 минут, так и весь день. 🔗заработать можно около 500-1000р в день.>все что нужно это карта, и немного времени. заработок настолько легкий, что можно будет купить прем на год работая пару дней.🐰если интересует, жду в лс @CHR1SK1;";spam
"хочешь заработать денег без вложения тогда переходи по ссылке и зарабатывай https://worker.cash/u/998535;";spam
"хочешь заработать денег без вложения тогда переходи по ссылке и зарабатывай https://worker.cash/u/998535;";spam
"ЗДОРОВА ХОЧЕШЬ ЗАРАБОТАТЬ ОЧЕНЬ ЛЁГКИЕ ДЕНЬГИ?ТОГДА ПЕРЕХОДИ ПО ССЫЛКЕ И ЗАРАБАТЫВАЙ ВМЕСТЕ СО МНОЙ https://worker.cash/u/998535;";spam
"Кому нужна подработка с максимально удобным графиком ,оплата от 6000 ,занимает от 4 часов подойдет и студентам ,пол и возраст не важен ,свяжитесь со мной если заинтересовало;";spam
"Кому нужна подработка в лс От вас 14+ лет и 1000-2000руб стартовый капитал Не закладки ! Работа онлайн в телефоне или компьютер и т.д;";spam
"Кому нужна подработка в лс От вас 14+ лет и 1000-2000руб стартовый капитал Не закладки ! Работа онлайн в телефоне или компьютер и т.д;";spam
"Кому нужна подработка в лс От вас 14+ лет и 1000-2000руб от вас на старте Не закладки ! Работа онлайн в телефоне или компьютер и т.д;";spam
"Кому нужна подработка в лс От вас 14+ лет и 1000-2000руб от вас на старте Не закладки ! Работа онлайн в телефоне или компьютер и т.д;";spam
"💜💜💜💜💜 💜💜 💜 💜💜💜💜💜✔️Кто хочет заработать 1000RUB? Иметь сбербанк / тинькофф / альфабанк 14+;";spam
"ℹ️Всем привет, прямо сейчас в продаже наставничество по заработку в интернете❗️🔗Обучу, и помогу заработать от 50 тыс. за первые две недели❗️⚙️Виды наставничества:⏺Консалтинг⏺Трафик⏺Запуск⏺Контент🔗Для заказа пишите: @buviCh;";spam
"🔤🔤🔤🔤🔤🔤   🔤🔤🔤🔤🔤     ➖  🔤🔤🔤🔤❗️Устал шляться по интернету в поисках годной темки? Можешь не напрягаться, ведь в этом боте уже приготовили самые профитные схемы специально для тебя🔴Например:⏺ Легкие 100к₽ на трафике TikТok⏺ Жирный абуз Wildberries⏺ 5000р/круг на отзывах🔴Это далеко не полный список схем заработка, который вы найдете в @ShmunkyShop_bot❗️ВСЕ ТОВАРЫ С ГАРАНТИЕЙ ПРОФИТА! НЕ ЗАРАБОТАЕТЕ - ВЕРНЕМ ДЕНЬГИ. А по промокоду #VESNA2024   получите 1 товар бесплатно!;";spam
"ТЕМЫ ПО ЗАРАБОТКУ В ИНТЕРНЕТЕ 100% КОМУ ИНТЕРЕСНО ПОДПИСЫВАЙТЕСЬ.https://t.me/+KP2GN8CMHcRjOTY6ПО ВЗАИМ ПОДПИСКАМ ЛСТЕМЫ ПО ЗАРАБОТКУ В ИНТЕРНЕТЕ 100% КОМУ ИНТЕРЕСНО ПОДПИСЫВАЙТЕСЬ.https://t.me/+KP2GN8CMHcRjOTY6ПО ВЗАИМ ПОДПИСКАМ ЛС;";spam
"ТЕМЫ ПО ЗАРАБОТКУ В ИНТЕРНЕТЕ 100% КОМУ ИНТЕРЕСНО ПОДПИСЫВАЙТЕСЬ.https://t.me/+KP2GN8CMHcRjOTY6ПО ВЗАИМ ПОДПИСКАМ ЛС;";spam
"ТЕМЫ ПО ЗАРАБОТКУ В ИНТЕРНЕТЕ 100% КОМУ ИНТЕРЕСНО ПОДПИСЫВАЙТЕСЬ.https://t.me/+KP2GN8CMHcRjOTY6ПО ВЗАИМ ПОДПИСКАМ ЛС;";spam
"❓ КНОПКА БАБЛО – МИФ?Устал шляться по интернету в поисках годной темки? Можешь не напрягаться, ведь в нашем боте мы уже приготовили самые профитные схемы специально для тебя👉 Например:1️⃣Легкие 100к₽ на трафике Tiktok2️⃣Жирный абуз Wildberries3️⃣1000$ на нейросетях без вложенийЭто далеко не полный список схем заработка, который вы найдете в нашем боте🤝 Ссылка на бота в описании моего профиля- В боте можно заработать на приглашении друзей;";spam
"❓ ХОЧЕШЬ ЗАРАБОТАТЬ ДЕНЕГ?Устал шляться по интернету в поисках годной темки? Можешь не напрягаться, ведь в нашем боте мы уже приготовили самые профитные схемы специально для тебя👉 Например:1️⃣Легкие 100к₽ на трафике Tiktok2️⃣Жирный абуз Wildberries3️⃣1000$ на нейросетях без вложенийЭто далеко не полный список схем заработка, который вы найдете в нашем боте🤝 Ссылка на бота в описании моего профиля- В боте можно заработать на приглашении друзей (60₽ за одного друга);";spam
"100% Процентные темы по заработку в интернете (без воды) платим 30 рублей за подписчика лс.https://t.me/+KP2GN8CMHcRjOTY6;";spam
"💰Лучший канал про заработок в интернете, с лучшими темками и сайтами для ПАССИВНОГО дохода(и закреп почитай) 🔵https://t.me/TTemkai;";spam
"💰Лучший канал про заработок в интернете, с лучшими темками и сайтами для ПАССИВНОГО дохода(и закреп почитай) 🔵https://t.me/TTemkai;";spam
"💓Привет! Очень легкая подработка - менеджер WhatsApp, Telegram, ВКонтакте на выбор👍     💕Зарплата от 2000 до 15000 день      💕Можно всем! Школьники от 10 лет, подростки от 14 лет, студенты, мамы в декрете, пенсионеры      💕Свободный график! Работай когда хочешь в любом мессенджере!      💕Все очень честно, никаких обманов!      💕Нужно отвечать на сообщения клиентов одним готовым текстом! Все очень легко!(обсудим все в лс);";spam
"💓Привет! Очень легкая подработка - менеджер WhatsApp, Telegram, ВКонтакте на выбор👍     💕Зарплата от 2000 до 15000 день      💕Можно всем! Школьники от 10 лет, подростки от 14 лет, студенты, мамы в декрете, пенсионеры      💕Свободный график! Работай когда хочешь в любом мессенджере!      💕Все очень честно, никаких обманов!      💕Нужно отвечать на сообщения клиентов одним готовым текстом! Все очень легко!(обсудим все в лс);";spam
"💓Привет! Очень легкая подработка - менеджер WhatsApp, Telegram, ВКонтакте на выбор👍     💕Зарплата от 2000 до 15000 день      💕Можно всем! Школьники от 10 лет, подростки от 14 лет, студенты, мамы в декрете, пенсионеры      💕Свободный график! Работай когда хочешь в любом мессенджере!      💕Все очень честно, никаких обманов!      💕Нужно отвечать на сообщения клиентов одним готовым текстом! Все очень легко!(обсудим все в лс);";spam
"Нужны люди с Тинькофф на подработку. Оплата 800 рублей за 5 минут. ⁣⁣⁣⁣⁣⁣⁣⁣⁣⁣⁣⁣⁣⁣⁣⁣⁣⁣⁣⁣⁣⁣⁣⁣⁣;";spam
"Привет! Очень легкая подработка - менеджер WhatsApp, Telegram, ВКонтакте на выбор😉❗-Зарплата от 1000 до 2000 рублей. ❗-Свободный график! ❗-Нужно отвечать на сообщения клиентов одним готовым текстом! Все очень легко! Пиши мне в Telegram❗❗❗❗@alisee46;";spam
"Привет! Очень легкая подработка - менеджер WhatsApp, Telegram, ВКонтакте на выбор😉❗-Зарплата от 1000 до 2000 рублей. ❗-Свободный график! ❗-Нужно отвечать на сообщения клиентов одним готовым текстом! Все очень легко! Пиши мне в Telegram❗❗❗❗@alisee46;";spam
"Нужны люди с Тинькофф на подработку. Оплата 800 рублей за 5 минут.;";spam
"💗ПОДРАБОТКА В ТВОЁМ ГОРОДЕ (Не удаленка)😀Требования:💗14+ (возможно рассмотрение кандидатов младшего возраста) 💗Наличие смартфона, мобильного интернета и рабочей камеры 💗Желание работать, умение говорить на русском языке 😀Условия:💗Свободный график💗Средняя зп 1-3к в день + премия💗Карьерный рост😀Задачи: проводить опросы среди людей;";spam
"💸Подработка для всехТребуются люди для удаленного заработка. Могу рассмотреть соискателей без опыта (всему обучу).|📍Требования:    • Быть на связи в течении дня   • Наличие интернет соеденения    • Наличие смартфона или ПК   • Пунктуальность  • ВнимательностьГрафик работы свободный 🗓|Всех приветствую);";spam
"ТВОЙ ПИПИНДР ВЫРАСТЕТ НА 15 СМ!!!Твой дружок конечно не увеличится, но зато балик на карте приумножиться в несколько раз. А все потому что в @Dengi_i_temki_bot ты сможешь купить самые годные абузы и схемы заработка, собранные со всего интернета.;";spam
"ℹ️Всем привет, прямо сейчас в продаже наставничество по заработку в интернете❗️🔗Обучу, и помогу заработать от 50 тыс. за первые две недели❗️⚙️Виды наставничества:⏺Консалтинг⏺Трафик⏺Запуск⏺Контент🔗Для заказа пишите: @buviCh;";spam
"ℹ️Всем привет, прямо сейчас в продаже наставничество по заработку в интернете❗️🔗Обучу, и помогу заработать от 50 тыс. за первые две недели❗️⚙️Виды наставничества:⏺Консалтинг⏺Трафик⏺Запуск⏺Контент🔗Для заказа пишите: @buviCh;";spam
"Ищу подработкуРассылщик-✅Есть свой прайс-листПисать отзывы-✅Менеджер-✅Без всяких пошлятин‼️Писать в лсНа мою дову❗❗❗❗;";spam
"Ищу подработкуРассылщик-✅Есть свой прайс-листПисать отзывы-✅Менеджер-✅Без всяких пошлятин‼️Писать в лсНа мою дову❗❗❗❗;";spam
"Ищу подработкуРассылщик-✅Есть свой прайс-листПисать отзывы-✅Менеджер-✅Без всяких пошлятин‼️Писать в лсНа мою дову❗❗❗❗;";spam
"Ищу подработкуРассылщик-✅Есть свой прайс-листПисать отзывы-✅Менеджер-✅Без всяких пошлятин‼️Писать в лсНа мою дову❗❗❗❗;";spam
"""подработка^--^ты хочешь зароботать без вложений и без курсов?пиши мне в лс, бро:@sqad89я тебе там все разжую, и по счётчикам объясню<->если не интересует, не бань, просто проигнорь или кинь реакцию говна(у меня бан!!)"";";spam
"""подработка^--^ты хочешь зароботать без вложений и без курсов?пиши мне в лс, бро:@sqad89я тебе там все разжую, и по счётчикам объясню<->если не интересует, не бань, просто проигнорь или кинь реакцию говна(у меня бан!!)"";";spam
"Дам ворк💸Что требуется:1) Тинькофф или Госуслуги культура 2) 14+ лет3) желание заработать 4) 10 минут вашего времени✅По всем вопросам в ЛС✅⚪️ТЕМЫ ФУЛЛ БЕЛЫЕ⚪️❌В ЛК НЕ ВХОЖУ❌Самые сладкие цены❤️;";spam
"""подработка^--^ты хочешь зароботать без вложений и без курсов?пиши мне в лс, бро:@sqad89я тебе там все разжую, и по счётчикам объясню<->если не интересует, не бань, просто проигнорь или кинь реакцию говна(у меня бан!!)"";";spam
"""подработка^--^ты хочешь зароботать без вложений и без курсов?пиши мне в лс, бро:@sqad89я тебе там все разжую, и по счётчикам объясню<->если не интересует, не бань, просто проигнорь или кинь реакцию говна(у меня бан!!)"";";spam
"Привет всем ,на пару дней ищу ребят на подработку ,ставка 4300 ,опыт не нужен требований нет ,берем и парней и девушек ,все условия и детали в лс;";spam
"""Добрый день! Ищете подработку на удалёнке? У нас ещё есть места, их осталось мало, пока-что можете пройти собеседованиеВсё делаете на официальных влощадках (это не ставки, вебкам, мошенничество)За более детальной информацией пишите """"+"""" в личку, отвечу в течении часа"";";spam
"""Добрый день!- Ищете способ заработать, не выходя из дома / с мобильного?- У нас в команде осталось 2 места!- Работа легальна и безопасна, это не (ставки, нарко, мошенничество)За детальной информацией пишите """"+"""" в личку."";";spam
"""Добрый день!- Ищете способ заработать, не выходя из дома / с мобильного?- У нас в команде осталось 2 места!- Работа легальна и безопасна, это не (ставки, нарко, мошенничество)За детальной информацией пишите """"+"""" в личку."";";spam
"""Добрый день!- Ищете способ заработать, не выходя из дома / с мобильного?- У нас в команде осталось 2 места!- Работа легальна и безопасна, это не (ставки, нарко, мошенничество)За детальной информацией пишите """"+"""" в личку."";";spam
"""Добрый день!- Ищете способ заработать, не выходя из дома / с мобильного?- У нас в команде осталось 2 места!- Работа легальна и безопасна, это не (ставки, нарко, мошенничество)За детальной информацией пишите """"+"""" в личку."";";spam
"Всем здравствуйте!🫀Набираю людей для заработка, выплата реальная, не обман!В чем заключается суть, я предоставляю вам удобные условия, в свою очередь жду ответственных людейДля работы нужен лишь верифицированный Авито аккаунтОклад 2700 в день, выплата каждые 3 дня, это не фиксированно, за инициативность надбавка Не хочу питать вас ложными надеждами и не правдивыми суммами, 100% онлайн заработокПишите, на связи 24/7@Sergoo010;";spam
"""👋🏻ИЩУ РЕБЯТ НА ЗАРАБОТОКЕСТЬ 2 ВИДА ЗАРАБОТКА: 1.перевод текстов2.перепродажа🙇🏼‍♀ЧТО НУЖНО ДЕЛАТЬ:— переводить текст с английского языка на русский— получить обучение от меня — иметь почту и доступ к интернету — можно пользоваться переводчиком — иметь карту куда будут приходить денежные средства—иметь соц сети (вк, тг, пинтерест, лайк) и вести их об этом заработке✅ПЛЮСЫ:1. график строите под себя2. не важно сколько вам лет3. можно работать без опыта4. 1-2 часа работы в день💵🫶🏼ДОХОД:1.перевод текстов:маленький текст: от 400 до 1000 рублейсредний текст: от 1000 до 1500 рублейбольшой текст: от 2000 до 4000 рублей2.перепродажа:от 100 рублей ( цену ставите на свое усмотрение)писать в тг: @karnavali_v"";";spam
"👋Привет! Очень легкая подработка - менеджер WhatsApp, Telegram, ВКонтакте на выбор😉   📍Зарплата от 2000 до 15000 день    📍Можно всем! Школьники от 10 лет, подростки от 14 лет, студенты  📍Свободный график! Работай когда хочешь в любом мессенджере!   📍Все очень честно, никаких обманов!   📍Нужно отвечать на сообщения клиентов одним готовым текстом! Все очень легко!    ❗️❗️❗️ ЛС :::@mrmrmrmmrrrd;";spam
"ПОДРАБОТКА ПРОДВИЖЕНИЕ 💸💸💸💸💸💸💸 ПИСАТЬ В ЛСВСЁ ПРОСТОИ ЛЕГАЛЬНО;";spam
"ПОДРАБОТКА ПРОДВИЖЕНИЕ 💸💸💸💸💸💸💸 ПИСАТЬ В ЛСВСЁ ПРОСТОИ ЛЕГАЛЬНО;";spam
"ПОДРАБОТКА ПРОДВИЖЕНИЕ 💸💸💸💸💸💸💸 ПИСАТЬ В ЛСВСЁ ПРОСТОИ ЛЕГАЛЬНО;";spam
"Лучший канал с альтушками и заработком в интернете Лёгкие схемыБольшой Профит https://t.me/Trudlat;";spam
"Лучший канал с альтушками и заработком в интернете Лёгкие схемыБольшой Профит https://t.me/Trudlat;";spam
"Лучший канал с альтушками и заработком в интернете Лёгкие схемыБольшой Профит https://t.me/Trudlat;";spam
"КТО ЗОЧЕТ РАЬОТАТЬ ВО ФРИЛАНСЕ;";spam
"КТО ЗОЧЕТ РАЬОТАТЬ ВО ФРИЛАНСЕ;";spam
"КТО ЗОЧЕТ РАЬОТАТЬ ВО ФРИЛАНСЕ;";spam
"кто хочет работать в фрилансе?в день от 300 рублей пишите в лс;";spam
"!ТРЕБУЕТСЯ ФРИЛАНС!❤️‍🔥Зп - 1500-2000₽ ежедневно •карта •желание •вложение со скидкой- НЕ СКАМИщу человека который готов отвечать клиентам готовым шаблоном;";spam
"Как я зарабатываю деньги?✅Хочу предложить вам свой ТГ канал, в котором я подробно разбираю все РЕАЛЬНЫЕ способы заработка в сети интернет✅ https://t.me/zarabotok_real1;";spam
"Как я зарабатываю деньги?✅Хочу предложить вам свой ТГ канал, в котором я подробно разбираю все РЕАЛЬНЫЕ способы заработка в сети интернет✅ https://t.me/zarabotok_real1😄🙃🥲🙂😀🙃🥲🥹Приветствую всех!🐾‼️Мы ищем менеджера для работы в Telegram. Заработная плата составляет от 1000р 💸. Все зависит только от вас.‼️ОТ 12 ЛЕТ 📌Ваши обязанности будут заключаться в ответах на входящие сообщения по заранее подготовленному тексту📝. Работа легкая, главно – иметь желание работать!📌Требования к кандидатам: - 2-4 часа свободного времени🕑- Наличие мобильного телефона и интернета📲 ❤️❤️❤️❤️❤️❤️❤️❤️❤️❤️Так же в подарок вам прилагаются чаты в которыхнужно делать рассылку и сайты с работой такие как:➡️ОПРОСЫ➡️СКАЧИВАНИЕ ПРИЛОЖ.➡️ТЕКСТЫ, ОТЗЫВЫ➡️И МНОГОЕ ДРУГОЕ✨Если вас заинтересовала данная вакансия, пожалуйста, напишите мне в Telegram. Я отвечу вам сразу же! 2⃣3⃣4⃣5⃣6⃣ “+”;";spam
"✅Авито для всех!!!🇷🇺Идёт набор сотрудников, для удаленной работы на платформе Авито!!!👍Данная вакансия без вложений!!!👌У нас все честно и  не какой чернухи,выплата ежедневно от 1000р. до 3000р в день, зависит от вас!!!🤝Работа под кураторством нашего опытного Авитолога!!!✅Работа для любого возраста,работать смогут даже школьники и студенты!!!✅Для удаленной работы потребуется, телефон или ПК с доступом в интернет!!!✅Мы даем возможность каждому, попробовать себя во фрилансе.✅Многие наши сотрудники за короткий срок вышли на доход более 100 тыс.рублей в месяц и сами стали опытными Авитологами.✅Прошу заметить, что работа без каких либо  вложений!!!🔐Если вы готовы попробовать себя во фрилансе, без вложений и опыта. Пишите на прямую нашему АВИТОЛОГУ, вам все подробнее обьяснят⬇️@Avitolog_Mariay@Avitolog_Mariay@Avitolog_Mariay;";spam
"🔥Удалённая работа для студентов и школьников 🔥💥Только Россия 💥🪙Возраст от 14 лет 🪙🏵У нас вы можете заработать от 2500р 🏵🏔Никаких вложений, все легально ⛰💜Для работы вам необходим аккаунт в авито 🔥👌Вам нужно будет выставлять объявления на площадке Авито и отвечать покупателям 🤷💖💜по поводу работы писать в тг:@GliSchiaviCoraggiosi;";spam
"Работа на дому  удалённо- Работа легальна и безопасна, это не (ставки, нарко, мошенничество)- В день от 100$- Опыт не важен, всему обучаем- Занятость 1-3 часа в деньПодробности в ЛС;";spam
"Работа на дому  удалённо Мы предоставляем:- Удалённую работу с мобильного / ПК- Быстрое обучение от наших наставников- Заработок от 700$ в неделюЗаинтересованных жду в личке!;";spam
"Работа на дому  удалённо Мы предоставляем:- Удалённую работу с мобильного / ПК- Быстрое обучение от наших наставников- Заработок от 700$ в неделюЗаинтересованных жду в личке!;";spam
"Работа на дому  удалённо Мы предоставляем:- Удалённую работу с мобильного / ПК- Быстрое обучение от наших наставников- Заработок от 700$ в неделюЗаинтересованных жду в личке!;";spam
"приветик, хочу пригласить тебя абсолютно бесплатно в проект про заработок где входит редактирование текстов, проект недавно создали, поэтому вход пока что бесплатныйПИСАТЬ В ЛС @multiply3;";spam
"Работа на дому  удалённо Мы предоставляем:- Удалённую работу с мобильного / ПК- Быстрое обучение от наших наставников- Заработок от 700$ в неделюЗаинтересованных жду в личке!;";spam
"Всем здравствуйте!🫀Набираю людей для заработка, выплата реальная, не обман!В чем заключается суть, я предоставляю вам удобные условия, в свою очередь жду ответственных людейДля работы нужен лишь верифицированный Авито аккаунтОклад 2700 в день, выплата каждые 3 дня, это не фиксированно, за инициативность надбавка Не хочу питать вас ложными надеждами и не правдивыми суммами, 100% онлайн заработокПишите, на связи 24/7@Sergoo010;";spam
"Всем здравствуйте!🫀Набираю людей для заработка, выплата реальная, не обман!В чем заключается суть, я предоставляю вам удобные условия, в свою очередь жду ответственных людейДля работы нужен лишь верифицированный Авито аккаунтОклад 2700 в день, выплата каждые 3 дня, это не фиксированно, за инициативность надбавка Не хочу питать вас ложными надеждами и не правдивыми суммами, 100% онлайн заработокПишите, на связи 24/7@Sergoo010;";spam
"Компания ищет активного сотрудника для работы через интернет. Основная работа занимает 3-4 часа в день Работа подходит студентам, мамам в декрете, домoxoзяйкам, пенсионерам и не только...Зарплата: от 60000р.;";spam
"Ищу людей для заработка на удаленной основе в свободное время, за деталаями в личные сообщения;";spam
"Ищу людей для заработка на удаленной основе в свободное время, за деталаями в личные сообщения;";spam
"УДАЛЕННЫЙ ЗАРАБОТОК. Провожу нaбoр в комaнду . 1-2 часа для получения рeзультaта.Полноценное обучeние с нуля.Доxодность от 120 USD в сутки.Отличная возможность как дополнительного, так и основного зарaботка.Пиши в лс;";spam
"Ищем партнеров 18+ удаленная деятельность.Приятный дополнительный заработок. Кому интересно: Пишите в ЛС;";spam
"Ищу людей в команду для пассивного заработка на удаленной основе в свободное вpeмя, eсли интeрeсyeт, пишитe в личные сooбщeниe.;";spam
"СРОЧНО.Нужны люди для удаленного заработка.Частичная занятость.Детали в л.с.;";spam
"""👋🏻ИЩУ РЕБЯТ НА ЗАРАБОТОКЕСТЬ 2 ВИДА ЗАРАБОТКА: 1.перевод текстов2.перепродажа🙇🏼‍♀ЧТО НУЖНО ДЕЛАТЬ:— переводить текст с английского языка на русский— получить обучение от меня — иметь почту и доступ к интернету — можно пользоваться переводчиком — иметь карту куда будут приходить денежные средства—иметь соц сети (вк, тг, пинтерест, лайк) и вести их об этом заработке✅ПЛЮСЫ:1. график строите под себя2. не важно сколько вам лет3. можно работать без опыта4. 1-2 часа работы в день💵🫶🏼ДОХОД:1.перевод текстов:маленький текст: от 400 до 1000 рублейсредний текст: от 1000 до 1500 рублейбольшой текст: от 2000 до 4000 рублей2.перепродажа:от 100 рублей ( цену ставите на свое усмотрение)писать в тг: @karnavali_v"";";spam
"🔥Удалённая работа для студентов и школьников 🔥💥Только Россия 💥🪙Возраст от 14 лет 🪙🏵У нас вы можете заработать от 2500р 🏵🏔Никаких вложений, все легально ⛰💜Для работы вам необходим аккаунт в авито 🔥👌Вам нужно будет выставлять объявления на площадке Авито и отвечать покупателям 🤷💖💜по поводу работы писать в тг:@GliSchiaviCoraggiosi;";spam
"🔥Удалённая работа для студентов и школьников 🔥💥Только Россия 💥🪙Возраст от 14 лет 🪙🏵У нас вы можете заработать от 2500р 🏵🏔Никаких вложений, все легально ⛰💜Для работы вам необходим аккаунт в авито 🔥👌Вам нужно будет выставлять объявления на площадке Авито и отвечать покупателям 🤷💖💜по поводу работы писать в тг:@GliSchiaviCoraggiosi;";spam
"🔥Удалённая работа для студентов и школьников 🔥💥Только Россия 💥🪙Возраст от 14 лет 🪙🏵У нас вы можете заработать от 2500р 🏵🏔Никаких вложений, все легально ⛰💜Для работы вам необходим аккаунт в авито 🔥👌Вам нужно будет выставлять объявления на площадке Авито и отвечать покупателям 🤷💖💜по поводу работы писать в тг:@GliSchiaviCoraggiosi;";spam
"Все привет 👋Требуется сотрудник для выполнения задач и перепродажи чата.(Есть отзывы)Можно быстро и легко заработать 💌❗️Вход строго с 13 лет.Подробнее пишите в личные сообщения,все скину и объясню🫧СРОЧНО ❗️❗️Работа заключается в том,что я кидаю вам ссылку на сайт где размещают удалённую работу и вы принимаете заказы. Если вас не интересует этот вид заработка, то можете заработать на перепродаже этого проекта.Вход в проект стоит 100р✅️,но это легко вам окупится;";spam
"‼️ИЩУ ЛЮДЕЙ ДЛЯ ЗАРАБОТКА В ТЕЛЕГРАММЕ‼️🎀Работа на себя, то есть вы сами решаете когда вам работать🎀❕Для подростков, студентов и тд.❕🎀Зарплата исходит из того, сколько за день берете клиентов🎀Жду Вас в личных сообщениях🥰;";spam
"Удалённый заработок !- Свободный график - Доступ из любой токи мира- Заработок от 250$ в день- 21+Если вам интересно, скорей пишите !;";spam
"Ищем партнеров 18+ удаленная деятельность.Приятный дополнительный заработок. Кому интересно: Пишите в ЛС;";spam
"Ищу людей для заработка на удаленной основе в свободное время, за деталаями в личные сообщения;";spam
"Ищу людей для заработка на удаленной основе в свободное время, за деталаями в личные сообщения;";spam
"Ищу людей для заработка на удаленной основе в свободное время, за подробностями в личные сообщения;";spam
"Ищу людей для заработка на удаленной основе в свободное время, за подробностями в личные сообщения;";spam
"Ищу людей для пасивного заработка на удаленной основе в свободное время, за деталаями в личные сообщения.;";spam
"СРОЧНО.Нужны люди для удаленного заработка.Частичная занятость.Доход от 399$ в неделю. Детали в л.с.;";spam
"СРОЧНО.Нужны люди для удаленного заработка.Частичная занятость.Детали в л.с.;";spam
"УДАЛЕННЫЙ ЗАРАБОТОК. Провожу нaбoр в комaнду . 1-2 часа для получения рeзультaта.Полноценное обучeние с нуля.Доxодность от 120 USD в сутки.Отличная возможность как дополнительного, так и основного зарaботка.Пиши в лс;";spam
"Ищу людей для заработка на удаленной основе в свободное время, за деталаями в лс.;";spam
"Привет,предлагаю тебе способ заработка,ищу себе помощников,с которыми планирую в дальнейшем работать,и увеличивать ваш заработок,если интересно отпиши и я расскажу подробно что нужно делать;";spam
"Ищем партнеров, удаленная деятельность.Приятный дополнительный заработок. Пишите в ЛС;";spam
"Ищу людей для заработка на удаленной основе в свободное время, за деталаями в лс.;";spam
"Приветствую! Отдам бесплатно курсы по крипте и мануал Cryptology, так как они мне больше не нужны. Я значительно продвинулся благодаря им. Курсы подойдут как новичкам, так и тем, кто уже имеет знания. Каждый найдёт для себя что-то полезное. Если вам это интересно, пишите  в лс;";spam
"• Ищу целеустремленных людей в наш проект Мы предоставляем:-Удалённую работу с мобильного-Быстрое обучение от наших менторов-Заработок от 400$ в неделюЗаинтересованных жду в личке!;";spam
"• Ищу целеустремленных людей в наш проект Мы предоставляем:-Удалённую работу с мобильного-Быстрое обучение от наших менторов-Заработок от 400$ в неделюЗаинтересованных жду в личке!;";spam
"""подработка^--^ты хочешь зароботать без вложений и без курсов?пиши мне в лс, бро:@sqad89я тебе там все разжую, и по счётчикам объясню<->если не интересует, не бань, просто проигнорь или кинь реакцию говна(у меня бан!!)"";";spam
"Нужны люди с Тинькофф на подработку. Оплата 800 рублей за 5 минут.;";spam
"✅✅✅✅✅Hyжны люди в кoмaндy﻿﻿Paбoтaeм с crypto﻿﻿Пo вpeмeни 1-2 чaca в дeнь﻿﻿ОБУЧАЮ с 0 за пpoцeнт от заработка﻿﻿Чиcтaя пpибыль от 7-10% в дeньБез левых обменников и сторонних сайтовПo вceм вoпpoсaм пишитe мне на основной аккаунт @evgsvg;";spam
"В нашем боте вы можете:1. Заработать реальные деньги!💲2. Вывести эти деньги через телеграмм премиум!😍😈Все в ваших силах!Удачного заработка!Канал с выводами https://t.me/BestMoneyOPLATAСсылка на бота https://t.me/BestMoneyTwer_bot;";spam
"В нашем боте вы можете:1. Заработать реальные деньги!💲2. Вывести эти деньги через телеграмм премиум!😍😈Все в ваших силах!Удачного заработка!Канал с выводами https://t.me/BestMoneyOPLATAСсылка на бота https://t.me/BestMoneyTwer_bot;";spam
"https://t.me/jobseo_bot?start=user5018934378 ЛУЧШИЙ БОТ ДЛЯ ЗАРАБОТКА ДЕНЕГ!ПОПРОБУЙ И ЗАРАБОТАЙ 300 РУБЛЕЙ ЗА 1 ЧАС!;";spam
"https://t.me/jobseo_bot?start=user5018934378 ЛУЧШИЙ БОТ ДЛЯ ЗАРАБОТКА ДЕНЕГ!ПОПРОБУЙ И ЗАРАБОТАЙ 300 РУБЛЕЙ ЗА 1 ЧАС!;";spam
"Всём привет! Меня зовут Ирина🎀ИЩУ ЛЮДЕЙ ДЛЯ ВЫПОЛНЕНИЯ ЗАДАНИЙ И НАПИСАНИЯ ТЕКСТОВ ЗАРПЛАТА ОТ 500₽-4000₽ В ДЕНЬ(зависит от вас) Работа заключается в выполнении различных заданий и написании текстов, например с фото📕📝Для работы достаточно иметь только телефон и карту, на которую будут поступать деньги💵➕ В данном заработке, можно зарабатывать дополнительно- на перепродаже курса, что очень прибыльно(Цену вы регулируйте сами)❗️Пиши скорее, места заканчиваются❗️Отзывы имеются, всё по честному✅Пиши в тг👉🏻 @irr_rren;";spam
"-Добрый день. Мы ищем новых людей в коллектив. -Занятость на удалённой основе,-опыт не важен - от 500$- мест мало успейте❤️- жду в ЛС😉;";spam
"@...:предлагаю лёгкую работу!!-любой возраст-нужен только телефон и карта-зарплата в день:От 300 и больше(зависит от желания)@WAAWOAWO тг;";spam
"Дам работуОплата от 2к рублейВсе легально и без вложенийДелов на 5 минутПисать - @netvixxxРабота на дому;";spam
"🔥 ЛУЧШАЯ РАССЫЛКА РЕКЛАМЫ!Рассылка вашего текста софтом по тематическим чатам с наших аккаунтов.За прайсом по ссылке в профиле.;";spam
"Ищу работника Зп от 5️⃣0️⃣0️⃣ 🔠( за 1 заказ) Работа чистая без криминалаКритерии:Возраст: от 14 лет Работа только онлайн Без вложенийГрафик свободныйПисать в лс;";spam
"Ищу человека для обработки входящих заявок в WhatsApp, Телеграмм, ВК🎀Ежедневная оплата до 3500руб в день! 🤝🕊️Работа подойдет для каждого. Студенты школьники, мамы в декрете и тд. ⌚️Условия: удаленная работа с любого устройства и в любом месте.📋Ваша задача: найти 1,5-2 часа свободного времени и ОТВЕЧАТЬ на сообщения по готовому тексту.пишите все расскажу, объясню, помогу💋Тг:;";spam
"Есть предложение немного заработать за услугу, плачу щедро!!!;";spam
"Дам работуОплата от 2к рублейВсе легально и без вложенийДелов на 5 минутПисать - @netvixxxРабота на дому;";spam
"!! БЫСТРЫЙ ЗАРАБОТОК !! • 2  часа свободного времени• наличие телефона и интернета• работа не сложная, должно быть желание поработать•возраст не важен!💸💸💸от 500 руб в деньпишите в лс‼️если у тебя бан,то тут в чате ответь на это сообщение и я тебе сам напишу‼️;";spam
"ЛЁГКИЙ ЗАРАБОТОК!!!ИЩУ РЕБЯТ ОТ 1️⃣4️⃣ ЛЕТ, КОТОРЫЕ МОГУТ СДЕЛАТЬ КАРТУ ПО МОЕЙ ССЫЛКЕ, ПОЛУЧИТЕ 5️⃣🅾️🅾️РУБЛЕЙ❗️❗️❗️ВСЕ ОБЪЯСНЮ, БЕЗ ВЛОЖЕНИЙ. ПИШИТЕ МНЕ В ЛС ❤️;";spam
"онлайн работа , возраст не важеннужен человек который будет делать скрины :10 скринов- 200 руб20 скринов - 1000руб40 скринов - 2000 руб;";spam
"❕ИЩЕМ ОНЛАЙН СОТРУДНИКОВ❕РОБОТА ≈ ПОДРАБОТКА [ ОГРАНИЧЕНИЙ ПО ВОЗРАСТУ НЕТ ] 🌐 ТРЕБУЕТСЯ: 1️⃣ МЕНЕДЖЕР ПО ПРИВЛЕЧЕНИЮ КЛИЕНТОВ [ ОНЛАЙН ]2️⃣ СДАЧА АККАУНТОВ АВИТО В АРЕНДУ - 7000₽ 4дня❕ МЫ ПРЕДЛАГАЕМ  ⬇️🔵 Заработок от 7000₽ до 35000₽ в неделю🔵 Выбор работы на своё усмотрение🔵 Свободный график🔵 Выплаты в срок➖➖➖➖➖➖➖➖➖➖➖➖➖Писать: @CEOArhipovaЭффективный заработок онлайн / ПОДПИСАТЬСЯ;";spam
"Привет, я ищу сотрудников в  команду, занимающуюся арбитражем криптовалют.Скажу сразу, мы не мошенники, никаких вложений и доступов не требуем!Как это работает:1. На твою карту поступают переводы2. Ты переводишь их на указанные нами карты3. За каждую транзакцию ты получаешь 2% от суммыВ зависимости от твоей занятости можно зарабатывать от 3к до 5к рублей в деньЕсли интересно - пиши;";spam
"У КОГО ЕСТЬ ТИНЬКОФФ КТО ХОЧЕТ ЗАРАБОТАТЬ 250 РУБЛЕЙ ЗА ПАРУ КЛИКОВ ПИШИТЕ В ЛС!!!💸💸💸;";spam
"❤️ РАБОТА ДЛЯ ДЕВОЧЕК 10, 11, 12, 13 лет🤑 ВЫСОКАЯ ЗАРПЛАТА, возможен донат! 📌 ПИСАТЬ В ЛС;";spam
"❕ИЩЕМ ОНЛАЙН СОТРУДНИКОВ❕РОБОТА ≈ ПОДРАБОТКА [ ОГРАНИЧЕНИЙ ПО ВОЗРАСТУ НЕТ ] 🌐 ТРЕБУЕТСЯ: 1️⃣ МЕНЕДЖЕР ПО ПРИВЛЕЧЕНИЮ КЛИЕНТОВ [ ОНЛАЙН ]2️⃣ СДАЧА АККАУНТОВ АВИТО В АРЕНДУ - 7000₽ 4дня❕ МЫ ПРЕДЛАГАЕМ  ⬇️🔵 Заработок от 7000₽ до 35000₽ в неделю🔵 Выбор работы на своё усмотрение🔵 Свободный график🔵 Выплаты в срок➖➖➖➖➖➖➖➖➖➖➖➖➖Писать: @CEOArhipovaЭффективный заработок онлайн / ПОДПИСАТЬСЯ;";spam
"Всех приветствую! 😄 возьму пару человек на подработку (работать удаленно) 🌈От вас нужен 🅰️🅱️🔠🔠🔠Работы каждый день на 2-3 часа❗️работа очень лёгкая.🍸Если у вас аккаунт 24 года и без отзывов не приму. 🙅‍♂️🔠🔠🔠🔠🔠🔠оплата зависит от вашего акаунта, а точнее от даты(года) регистрации, доплата за отзывы 🤑Начальная сумма 1️⃣0️⃣0️⃣0️⃣Всех жду в лс😘😍;";spam
"❗МЕНЕДЖЕРЫ  TELEGRAM и BK❗Нужны люди для подработки, вам • нужно будет отвечать на сообщения по готовому тексту.Подходят подростки от 12-17 лет Люди от 17-25.Мамочки в дикрете❗от 1000 до 3000 рублей в день, зависит от вашего свободного времени.❗пишите, всё объясню!Работа лёгкая, зарплата высокая, стабильная. Всегда всё расскажу и помогу♡ ПИШИТЕ СТРОГО ТЕЛЕГРАММ или ВК!♡тг: https://t.me/viiixxxt;";spam
"💕приветик, хочешь прибыльную подработку? хочу предложить тебе проект New Progress  ‼️ЕСТЬ ВЛОЖЕНИЕ 250 ₽‼️( возможен торг)❗️зп день 500-3000р❗️какие есть виды заработка в проекте? -выполнять задания (оценить приложение, написать комментарий, написать отзыв и др.) -перепродажа-перевод текстов-копирайтинг 😚 я буду твоим куратором и помогу выйти на стабильный доход❕условия работы:-телефон-банковская карта-возраст от 11 лет💕если хочешь ко мне на обучение, пиши + в лс ---> @kama11tf;";spam
"#Ищуработу Хотите заработать деньги легко и быстро❓У нас есть решение✅ Просто поставьте лайк, напишите отзыв, скачайте приложение и подпишитесь. ✅Всего лишь за один день вы сможете заработать от 💸1200₽ до 💸1800₽ ❗ ✅Присоединяйтесь к нам сейчас и начните зарабатыватьПисать @woh_545❗❗;";spam
"#Ищуработу Хотите заработать деньги легко и быстро❓У нас есть решение✅ Просто поставьте лайк, напишите отзыв, скачайте приложение и подпишитесь. ✅Всего лишь за один день вы сможете заработать от 💸1200₽ до 💸1800₽ ❗ ✅Присоединяйтесь к нам сейчас и начните зарабатыватьПисать @woh_545❗❗;";spam
"💗ПОДРАБОТКА В ТВОЁМ ГОРОДЕ (Не удаленка)😀Требования:💗14+ (возможно рассмотрение кандидатов младшего возраста) 💗Наличие смартфона, мобильного интернета и рабочей камеры 💗Желание работать, умение говорить на русском языке 😀Условия:💗Свободный график💗Средняя зп 1-3к в день + премия💗Карьерный рост😀Задачи: проводить опросы среди людей;";spam
"!ТРЕБУЕТСЯ ФРИЛАНС!❤️‍🔥Зп - 150-2000₽ ежедневно •карта •желание •вложение со скидкой- НЕ СКАМ ПРУФЫ ЕСТЬ Ищу человека который готов отвечать клиентам готовым шаблоном Писать в лс;";spam
"✅Авито для всех!!!🇷🇺Идёт набор сотрудников, для удаленной работы на платформе Авито!!!👍Данная вакансия без вложений!!!👌У нас все честно и  не какой чернухи,выплата ежедневно от 1000р. до 3000р в день, зависит от вас!!!🤝Работа под кураторством нашего опытного Авитолога!!!✅Работа для любого возраста,работать смогут даже школьники и студенты!!!✅Для удаленной работы потребуется, телефон или ПК с доступом в интернет!!!✅Мы даем возможность каждому, попробовать себя во фрилансе.✅Многие наши сотрудники за короткий срок вышли на доход более 100 тыс.рублей в месяц и сами стали опытными Авитологами.✅Прошу заметить, что работа без каких либо  вложений!!!🔐Если вы готовы попробовать себя во фрилансе, без вложений и опыта. Пишите на прямую нашему АВИТОЛОГУ, вам все подробнее обьяснят⬇️@Avitolog_Mariay@Avitolog_Mariay@Avitolog_Mariay;";spam
"❤️!ТРЕБУЕТСЯ ФРИЛАНС!❤️Зп - 150-2000₽ ежедневно •карта •желание •вложение со скидкой- НЕ СКАМ ПРУФЫ ЕСТЬ Ищу человека который готов отвечать клиентам готовым шаблоном Писать в лс;";spam
"❤️!ТРЕБУЕТСЯ ФРИЛАНС!❤️Зп - 150-2000₽ ежедневно •карта •желание •вложение со скидкой- НЕ СКАМ ПРУФЫ ЕСТЬ Ищу человека который готов отвечать клиентам готовым шаблоном Писать в лс;";spam
"Привет хочу предложить тебе заработок по номерам.С одного номера можно заработать от 50 до 75 рублей,в день можно заработать 300 рублей.Без вложений❗️Если интересно пиши @batonhikc;";spam
"https://t.me/+wu5BZMPTtVZhNmFiУ нас можно заработать♥️;";spam
"https://t.me/capybara_authbot?start=ref6388457844 в этом боте можно легко заработать Промо CAPY2000;";spam
"‼️ОНЛАЙН РАБОТА,ВОЗРАСТ НЕ ВАЖЕН‼️нужен человек который будет делать скрины :▫️10 скринов- 200 руб▫️20 скринов - 1000руб▫️40 скринов - 2000 рубПИШИ В ЛСЕСЛИ У ТЕБЯ БАН,ТО ОТВЕТЬ ТУТ НА МОЁ СООБЩЕНИЕ И Я САМ ТЕБЕ НАПИШУ💵💵💵💵💵💵💵💵;";spam
"онлайн работа , возраст не важеннужен человек который будет делать скрины :10 скринов- 200 руб20 скринов - 1000руб40 скринов - 2000 руб;";spam
"💋приветик, хочешь прибыльную подработку? хочу предложить тебе проект New Progress  ‼️ЕСТЬ ВЛОЖЕНИЕ 250 ₽‼️❗️зп день 500-3000р❗️какие есть виды заработка в проекте? -выполнять задания (оценить приложение, написать комментарий, написать отзыв и др.) -перепродажа-перевод текстов😚 я буду твоим куратором и помогу выйти на стабильный доход❕условия работы:-телефон-банковская карта-возраст от 11 лет💕если хочешь ко мне на обучение, пиши + в лс ---> @kama11tf;";spam
"❗ОЧЕНЬ ЛЁГКАЯ ПОДРАБОТКА❗🎟️-Зарплата от 700 до 2000 рублей за день 🎟️- График свободный, любой возраст ! 🎟️-Нужно отвечать на сообщения клиентов одним готовым текстом, выполнять задания в чате, писать отзывы и получать за одно задание от 100 до 400 рублей. Пиши мне в Telegram✨@alisee46;";spam
"❗ОЧЕНЬ ЛЁГКАЯ ПОДРАБОТКА❗🎟️-Зарплата от 700 до 2000 рублей за день 🎟️- График свободный, любой возраст ! 🎟️-Нужно отвечать на сообщения клиентов одним готовым текстом, выполнять задания в чате, писать отзывы и получать за одно задание от 100 до 400 рублей. Пиши мне в Telegram✨@alisee46;";spam
"👾Есть места на подработку 🌿Платят от 1400 руб за пол часа💥Онлайн, подходит ВСЕМ🧩Есть много отзывов👉🏼Переходи — https://t.me/+2vQNWOFcROY0M2Yy;";spam
"💕приветик, хочешь прибыльную подработку? хочу предложить тебе проект New Progress  ‼️ЕСТЬ ВЛОЖЕНИЕ 250 ₽‼️( возможен торг)❗️зп день 500-3000р❗️какие есть виды заработка в проекте? -выполнять задания (оценить приложение, написать комментарий, написать отзыв и др.) -перепродажа-перевод текстов-копирайтинг 😚 я буду твоим куратором и помогу выйти на стабильный доход❕условия работы:-телефон-банковская карта-возраст от 11 лет💕если хочешь ко мне на обучение, пиши + в лс ---> @kama11tf;";spam
"Нужны люди с Тинькофф на подработку. Оплата 800 рублей за 5 минут.;";spam
"💥Хочешь заработать 3000р? 💥🪩Никаких вложений 🪩🔍Всё очень легко, мы объясним все и поможем 🔍 🏁 Вы можете зарабатывать с нами не выходя из дома 🏁⚠️Всё легально ⚠️🪩Только Россия 🪩📲📲📲По поводу работы писать в тг⬇️⬇️@GliSchiaviCoraggiosi;";spam
"❗️Требуется переводчик/копирайтерВаша задача: Писать посты, переводить текста, писать сюжеты,рекламыЗп - 500 - 3000₽Всё легко и просто!Связь: @firework011🍓Требуется менеджер Telegram🍓 Задача: отвечать на сообщения шаблономЗп - 100-1500₽Связь: @Firework011;";spam
"💜💜💜💜💜 💜💜 💜 💜💜💜💜💜✔️Кто хочет заработать 1000RUB? Иметь сбербанк / тинькофф / альфабанк 14+;";spam
"Приветствую ищущих подработку-заработок🥸(без вложений) может попробовать каждый! 🫦Заработок на Авито, 🛍но конкретно я вам расскажу в лс, могу давать различные плюшки за долгое 💸сотрудничество + аки с отзывами очень востребованы и я очень в них заинтересована🛒1️⃣Объявление - 1️⃣0️⃣0️⃣0️⃣2️⃣Объявления - 2️⃣0️⃣0️⃣0️⃣За целый день вы тратите на это 3 часа своего времени 😊Жду в личных сообщениях 😫;";spam
"""⌨⌨⌨⌨⌨⌨⌨⌨☺️•Хочешь покупать свои любимые хотелки, но нет средств❔😩Тогда ты по адресу🐈🔔 нужны люди,которые будут:• перепечатывать тексты с фото.• писать статьи на определенные темы.• писать отзывы. • переводить текста.• заниматься перепродажей.Для работы нужны только ваши телефон 📞и карта💳, на которую будут поступать денежки💸 💡Отзывы клиентов имеются, всё честно) клиентская база очень большая🙋🏻‍♀️💙Начни менять свою жизнь уже сейчас, не упусти свой шанс!) ❗️Скорее пиши мне, места заканчиваются,отвечаю быстро.❗️Заинтересовала?) Тогда пиши в тг ➡️ @wallkerqqБольше информации в моем тгк🩷https://t.me/+JkmAXmGws9oxN2Uy"";";spam
"Всем привет)Я в свои 11 уже заработала на айфон)И получаю в день от 1к р и вам советуюЯ работаю в проекте, Вход в проек от 100р до 400рЗа покупкой сюда:@art_vokПруфы есть;";spam
"🔔Мне нужны помощники, которые будут:• перепечатывать тексты с фото• писать статьи на определенные темы• писать отзывы. •переводить текста• заниматься перепродажей.Суть работы: вы ищите на  предложенном вам сайте задание и выполняете, а затем получаете оплату💵 Работая копирайтером, можно работать без опыта, с телефона или компьютера, в свободное для вас время📱 К каждой работе даётся инструкция 📑В чем заключается суть перепродажи?: вы покупаете проект,а потом этот проект перепродаете за удобную вам сумму.За одно выполнение работы платят в среднем от 100₽-3000₽ в день можно заработать полноценно от 2000₽ и выше 🎀 ✅ важно только иметь телефон, банковскую карточку для получения выплат, 1-2ч свободного времени в день.Если заинтересован,то пиши мне. @wallkerqq (мест осталось немного);";spam
"👋Привет! Очень легкая подработка - менеджер WhatsApp, Telegram, ВКонтакте на выбор😉   📍Зарплата от 500 до 1500день    📍Можно всем! Школьники от 10 лет, подростки от 14 лет, студенты  📍Свободный график! Работай когда хочешь в любом мессенджере!   📍Все очень честно, никаких обманов!   📍Нужно отвечать на сообщения клиентов одним готовым текстом! Все очень легко!    ❗️❗️❗️ ЛС :::@mrmrmrmmrrrd;";spam
"💥Хочешь заработать 3000р? 💥🪩Никаких вложений 🪩🔍Всё очень легко, мы объясним все и поможем 🔍 🏁 Вы можете зарабатывать с нами не выходя из дома 🏁⚠️Всё легально ⚠️🪩Только Россия 🪩📲📲📲По поводу работы писать в тг⬇️⬇️@GliSchiaviCoraggiosi;";spam
"‼️‼️‼️РАБОТА ОНЛАЙН‼️‼️‼️💲 От 2.000₽ в день(Все зависит только от вас)💎 Набор онлайн работников готовые уделять 2-5 часов работе в день.✅ работа не связана с какими либо вложениями и никаких рисков вы не несёте👀 О нас:🟢 Полностью легальная работа 🟢 Ежедневные выплаты🟢 возраст от 14-20 пол не важен 🟢 Никак не связано с нарко или еще чем-то незаконным.🟢 Так же мы не занимаемся прямым обманом                  ‼️  пиши в лс  ‼️;";spam
"💜💜💜💜💜 💜💜 💜 💜💜💜💜💜✔️Кто хочет заработать 1000RUB? Иметь сбербанк / тинькофф / альфабанк 14+;";spam
"Ищем ответственного администратора по рекламе с опытом поиска клиентов и построения диалога. Зарплата 15% от продаж рекламы. 🤝 Связаться: @ikkihi;";spam
"❗МЕНЕДЖЕРЫ  TELEGRAM и BK❗Нужны люди для подработки, вам • нужно будет отвечать на сообщения по готовому тексту.Подходят подростки от 12-17 лет Люди от 17-25.Мамочки в дикрете❗от 1000 до 3000 рублей в день, зависит от вашего свободного времени.❗пишите, всё объясню!Работа лёгкая, зарплата высокая, стабильная. Всегда всё расскажу и помогу♡ ПИШИТЕ СТРОГО ТЕЛЕГРАММ или ВК!♡тг: https://t.me/viiixxxt;";spam
"🛍🛍🛍🛍🛍🛍🛍🛍🛍🛍Привет. 🥰 🔴🟠🟠 ищет возможность заработать, жду в лс. От вас требуется Авито акаунт (желательно не новый), . Я предоставляю быстрый заработок!Плачу на любой банк России.  💳💳💳💳💳Оплата 🟠🔴🔴🔴. Естественно доплата за отзывы на акаунте.🛍🛍🛍🛍🛍🛍🛍🛍🛍🛍;";spam
"ЗАРАБОТОК ОТ 100к 💰📱БЕЗ ВЛОЖЕНИЙ 😎😎✅можно заработать 1м✅без вложений✅легкая работа ✅быстрое и понятное обучение ✅белая тема (все легальноВажно!!! только 18+если хотите узнать подробности то  сразу же все обучение и подробности в тг боте 👇👇👇https://t.me/LeadExpertPro_bot?start=0c3aab40-44e5-44e0-ab34-4c340bda894f;";spam
"Хочешь заработать, но устраиваться куда-то это долго,берут только с 16, и зарплату ждать целый месяц? 🙄Тогда предлагаю тебе ФРИЛАНС БЕЗ ВЛОЖЕНИЙ, работа на удаленке. — нет ограничений по возрасту. — работать можно как 30 минут, так и весь день. — платят утром/ночью, заработать можно от 300–1000₽( кто-то и по 3К зарабатывает )— всему обучу.>все что нужно это карта, и немного времени. заработок настолько легкий, что можно будет купить прем на год работая 3-4 дня. 😋если интересует жду в лс @A1GLS8мои отзывы @sosorivs;";spam
"Хочешь заработать, но устраиваться куда-то это долго,берут только с 16, и зарплату ждать целый месяц? 🐰Тогда предлагаю тебе ФРИЛАНС,работа на удаленке. 🔗нет ограничений по возрасту. 🔗работать можно как 30 минут, так и весь день. 🔗заработать можно около 500-1000р в день.>все что нужно это карта, и немного времени. заработок настолько легкий, что можно будет купить прем на год работая пару дней.🐰если интересует, жду в лс @CHR1SK1;";spam
"❗️Требуется переводчик/копирайтерВаша задача: Писать посты, переводить текста, писать сюжеты,рекламыЗп - 500 - 3000₽Всё легко и просто!Связь: @firework011🍓Требуется менеджер Telegram🍓 Задача: отвечать на сообщения шаблономЗп - 100-1500₽Связь: @Firework011;";spam
"❓ ХОЧЕШЬ ЗАРАБОТАТЬ ДЕНЕГ?Устал шляться по интернету в поисках годной темки? Можешь не напрягаться, ведь в нашем боте мы уже приготовили самые профитные схемы специально для тебя👉 Например:1️⃣Легкие 100к₽ на трафике Tiktok2️⃣Жирный абуз Wildberries3️⃣1000$ на нейросетях без вложенийЭто далеко не полный список схем заработка, который вы найдете в нашем боте🤝 Ссылка на бота в описании моего профиля- В боте можно заработать на приглашении друзей (60₽ за одного друга);";spam
"""❗ОЧЕНЬ ПРОСТАЯ И ПРИБЫЛЬНАЯ СХЕМА ДЛЯ ТЕХ КТО ХОЧЕТ ЗАРАБОТАТЬ ❗проект """"𝙒𝙊𝙍𝙁𝙀𝙀"""" 🫧                                         ૮₍ ˶ᵔ ᵕ ᵔ˶ ₎ა𑀝УТЬ РАБ𐌏ТЫ:𝟙. Вам выдают текст𝟚. Ваша задача его перевести (можно пользоваться переводчиком)𝟛. Кидаете клиенту готовый текст и свои реквизиты𝟜. Вам переводят денюжку) 𐌺𐌡ИЕ𐋏ТЫ 𐌿ИШУТ 𑀝А𐌑И 🫣Կᴛ᧐ жᥱ ᴛρᥱδуᥱᴛᥴя ᧐ᴛ ʙᥲᥴ? 🤔• желание работать    𖤐⭒๋࣭ ⭑• телефон/планшет/компьютер• свободные час-два времениⳄⲁ ⲙⲁⲗⲉⲏьⲕυύ ⲧⲉⲕⲥⲧ 250-3000₽ 💸Ⳅⲁ ⳝⲟⲗьⲱⲟύ 500-6000₽ 💸Тг: @anchikqq ❤‍🔥💸💸💸💸💸💸        ˗ˏˋ ★ ˎˊ˗(кидаем +)           Будᥱⲙ ρᥲды ʙᥙдᥱᴛь κᥲжд᧐ᴦ᧐ ʙ нᥲɯᥱⲙ ᥰρ᧐ᥱκᴛᥱ! 💋"";";spam
"Хочешь заработать, но устраиваться куда-то это долго,берут только с 16, и зарплату ждать целый месяц? 🙄Тогда предлагаю тебе ФРИЛАНС БЕЗ ВЛОЖЕНИЙ, работа на удаленке. — нет ограничений по возрасту. — работать можно как 30 минут, так и весь день. — платят утром/ночью, заработать можно от 300–1000₽( кто-то и по 3К зарабатывает )— всему обучу.>все что нужно это карта, и немного времени. заработок настолько легкий, что можно будет купить прем на год работая 3-4 дня. 😋если интересует жду в лс @A1GLS8мои отзывы @sosorivs;";spam
"🔔Мне нужны помощники, которые будут:• перепечатывать тексты с фото• писать статьи на определенные темы• писать отзывы. •переводить текста• заниматься перепродажей.Суть работы: вы ищите на  предложенном вам сайте задание и выполняете, а затем получаете оплату💵 Работая копирайтером, можно работать без опыта, с телефона или компьютера, в свободное для вас время📱 К каждой работе даётся инструкция 📑В чем заключается суть перепродажи?: вы покупаете проект,а потом этот проект перепродаете за удобную вам сумму.За одно выполнение работы платят в среднем от 100₽-3000₽ в день можно заработать полноценно от 2000₽ и выше 🎀 ✅ важно только иметь телефон, банковскую карточку для получения выплат, 1-2ч свободного времени в день.Если заинтересован,то пиши мне. @wallkerqq (мест осталось немного,а сегодня действует скидка);";spam
"Всем здравствуйте!🫀Набираю людей для заработка, выплата реальная, не обман!В чем заключается суть, я предоставляю вам удобные условия, в свою очередь жду ответственных людейДля работы нужен лишь верифицированный Авито аккаунтОклад 2700 в день, выплата каждые 3 дня, это не фиксированно, за инициативность надбавка Не хочу питать вас ложными надеждами и не правдивыми суммами, 100% онлайн заработокПишите, на связи 24/7@Sergoo010;";spam
"‼️‼️‼️РАБОТА ОНЛАЙН‼️‼️‼️💲 От 2.000₽ в день(Все зависит только от вас)💎 Набор онлайн работников готовые уделять 2-5 часов работе в день.✅ работа не связана с какими либо вложениями и никаких рисков вы не несёте👀 О нас:🟢 Полностью легальная работа 🟢 Ежедневные выплаты🟢 возраст от 14-20 пол не важен 🟢 Никак не связано с нарко или еще чем-то незаконным.🟢 Так же мы не занимаемся прямым обманом                  ‼️  пиши в лс  ‼️;";spam
"🔥Удалённая работа для студентов и школьников 🔥💥Только Россия 💥🪙Возраст от 14 лет 🪙🏵У нас вы можете заработать от 2500р 🏵🏔Никаких вложений, все легально ⛰💜Для работы вам необходим аккаунт в авито 🔥👌Вам нужно будет выставлять объявления на площадке Авито и отвечать покупателям 🤷💖💜по поводу работы писать в тг:@GliSchiaviCoraggiosi;";spam
"🔥Удалённая работа для студентов и школьников 🔥💥Только Россия 💥🪙Возраст от 14 лет 🪙🏵У нас вы можете заработать от 2500р 🏵🏔Никаких вложений, все легально ⛰💜Для работы вам необходим аккаунт в авито 🔥👌Вам нужно будет выставлять объявления на площадке Авито и отвечать покупателям 🤷💖💜по поводу работы писать в тг:@GliSchiaviCoraggiosi;";spam
"#Ищу человека с   Художественным интересом и минимальным талантом. Готова предложить работу в нашей компании NFT с перспективами. За полной информацией в ЛС;";spam
"Добрый день. Мы ищем новых людей в коллектив. Занятость на удалённой основе, есть опыт -  будет легко). Если у вас нету опыта, при желании всё освоите довольно быстро. Единственное условие 18+;";spam
"Добрый день. Мы ищем новых людей в коллектив. Занятость на удалённой основе, есть опыт -  будет легко). Если у вас нету опыта, при желании всё освоите довольно быстро. Единственное условие 18+;";spam
"#ищуработу #заработак Зарабатывайте до 1800₽💸 в день на простых заданиях❗ Поставьте лайк, напишите отзыв, подпишитесь или скачайте приложение.🔥🔥 За одно задания платят 60₽-80₽💸💸. ✅Присоединяйтесь и начните зарабатывать🎰 прямо сейчас, выполняя легкие задания в удобное для вас время на телефоне ❗Писать @woh_545 💥;";spam
"ищу человека на подработку в тг!!Ваша задача отвечать на сообщенияЗп в день 100-2000 всë зависет только от вашего желания тг @Nchdbgdbhg;";spam
"-блин, на вб так много одежды, но у тебя совсем нету денег, а родители дают мало? тогда тебе сюда: @malinkaabkakinka , фриланс поможет заработать минимум 300+ рублей в день!! Считай, в день на топик с вб уже заработаешь) так что не профукай свой шанс!! Проект RedCat всем научит!!;";spam
"🎁(МОЖНО ЗАРАБОТАТЬ РОБУКСЫ)Всех приветствую!✋👀Я перепродаю роблокс аккаунты и мне нужны помощники по их прокачке,примерно по 1-2часа, плачу по 50 робуксов в деньИнтересно?Жду в лс👊;";spam
"всем привет! 💋я начинаю зарабатывать, каким способом?я ввожу ваш номер, затем приходит 2-4 кода(всё безопасно, я тоже боялась) вы мне говорите и всё😁за это вы мне должна вклад 50руб😁потом я вам предлагаю такую же работу в вк и там вы заработайте гораздо больше, 150 руб за номер)если заинтересовала-пиши)👸@anzelinkaxxx;";spam
"Кто хочетРаботу в лсПрайс1 день-1000 руб вы получитеРабота не сложная всё расскажу в лсНо работать надо по инструкцииКто хочет в лс;";spam
"КТО МОЖЕТ СДЕЛАТЬ ВОЙС ЧАТ!!ПЛАЧУ 35 РОБУКСОВ С КОМ!!ИДУ НЕ ПЕРВЫЙ!!!!КТО МОЖЕТ СДЕЛАТЬ ВОЙС ЧАТ!!ПЛАЧУ 35 РОБУКСОВ С КОМ!!ИДУ НЕ ПЕРВЫЙ!!!!КТО МОЖЕТ СДЕЛАТЬ ВОЙС ЧАТ!!ПЛАЧУ 35 РОБУКСОВ С КОМ!!ИДУ НЕ ПЕРВЫЙ!!!!;";spam
"всем привет! 💋я начинаю зарабатывать, каким способом?я ввожу ваш номер, затем приходит 2-4 кода(всё безопасно, я тоже боялась) вы мне говорите и всё😁за это вы мне должна вклад 50руб😁потом я вам предлагаю такую же работу в вк и там вы заработайте гораздо больше, 150 руб за номер)если заинтересовала-пиши)👸@anzelinkaxxx;";spam
"-блин, на вб так много одежды, но у тебя совсем нету денег, а родители дают мало? тогда тебе сюда: @malinkaabkakinka , фриланс поможет заработать минимум 300+ рублей в день!! Считай, в день на топик с вб уже заработаешь) так что не профукай свой шанс!! Проект RedCat всем научит!!;";spam
"🎁(МОЖНО ЗАРАБОТАТЬ РОБУКСЫ)Всех приветствую!✋👀Я перепродаю роблокс аккаунты и мне нужны помощники по их прокачке,примерно по 1-2часа, плачу по 50 робуксов в деньИнтересно?Жду в лс👊;";spam
"❗Я АВТО-РАССЫЛЬЩИК, ЕСЛИ           ВЫ ЗАИНТЕРЕСОВАНЫ     ПОСТОМ, ПРОСЬБА, ПИСАТЬ          СЮДА → @I_lox7890 ❗                     ↓       ↓       ↓❗️ПРОЩУ МИНУТУ ВНИМАНИЯ ❗️Я БУДУ ПРОВОДИТЬ СЕГОДНЯ СВОЙ КОЛАБ СО ВСЕМИ ЖЕЛАЮЩИМИ! условия: 1)колаб будет в 18:00 по мск2)30 июля будет проводиться колаб3) принимаются все желающие МНЕ ОБСАЛЮТНО БЕЗ РАЗНИЦЫ КАКОЙ У ВАС СКИН. ПОДПИСЧИК ВЫ ИЛИ НЕТ. P.s мне просто нужно хотя бы человек 15-20 все желающие пожалуйста напишите мне в личку. Я создам группу что бы было удобнее обсуждать. Всех жду!;";spam
"#ищу #работа💳🦪📀🥑♥️🦔🧦🧦🥑👨‍🎤 🛼🥑💥🌰™️🥑💳Условия:Ежедневный доход от 2000₽От 14 летБерём без опытаЗанимает 1-2 часа в деньЗадача:Оформлять БЕСПЛАТНЫЙ Тинькофф премиумПисать в лс🛍🐶♥️🥑☕️🦪 🐇🥑 🌰™️🐇🤪🍷🤪 🥑🍷👽™️🌰🛍Цена: 1шт - 100₽Писать в лс;";spam
"Подработка нужна? 8500 т.р;";spam
"ищу человека на подработку в тг!!Ваша задача отвечать на сообщенияЗп в день 100-2000 всë зависет только от вашего желания тг @Nchdbgdbhg;";spam
"Ищу работников, оплата большая писать в личку;";spam
"ИЩУ ПИАРЩИКОВ 1 ЧЕЛ - 5 РУБ - выплаты от 250 рублей - индивидуальная ссылка- легкая работа - пиарить можно в чатах взПИСАТЬ В ЛС;";spam
"кому интересна онлайн работа на переводе текстов?🎀пишите в лс:: @leeerkkkk ,расскажу и объясню всё💘;";spam
"Подработка нужна? 8500 т.р;";spam
"кому интересна онлайн работа на переводе текстов?🎀пишите в лс,расскажу и объясню всё💘;";spam
"кому интересна онлайн работа на переводе текстов?🎀пишите в лс:: @leeerkkkk ,расскажу и объясню всё💘;";spam
"кому интересна онлайн работа на переводе текстов?🎀пишите в лс,расскажу и объясню всё💘;";spam
"Нужны люди с Тинькофф на подработку. Оплата 800 рублей за 5 минут.;";spam
"ИЩУ ТИПА КОТОРЫЙ ХОЧЕТ ЗАРАБОТАТЬ И УМЕЕТ АПАТЬ 30 РАНГИ ПЛАЧУ МНОГО!!!!ПИСАТЬ В ЛС;";spam
"𝚠𝚘𝚛𝚔✅ С/без опыта. Продолжается активный набор в команду! Доход будет в крипте (XMR - Monero). Всему научим, расскажем, сопроводим. Работаем под процент. Ждём тебя!;";spam
"Work ✅ С/без 0пыта. Продолжается активный набор в команду! Дoход будет в крипте (XMR - Moner0). Всему научим, расскажем, сопроводим. Работаем под процент. Ждём те6я!;";spam
"Бесплатный ПРЕМИУМ в моём описании.;";spam
"Срочно нужен человек 5 минут плачу 300;";spam
"Дам ворк💸Что требуется:1) Тинькофф или Госуслуги культура 2) 14+ лет3) желание заработать 4) 10 минут вашего времени✅По всем вопросам в ЛС✅⚪️ТЕМЫ ФУЛЛ БЕЛЫЕ⚪️❌В ЛК НЕ ВХОЖУ❌Самые сладкие цены❤️;";spam
"﻿Ищешь работу в своем городе?Хочешь зарабатывать 80-100 тыс. руб.Пиши в ЛС для дальшейшего сорудничества.Ждем тебя.;";spam
"﻿Ищешь работу в своем городе?Хочешь зарабатывать 80-100 тыс. руб.Пиши в ЛС для дальшейшего сорудничества.Ждем тебя.;";spam
"НУЖНЫ НОМЕРА ТЕЛЕФОНОВ ✅ПЛАЧУ ДЕНЬГИ ЗА ОБЫЧНЫЕ КОДЫ 🔥🔥оплата 1340₽ за 1 номер💳💳 ЛИБО ДАРЮ PREMIUM на 3 месяца 🥰Безопасно и без рисков, выплаты МОМЕНТАЛЬНО💬💬 ЕСТЬ ОТЗЫВЫ🔵🔵Всегда в сети — @mar1mara 👼;";spam
"⚡️⚡️⚡️⚡️Вакансия sale-manager / опытного менеджера по работе с клиентами в команду 🤍УДАЛËНКА 5/2 С 9 ДО 19 ПО МСКТребования:🩶Опыт работы с инвестициями/Форекс/АрбитражОбязанности🩶Консультация по готовой базе🩶Работа с CRM🩶Открытие Депозита🩶Холодные звонкиЗАРПЛАТА от 🩶🩶🤍🩶 🤍  KPI+ плюшкиПИШИ МНЕ СЮДА⚪️ @wnloved;";spam
"ДАМ ПЕТА ЗА НЕ БОЛЬШУЮ РАБОТУ БЕЗ ИНТИМА ПИСАТЬ В ЛС ИЛИ В ЧАТЕДАМ ПЕТА ЗА НЕ БОЛЬШУЮ РАБОТУ БЕЗ ИНТИМА ПИСАТЬ В ЛС ИЛИ В ЧАТЕДАМ ПЕТА ЗА НЕ БОЛЬШУЮ РАБОТУ БЕЗ ИНТИМА ПИСАТЬ В ЛС ИЛИ В ЧАТЕДАМ ПЕТА ЗА НЕ БОЛЬШУЮ РАБОТУ БЕЗ ИНТИМА ПИСАТЬ В ЛС ИЛИ В ЧАТЕ;";spam
"Ищу сотрудников В раздачу роблокса{+} бесплатные ссылки на робуксыВсех жду в личных сообщениях!;";spam
"⚡️⚡️⚡️⚡️Вакансия sale-manager / опытного менеджера по работе с клиентами в команду 🤍УДАЛËНКА 5/2 С 9 ДО 19 ПО МСКТребования:🩶Опыт работы с инвестициями/Форекс/АрбитражОбязанности🩶Консультация по готовой базе🩶Работа с CRM🩶Открытие Депозита🩶Холодные звонкиЗАРПЛАТА от 🩶🩶🤍🩶 🤍  KPI+ плюшкиПИШИ МНЕ СЮДА⚪️ @wnloved;";spam
"Хочешь заработать 250₽+                В день?        Быстро и просто?        То ты по АДРЕСУ!        Пиши мне в лс!!🌚            @Riannchixx  Проверено 1500+ человек;";spam
"ищу людей с Украины которые хотят зарабатывать на продаже чатов и выполнении заданий.(фриланс);";spam
"Привет! Хочешь заработать деньги? Вступай фриланс,заработок от 1000+ рублей,смотря на вашу активность! Пруфы есть! Остальное в тг ❤️💋 писать в лс;";spam
"Привет, ребята! Хотите Robux? Хотите узнать самый лёгкий и быстрый способ заработать Robux, который на 100% правдивый, не обман и не фейк? 😃 Кликайте по ссылке в моем профиле и используйте бота больше дня. Вы получите 20 или 30 Robux в начале. И за каждый клик по боту вы будете получать один Robux. Чтобы обменять Robux, вам нужно набрать минимум 500. Это на 100% правда. У бота есть две группы. Первая — локальная группа, где вы можете общаться с другими людьми. Вторая — группа, где разработчики и модераторы отправляют доказательства в чат. Это на 100% правда. Если не верите, проверьте сами и кликайте по ссылке в моем профиле! 🎮👾А почему вам стоит верить, что это не обман? Этот бот получает оплату за каждую рекламу. И это единственный бот, который предоставит вам реальные Robux. Вы подумаете, что это обман? Нет, это не так. Потому что это тоже не легко. Вам нужно просто кликать, чтобы получить больше Robux. Как вы получаете Robux? Вам нужно нажимать кнопку в боте. 1% энергии — это 1 Robux. За каждое нажатие вы получаете 1 Robux. 1% энергии появляется каждые 15 минут, и максимум можно набрать 100%. Минимум для обмена — 500 Robux. Вы подумаете, что это звучит легко и может быть обманом? Нет, это не обман. Потому что вам нужно, чтобы 15 человек присоединились по вашей ссылке, которую бот сам вам отправит. Если вам нужна дополнительная информация, кликните по ссылке в моем профиле и узнайте больше от бота. 🌟💡;";spam
"Отдам акк за выполнение заданийЕсть выбор аккаунтов 🔥🔥Писать в личкуМогу дать донат 💰💰Есть пруфы. Всё честно ‼️Также можно заработать деньги или другие подарки 🎁🎁;";spam
"Приветствую ищущих подработку-заработок🥸(без вложений) может попробовать каждый! 🫦Заработок на Авито, 🛍но конкретно я вам расскажу в лс, могу давать различные плюшки за долгое 💸сотрудничество + аки с отзывами очень востребованы и я очень в них заинтересована🛒1️⃣Объявление - 1️⃣0️⃣0️⃣0️⃣2️⃣Объявления - 2️⃣0️⃣0️⃣0️⃣За целый день вы тратите на это 3 часа своего времени 😊Жду в личных сообщениях 😫;";spam
"Кому нужен тг бот которым можно заработать робуксы ?;";spam
"Требуются люди на дневную подработку, оплата почасовая. Готовые выйти по всем вопросам пишите в лс;";spam
"НУЖНЫ ЛЮДИ ДЛЯ ДОПОЛНИТЕЛЬНОГО ЗАРАБОТКАВозраст от 18+ Хороший пассивный доход Пиши в ЛС;";spam
"Приветствую , Открыт набор на Удаленную занятость. - 1-2 часа в день- места ограниченыПишите мне + В личные;";spam
"СРОЧНО.Нужны люди для удаленного заработка.Частичная занятость.Доход от 399$ в неделю. Детали в л.с.;";spam
"СРОЧНО. Ищем людей для удаленного заработка. От 18 лет. Частичная занятость. Подробности в личные сообщения.;";spam
"""Удаленная занятость, с хорошей прибылью 350$ в день.1-2 часа в день .Места ограничены. Ставь """"+"""" мне в  личные смс."";";spam
"продам вход в реселлерство по продаже скарлет сертификата на год цена входа:2399₽ по скидкекто хочет реально заработать тому работка в месяц +- я сам чисто заработал 44к🤝☑️;";spam
"Плачу 3000 за смену ,неполная занятость ,оплата возможна ежедневно ,строго от 16 лет ,только активные и с готовностью приступать к работе;";spam
"Ищу заинтересованных людей для пассивного доп заработка, все в онлайн формате , только для совершеннолетних, все подробности в личных сообщениях;";spam
"Требуются люди на дневную подработку, оплата почасовая. Готовые выйти по всем вопросам пишите в лс;";spam
"Компания ищет активного сотрудника для работы через интернет. Основная работа занимает 3-4 часа в день Работа подходит студентам, мамам в декрете, домoxoзяйкам, пенсионерам и не только...Зарплата: от 60000р.;";spam
"Ищу людей для сотрудничества на удалёнке, много времени не занимает, хороший доп.доход, за деталями в личку;";spam
"Ищем людей, удаленная деятельность.Приятный дополнительный заработок. Пишите в ЛС;";spam
"Заработок в твоём городе! От 5000р в день! Пиши мне, чтобы узнать о доступных вакансиях;";spam
"📌Вас приветствует Точка Контроля 📣Ищем сотрудников на ПОСТОЯННУЮ работу, на должность Менеджер по контролю за персоналом ОНЛАЙН!✔️Стабильный заработок  ✔️Высокая оплата труда ✔️Свободный график ➕Присоединяйся к нам!       Пиши мне в лс 💌;";spam
"📣Точка Контроля ищет Менеджера по контролю за персоналом ОНЛАЙН!✔️Свободный график, высокая оплата, стабильная работа.✔️У Вас есть шанс получить желаемую работу прямо сейчас!💬Пишите в лс, количество мест ограничено!;";spam
"Компания ищет активного сотрудника для работы через интернет. Основная работа занимает 3-4 часа в день Работа подходит студентам, мамам в декрете, домoxoзяйкам, пенсионерам и не только...Зарплата: от 60000р.;";spam
"📌Вас приветствует Точка Контроля 📣Ищем сотрудников на ПОСТОЯННУЮ работу, на должность Менеджер по контролю за персоналом ОНЛАЙН!✔️Стабильный заработок  ✔️Высокая оплата труда ✔️Свободный график ➕Присоединяйся к нам!       Пиши мне в лс 💌;";spam
"Хороший заработок на удаленке! Пишите.;";spam
"Ищу людей для сотрудничества на удалёнке, много времени не занимает, хороший доп.доход, за деталями в личку;";spam
"Добрый день ,требуется персонал на подработку ,занимает 3-4 часа в день ,выплата сразу в руки по факту окончания работы .Берем как и парней так и девушек .Приступить можем даже сегодня .;";spam
"Ищу человека для рассылки сообщений ( на подработку ) В день можно заработать свыше 3.000₽ 1 сообщение 50₽ В лс за условиями работы;";spam
"🇷🇺 #ищу #удаленно #работаТРЕБУЮТСЯ РЕБЯТА|МУЖЧИНЫ-ЖЕНЩИНЫ ДЛЯ РАБОТЫ ОНЛАЙНвозраст 18+❗️ (не продажи, не валюта)➤Оплата достойная➤Можно как подработка (совмещение)➤Без опытаПо вопросам  + в личку!;";spam
"Ищу людeй, заинтeрeсованных в хoрoшем доп.доходе на удаленке. Не полная занятость, от 21. По вопросам пишите в ЛС;";spam
"""Добрый день! Ищете подработку на удалёнке? У нас ещё есть места, их осталось мало, пока-что можете пройти собеседованиеВсё делаете на официальных влощадках (это не ставки, вебкам, мошенничество)За более детальной информацией пишите """"+"""" в личку, отвечу в течении часа"";";spam
"Хороший заработок на удаленке! Пишите.;";spam
"У кого есть Тинькофф пишите можно 20000 заработать за минут 5 Максимум всё чисто белая тема клянусь;";spam
"🇷🇺 #ищу #удаленно #работаТРЕБУЮТСЯ РЕБЯТА|МУЖЧИНЫ-ЖЕНЩИНЫ ДЛЯ РАБОТЫ ОНЛАЙНвозраст 18+❗️ (не продажи, не валюта)➤Оплата достойная➤Можно как подработка (совмещение)➤Без опытаПо вопросам  + в личку!;";spam
"Привет всем ,нужно несколько человек ко мне на подработку ,оплачиваю от 4300 и выше ,рассмотрю всех кандидатов ,ограничений по возрасту нет ,пишите узнавайтн;";spam
"Ребят ,есть подработка в свободное время ,стажировку оплачиваем ,нет ничего тяжелого, так-же есть вакансия Водителя;";spam
"Привет всем ,нужно несколько человек ко мне на подработку ,оплачиваю от 4300 и выше ,рассмотрю всех кандидатов ,ограничений по возрасту нет ,пишите узнавайтн;";spam
"Ищем людей, удаленная деятельность.Приятный дополнительный заработок. Пишите в ЛС;";spam
"В поиске людей, возьму 2-3 человека 18+ Удаленная деятельность От 250$  в  деньКому интересно: Пишите + в лс;";spam
"Ищу заинтересованных людей для пассивного доп заработка, все в онлайн формате , только для совершеннолетних, все подробности в личных сообщениях;";spam
"СРОЧНО.Нужны люди для удаленного заработка.Частичная занятость.Детали в л.с.;";spam
"УДАЛЕННАЯ.ЗАНЯТОСТЬ . Доход от 750 долл.  в неделю.От Вас Необходимо полтора два часа в день.Полноценное обучeние с нуля.Ставьте + В л.с;";spam
"Веду поиск людей, заинтересованных в хорошем дополнительном доходе на удаленной работе. Частичная занятость, от 20 лет. Пишитее в личку +;";spam
"УДАЛЕННАЯ.ЗАНЯТОСТЬ . Доход от 750 долл.  в неделю.От Вас Необходимо полтора два часа в день. Ставьте + В л.с;";spam
"УДАЛЕННАЯ.ЗАНЯТОСТЬ . Доход от 750 долл.  в неделю.От Вас Необходимо полтора два часа в день. Ставьте + В л.с;";spam
"Привет! Мы ищем людей, которые заинтересованы в получении хорошего дополнительного дохода на удаленке. Вакансия подходит для всех от 18 лет. Подробности в личных сообщениях.;";spam
"Ищу людей для сотрудничества на удалёнке, много времени не занимает + хороший доп.доход.Пиши + в личку;";spam
"В поиске людей, возьму 2-3 человека 18+ Удаленная деятельность От 250$  в  деньКому интересно: Пишите + в лс;";spam
"НУЖНЫ ЛЮДИ ДЛЯ ДОПОЛНИТЕЛЬНОГО ЗАРАБОТКАВозраст от 18+ Хороший пассивный доходПиши в ЛС;";spam
"""Добрый день!- Ищете способ заработать, не выходя из дома / с мобильного?- У нас в команде осталось 2 места!- Работа легальна и безопасна, это не (ставки, нарко, мошенничество)За детальной информацией пишите """"+"""" в личку."";";spam
"Нужны деньги, чтοбы жить дοстοйно, а не тοлькο на κоммуналку и хлеб? Πиши мне, у меня есть οтличная шабашκа на 2-3 часа в день, заработок от 300-550 тысяч в месяц, все детали в ЛС.;";spam
"Ищем сотрудников на выгодных услοвиях, пиши в ЛС.;";spam
"""""""ПoдрaбoTка в удобноE для BAC время ,берем без опыtа,поMогаем финансоBо(это с зп не высчитывается!)) Достойная зарплата в НЕДЕЛЮ от 90000 руб.(возможность получать зарплату ежедневно)ПИШИТЕ МНЕ  💬"""""";";spam
"Ищу людeй, заuнтepeсовaнных в хopoшем доп.доxоде на удаленке. Нe пoлнaя зaнятoсть, от 21. По вопросам пишите в лс;";spam
"""Добрый день!- Ищете способ заработать, не выходя из дома / с мобильного?- У нас в команде осталось 2 места!- Работа легальна и безопасна, это не (ставки, нарко, мошенничество)За детальной информацией пишите """"+"""" в личку."";";spam
"У кого есть Тинькофф пишите можно 20000 заработать за минут 5 Максимум всё чисто белая тема клянусь;";spam
"Ищу людей в команду для пассивного заработка на удаленной основе в свободное вpeмя, eсли интeрeсyeт, пишитe в личные сooбщeниe.;";spam
"Ищем заинтересованных для дополнительного заработка в дистанционном формате. Частичная занятость, стабильный доход. Все детали в личные сообщения.;";spam
"Работа здесь от 15.000р http://surl.li/whclyt;";spam
"Кто хочет заработать , в ЛС, не Скам, все легально.;";spam
"#ищу #удаленно #работаТРЕБУЮТСЯ РЕБЯТА|МУЖЧИНЫ-ЖЕНЩИНЫ ДЛЯ РАБОТЫ ОНЛАЙНвозраст 18+❗️ (не продажи, не валюта)➤Оплата достойная➤Можно как подработка (совмещение)➤Без опытаПо вопросам  + в личку!;";spam
"Кто хочет заработать , в ЛС, не Скам, все легально.;";spam
"""""""ПоMогаем финансоBо(это с зп не высчитывается!)) Достойная зарплата в НЕДЕЛЮ от 90000 руб.(возможность получать зарплату ежедневно)ПИШИТЕ МНЕ  💬"""""";";spam
"Ищу помощников по всей Европе ,менеджеров по подбору персонала.Работа исключительно в чатах в телеграмма,без звонков (не удаленно) .Зарплата от 2000$ в месяц .;";spam
"Ищу людей для получения дополнительного дохода на удаленной работе. Частичная занятость, от 20 лет. Подробности в личные сообщения.;";spam
"Забирай свои 10к за день, без опыта! Крупные города РФ! Ждуууу 🖤🖤🖤🇷🇺🇷🇺🇷🇺;";spam
"⚪️⚫️⚪️⚪️⚪️⚫️ ⚪️⚫️⚫️⚫️⚫️⚫️     🔤🔤🔤🔤🔤 🔤 🔤🔤🔤🔤📣 Ищем работников в Тиму ❣️        ➡️График свободный 👈     ⚠️Рабочее время с 23:00⚠️🚨 школьники, женский пол и неадекваты мимо🚨💲Доход за одну смену от 700$💲Анонимность обеспечим📝обучаем всему с нуля главное голова не плечах✌☀️Работа полностью удаленная✔️✍️По всем вопросам писать сюда: @Puding_Pay 👍;";spam
"⚪️⚫️⚪️⚪️⚪️⚫️ ⚪️⚫️⚫️⚫️⚫️⚫️     🔤🔤🔤🔤🔤 🔤 🔤🔤🔤🔤📣 Ищем работников в Тиму ❣️        ➡️График свободный 👈     ⚠️Рабочее время с 23:00⚠️🚨 школьники, женский пол и неадекваты мимо🚨💲Доход за одну смену от 700$💲Анонимность обеспечим📝обучаем всему с нуля главное голова не плечах✌☀️Работа полностью удаленная✔️✍️По всем вопросам писать сюда: @Puding_Pay 👍;";spam
"💬🧑‍🚀 Возьму Ваш WhatsApp в аренду📗 регистрация не меньше 1 года, WhatsApp должен иметь какую-либо активность чаты-группы и тд.❗️💬💬Оплата за каждые 24 часа, от 1000RUB💲 до 2200RUB💲 📣 (также имеются бонусы за долгосрочную и порядочную работу и за приглашение друга🔊💬Веду набор порядочных и ответственных людей на долгосрочную работу, во время аренды;";spam
"Кому нужна подработка в лс От вас 14+ лет и 1000-2000руб от вас на старте Не закладки ! Работа онлайн в телефоне или компьютер и т.д;";spam
"Доброго дня, предоставляю возможность устроиться на подработку, как для Студентов, так и на постоянную работу, работа в часу езды ( в зависомости от места проживания);";spam
"если вы находитесь в поисках подработки, то я могу предложить вам следующее.Я ищу людей, которые будут отвечать клиентам готовым текстом!💌(есть готовый шаблон его надо будет только скопировать).◽️График свободный◽️Оплата ежедневно от 500-1500р зависит только от вас.◽️Клиентов много!Если вам интересно оставляйте «+» в ЛС!#заработок #подработка #заработокназаданиях #удаленка;";spam
"Привет, хочешь заработать деньги? Пиши мне в лс. Без скама, я расскажу как можно легко развести казино на деньги. Этой схеме пару дней, о ней знают только единицы.;";spam
"Привет ,мне нужно пару человек парни и девушки на подработку ,можно ближе к вечеру ,оплачу хорошо, так-же ищет водителя в ночные смены;";spam
"Ищу партнеров для заработка на удаленной основе в свободное время, возраст 20+ за деталями в личные сообщения.;";spam
"нужны номера мегафон📞оплата 100₽, плачу сразу💵авито отзыв🛍оплата 50₽🔥делается в 2 клика⚡️😁@hugix_avito😁🔥(400+ отзывов)🔥;";spam
"•ИЩУ ПОДРАБОТКУ РАССЫЛЧЕКОМ!•— нету тг премиума — иногда могу ложатся спать в 10:00+ Могу иногда сидеть аж до 5:00+ Быстро отвечаю•желаное время роботы с 12:00 до 20:00••30мин=20р1ч=50р1,30ч=70р2ч=1003ч=2055ч=450р•;";spam
"•ИЩУ ПОДРАБОТКУ РАССЫЛЧЕКОМ!•— нету тг премиума — иногда могу ложатся спать в 10:00+ Могу иногда сидеть аж до 5:00+ Быстро отвечаю•желаное время роботы с 12:00 до 20:00••30мин=20р1ч=50р1,30ч=70р2ч=1003ч=2055ч=450р•;";spam
"КТО ИЩЕТ ПОДРАБОТКУ ПИШИТЕ В ЛС ‼️‼️‼️‼️‼️;";spam
"""#ищу #задания #фриланс #проект #работа #срочно❗️❗️❗️❗️❗️❗️❗️❗️❗️❗️❗️❗️❗️❗️❗️❗️РАБОТА С ПРОСТЫМИ ЗАДАНИЯМИ 📱💻От 500р в день, можно без опыта, на удаленке✅Нужно будет выполнять задания от заказчиков: блогеров, владельцов сайтов, интернет-магазинов, пабликов и тд. Примеры заданий:🟢написать комментарий🟢скачать приложение🟢написать отзыв🟢сделать дизайн чего-нибудь 🟢подписаться У заданий повышенной сложности оплата больше💸За подробностями напиши """"ЗАДАНИЯ"""" : @ufgfe"";";spam
"СРОЧНО ✔️Ищем людей на ОНЛАЙН РАБОТУ В ТЕЛЕГРАММЕ ✈️Заработок гарантирован 📌ЗП в среднем 700-2000 в день, можно заработать и больше, если уделять время Задачи: 1) менеджер, отвечать людям на сообщения готовым текстом ИЛИ2) Переводить тексты на специальной платформе Возраст и опыт не важен ❤️▶️ Подробная информация в лс @arahabacki   ✉️Копировать ⬇️⬇️⬇️Здравствуйте, я по поводу работы;";spam
"#ищу #таргетолог #таргет Ищем хорошего и грамотного  таргетолога. Достаточно объемно надо настроить рекламу в ВК. Для  онлайн школы по созданию сайтов. Оплата за работу 786000 р;";spam
"🔥 Hужны люди на удалённую работу🔥💎Bыcoкaя ЗΠ💎📈Высоⲕий pocт доходa📈Чтo нyжно для paбoты?👇🌿1 чac в д𝚎нь🌿Жeлaниe paбoтaть 🌿T𝚎лефон, плaншeт или компьют𝚎p✨Бeз опыта рабoты 💼Все легально 🕐Гpафиκ пoлнocтью зависит от тебя 𝖮плата cрaзу поcле выполнения💵🛑Не обман, если не собираетесь работать, то не тратьте мое и свое времяПо поводу работы пишите сюда@Irina_rabota_online🔥 Hужны люди на удалённую работу🔥💎Bыcoкaя ЗΠ💎📈Высоⲕий pocт доходa📈Чтo нyжно для paбoты?👇🌿1 чac в д𝚎нь🌿Жeлaниe paбoтaть 🌿T𝚎лефон, плaншeт или компьют𝚎p✨Бeз опыта рабoты 💼Все легально 🕐Гpафиκ пoлнocтью зависит от тебя 𝖮плата cрaзу поcле выполнения💵🛑Не обман, если не собираетесь работать, то не тратьте мое и свое времяПо поводу работы пишите сюда@Irina_rabota_online;";spam
"#ищукуратора #впроект#онлайн✨Требуется кураторУсловия👇✔️График работы свободный 2-3 часа в день!✔️Нужен только телефон!✔️Доход от 3000Р в день✔️Возможность совмещать                                                                                                        Необходимо👇✔️Вeсти соцсeти✔️Использовать методы продвижения✔️Отвечать на входящие зaявки✔️Выдaвaть доступ к проектуЗайми свое место👉 @svetas0908;";spam
"Привет, хочешь заработать? Есть уникальная возможность лутать капусту сидя на толчке, пока мама орет из соседней комнаты. Все абсолютно чисто и никаких тапалок с хомяком ебаным. Если интересно - кинь «+»😱 !!!ЗАРАБОТОК БЕЗ ВЛОЖЕНИЙ;";spam
"❗️❗️❗️Робота онлайн, легально, kрипта❗️Ищу сотрудников в команду 🤝🏼Oт нaс:🟢Гибкий графиk🟢Выплаты каждую неделю 🟢Пapу чаcов в деньОт ваc:✅Доcтуп k интернетy✅Желание pости✅Возраст 18+✅Паpy часов в день💵Больше информации? Пиши в лс🤝🏼💵;";spam
"кто хочет работать в фрилансе?в день от 300 рублей пишите в лс;";spam
"КТО ЗОЧЕТ РАЬОТАТЬ ВО ФРИЛАНСЕ;";spam
"‼️ищу человека который будет отвечать людям готовым текстом зп/день: 300-650₽ 💸➡️писать в лс:;";spam
"Есть ноpм люди хoтя бы в этом чате?;";spam
"В поuске людeй, кому uнтересен пассuвный доп доxод, дuстанцuонный фоpмат, хоpошая еженeдельная прuбыль, тoлько для совeршеннолетнuх, все деталu в лuчные сообщенuя ;";spam
"В поиске людей для дополнительного заработка в онлайн сфере, детали в лс ;";spam
"В пoискe пapтнepoв для yдaлeннoй пoдpaбoтки. Oт 18 лет. Все подробности в личные сообщения. ;";spam
"🔰⚠️ОТКРЫТИЕ РКО⚠️🔰                ❌ БЕЗ вопросов ❌            🟡 СВОИ менеджеры 🟡      📍📍Можем организовать           встречи в одном месте 📍📍Откроем за день 1️⃣0️⃣-1️⃣5️⃣счетов  💰💰ЗАРАБАТЫВАЙ С НАМИ 💰💰            ‼️Юр адреса!!!⚠️ПОДРОБНОСТИ  @rko09⚠️🔰Юникредит 50000₽(МСК,СПБ)♦️Альфабанк 25000₽, спецтариф БЕСПЛАТНО (Москва)🛑Альфабанк 20000₽ (СПб)🍋СПБ 15000₽                                    🟠БЕСПЛАТНО🟠             🔵ЛЮБОЙ РЕГИОН🔵              ❌БЕЗ ВОПРОСОВ❌✅Сбербанк✅Модуль ✅ВТБ ✅Ак-барс ⚡️Промсвязь ⚡️Россельхоз⚡️Уралсиб⚡️Росбанк⚡️Тинькофф⚡️Убрир📌Совкомбанк📌Локо📌МТС📌Открытие 📌ДелоБанк🔥Морской🔥 Газпромбанк🔥Hais банк💪бланк банк❤️Ренессанс банк Есть ООО и ип в наличии у провереных партнёров.   ✍️ ПИШЕМ СЮДА  @rko09 ;";spam
"#ищу#онлайнпроект#куратора‼️Стань куратором онлайн проекта и зарабатывай из дома! 📌Ты мечтаешь о финансовой независимости и свободе? Хочешь забыть о кредитах и ипотеках? 📌Присоединяйся к нашему проекту и начни зарабатывать прямо сейчас!🔹 Что ты получишь:✅Полный набор инструментов для заработка 💼✅Поддержку и наставничество на каждом шагу 🤝Минимальные вложения для старта 🔹 Кто  нужен:✔️Мужчины и женщины от 20 лет✔️Жители России и других стран✔️Те, кто готов действовать и развиваться🔹 Почему это для тебя:✅Стабильный доход из любой точки мира ✅Возможность закрыть кредиты и ипотеки 💳✅Свобода путешествовать и работать удаленно ✅Финансовая независимость и уверенность в будущем 🔒📩 Пиши нам для получения подробной информации ⤵️@svetas0908Измени свою жизнь сегодня! ;";spam
"Расскажу про возможность заработка без вложений💰Пиши в личку - https://t.me/Marina_medjanka ;";spam
"😲 300-400 ₱ ВСЕМ У КОГО ЕСТЬ ТИНЬКОФФ От тебя всего лишь нужно: 5-15 минут свободного времениС твоей картой или личным кабинетом ничего не случится, я не требую входа в личный кабинет Tinkoff.Я предлагаю каждому кто мне напишет и приведёт знакомых ещё по 50 рублей с возможностью в дальнейшем работать в нашей команде !Связь: ЯГарант любой Репутация и выплаты + ;";spam
"🔰⚠️ОТКРЫТИЕ РКО⚠️🔰                ❌ БЕЗ вопросов ❌          🟡 СВОИ менеджеры 🟡      📍📍Можем организовать           встречи в одном месте 📍Откроем за день 1️⃣0️⃣-1️⃣5️⃣счетов                   💰💰💰💰            ‼️Юр адреса !💶💵💴💷 Первичка 5₽ .💰💰💳💎 Смена 12₽!!!⚠️ПОДРОБНОСТИ  @rko09⚠️🔰Юникредит 50000₽(МСК,СПБ)♦️Альфабанк 25000₽, спецтариф БЕСПЛАТНО (Москва)🛑Альфабанк 20000₽ (СПб)🍋СПБ 19000₽                                    🟠БЕСПЛАТНО🟠             🔵ЛЮБОЙ РЕГИОН🔵              ❌БЕЗ ВОПРОСОВ❌✅Сбербанк⚙ ОТП✅ВТБ ✅Ак-барс ⚡️Промсвязь ⚡️Россельхоз⚡️Уралсиб⚡️Росбанк⚡️Тинькофф⚡️Убрир📌Совкомбанк📌Локо📌МТС📌Открытие 📌ДелоБанк🔥Морской🔥 Газпромбанк🔥Hais банк💪бланк банк❤️Ренессанс банк Есть ООО и ип в наличии у провереных партнёров.   ✍️ ПИШЕМ СЮДА  @rko09 ;";spam
"💻Продажа конфискованной техники💻❕Оптовые цены/розница.AppleSamsungDysonИ многое другое.💸Дешевле чем на вторичном рынке, в магазине✅Оригинальная техника !✅Гарантия на товары !✅Полностью оригинальная техника !✅Мы сотрудничаем с поставщиками из зарубежья !👨‍💻Отзывы от клиентов !👉@konfiskate_official ;";spam
"😀😀😀😀😀😀😀😀😀В наличии сканы паспортов Украина (айди / загран ) + выписка из банка)РФ ( паспорт / загран + селфи + СНИЛС )Белоруссь США🇺🇸 Австрия🇦🇹Австралия🇦🇺Англия🇬🇧 Армения🇦🇲Болгария🇧🇬Бразилия🇧🇷 Нидерланды🇳🇱Германия🇩🇪Грузия🇬🇪Ирландия🇮🇪Италия🇮🇹Испания🇪🇸Казахстан🇰🇿Канада🇨🇦Румыния🇷🇴Польша🇵🇱Турция🇹🇷 Чехия🇨🇿Финляндия🇫🇮Швейцария🇨🇭Япония 🇯🇵Гарант +Замены + Цена 💥 ;";spam
"📣 Ищем людей в команду по крипто арбитражу⏱ Онлайн работа, свободный график💵 Заработок ~ минимум $100 в день Бесплатное обучение! Не работаем с фейк биржами!Нужны вложения для работыПисать - @flayzelll ;";spam
"📬PACCЫЛKA ВAШEГО ОБЬЯВЛЕНИЯ ПО 700 ЧAТАМ КAЖДУЮ МИНУTУ 📚12 часов paccылки - 400р.📚1 День paccылки - 600р.📚3 Дня paccылки - 1200р.📚7 Дней paccылки + ПРЕМИУМ: 2000 рублей🔔Рекламируем:🔺Каналы🔺Объявления о работе🔺Реферальные ссылки🔺Боты🔺СайтыИ многое другое!🔥Огромный приход!🔥Классное оформление вашего постa, советы от настоящих профи!🔻По поводу рассылки сюда:@Artem_TG_Saveliev ;";spam
"🌀 Ищешь постоянную работу или быстрый заработок? 〽️ Или хочешь сам предложить вакансию? 👉 Переходи в бот: @Work_recklama_bot ;";spam
"⭐️PEКЛAМА ПО TEЛЕГPAM ЧATАM⭐️✅Тeмaтика чaтoв: 🔹Бизнec▫️Инвестиции🔹Работа▫️Заработок🔹Кpиптовалюта▫️Ставки 🔹И многое другое!🔥Привлечение клиентов. 🔥Продвижение ваших Telegram каналов.🔥Сoбcтвeнные проверенные алгopитмы paccылки.🔥Кaчecтвeнный пoдбoр бaзы для рacсылoк.🔥Oтзывы\видeo\oтчёт\пoддepжкa.🔥Опыт paбoты бoлeе 5 лeт.🔥Лучший ceрвиc и цeны нa pынкe pеклaмы.✨Прайс рассылки 800 чaтoв:✉️ 1 дeнь - 600p. ✉️ 3 дня - 1500p. ✉️ 7 днeй - 2500p. ✉️ 14 дней - 4000p.Более 15 тематикРассылка в 800 групп разной тематикиЦА может конвертироваться из любого чата✨Пpaйс Premium paсcылка:✉️ 12 часов - 1000p. ✉️ 1 день - 1500p. ✉️ 3 дня - 3000p. ✉️ 7 дней - 4500p.✉️ 14 дней - 7500p.Ищем только тематические чаты (подбор чатов и подготовка аккаунтов идёт до 3 дней)Поиск в базе групп, в которой находится более 4 млн разных чатовДо 250 ключевых слов для подбора чатовИспользуем TG PremiumРассылка идёт персонально под вашу ЦА💬 Информация и заказ - @tg_autopiar_bot ;";spam
"Заработок на маркетплейсах - это самое востребованное направление в сфере удалённого заработка💸Особенно дизайн карточек товаров🔝Поэтому сейчас на эту тему появилась масса курсов стоимостью 5-20-50 тысяч рублей😱Но не каждая мама в декрете или сотрудник найма могут позволить себе такое дорогое обучение!🥳Качественный курс по доступной цене 🔥Вы сможете научиться создавать продающие и качественные карточки товаров для размещения на любом маркетплейсе🛍WB🛍OZONКурс подходит:🌈 любому человеку,кто хочет оказывать свои услуги предпринимателям и делать инфографику на заказ.Проходи по ссылке ниже ,я расскажу тебе подробно https://t.me/kurator92_bot ;";spam
"✅ПРОДАЁМ МАНУАЛ✅МАНУАЛ КАК ДЕЛАТЬ СКАМ КРИПТУ💸ЕСТЬ: USDC/FANTOM,✅BTC/FANTOM,XTM/BEP20,ETHEREUM/SOLANA✅МОЖНО ПЕРЕВОДИТЬ НА ВСЕ ВЕБ3✅КРИПТУ МОЖНО ПЕРЕВОДИТЬ НА ДРУГИЕ КОШЕЛЬКИИ ТЕМ САМЫМ ДЕЛАТЬ ФАЛЬШ ОПЛАТЫ И ТД.✅Цена мануала 100$, 🔥✅Сделка через гарантов топ👌✈️НАШ КАНАЛ @FLASHERCRYPTOS ✈️✅⭐️ПИСАТЬ:  @VAN1AQ      ✈️✈️✈️ ;";spam
"Ищу менеджера Тelegramзп от 1000-5000р в день🤍Обязанности: отвечать на входящие сообщения по тексту который вам отправят.  График свободныйВсё легко и просто, от вас требуется только желание работатьпишите в тг,отвечаю сразу❤️Телеграмм @inaastyyжду именно тебя💋 ;";spam
"⁠⁠⁠⁠⁠⁠⁠⁠⁠⁠❗️❗️❗️ АККАУНТЫ АВИТО❗️❗️❗️❗️❗️❗️Гарантированная повторная проверка, если не пройдем выдаем замену.🔝Любой тип верифа и год, на вашем или нашем аккаунте, некоторые верифы не потребуют входить в ваш аккаунт!🧰 Готовы к вариантам оплаты 50/50 либо через гаранта.🇷🇺 Все др0пы РФ.➡️ Предоставляем услуги ведения, одного или  нескольких аккаунтов Авито под ключ. Запуск новых, их полная упаковка. Анонимно и без задержек. Масспостинг, автозагрузки, обход блокировок в сложных и запрещенных категориях.☎️ Контакт нашего менеджера: @tempes_bot ;";spam
"Ищем сотрудников в компанию - Работа полностью легальная - ⁠Работаем со всеми городами РФ -Без залогов и вложений, главное ваше желание работать !Доход от 500.000₽ в месяц По поводу работы писать: @AIex_manager1 ;";spam
"🔹🔹🔹🔹🔹🔹🔹🔹🔹🔹 🔹🔹🔹🔹🔹🔹🔹🔹🟡 PEKЛАMИPУЕM:✅ Kaнaлы✅ Oбъявлeния o paбoтe✅ Бoты✅ И мнoгoe дpyгoe.....⚡️ Oгpoмный пpиxoд!📣 Клaccнoe oфopмлeниe вaшeгo пocтa!☄️ Лyчший coфт!💬 Oтзывы о paбoте!🔔 Пo пoвoдy paccылки cюдa: ➡️ @ku1eshov ;";spam
"⚠️ПЛАЧУ ЗА ОТКРЫТИЕ ДЕБЕТОВЫХ КАРТ ПО МОЕЙ ССЫЛКЕ⚠️🔠 1️⃣4️⃣ 🔠🔠🔠💳Тинькофф - 500р💳ВТБ - 500р💳Альфа-Бaнк - 500р💳ПСБ - 500р💳МТС банк - 500р💳Ак Барс - 500р💳Газпромбанк - 500р💳И другие…2️⃣ 0️⃣0️⃣0️⃣▪️ ЗА ОФОРМЛЕНИЕ КРЕДИТНЫХ КАРТ 🔞📞Связь: @partnertraffik 🚨 ;";spam
"Пройди обучение по самой востребованной  профессии онлайн🔥Где ты научишься создавать продающие карточки товара для  поставщиков маркетплейсов WB/OzonИ начни уже получать от 3.000руб. в день📌Для работы нужен только телефон с  интернетом📌Свободное время 4 ч в деньПодойдет для мамочек в декрете,студентам,работникам найма. Пиши(+) по ссылке ниже. Я расскажу тебе с чего начинать👇🏻@Anna_frllans ;";spam
"😜 Арeндa старых 🇷🇺WHАTSAРР рег до 2023г. До 7$(630₽)/день.😊 Арeнда верифицированных ABИТO-до 70$(6300₽)/день.💳 Oбнaл пушкинских карт с самыми высокими выплатами.😋 Купим E-sim Тинькофф до 300₽ за 1шт.🔥 И многое другое..!👍 Нашему проекту более полугода. Репутация - на высшем уровне! Мы не посредники, а прямые скупы - поэтому у нас самая высокая цена!✉️ Наш канал👉   @whatsapp_rulez 🤖 Бoт, если у вас СпамБлок писать в него, вся информация по нашим услугам тоже в нем:👉   @whatsapprentspam_bot ;";spam
"🆎🆎🆎🆎🆎🆎🆎🆎🆎🆎🆎🆎🆎5️⃣0️⃣0️⃣0️⃣🆎🆎🆎🆎🆎🆎🆎🆎🆎🆎🆎🆎🆎🆎🆎🆎🆎🆎🆎🆎🆎🆎🆎 🆎🆎🆎🆎🆎🆎🆎🆎😁😁😁😁😁😁😁😁😁😁✉️Писать - @Work_OnlineA ✉️ ;";spam
"➡️ НАБОР НА НОВУЮ ВАКАНСИЮ ⬅️💵 Зарплата от 5.000₽ в день + премия➡️Наши преимущества:🟡 Удаленная работа🟡 Полностью легально🟡 Возможность работы даже через телефон🟡 Нет ограничений по возрасту🟡 Не требуем никаких вложений➡️ Начать работать - менеджер ;";spam
"💬🧑‍🚀 Возьму Ваш WhatsApp в аренду🇷🇺 регистрация не меньше 6 месяцев, WhatsApp должен иметь какую-либо активность чаты-группы и тд.❗️ Во время аренды, Вацап остается у Вас в личном пользовании💬💬Оплата за каждые 48 часов, от 2800RUB💲 до 3200RUB💲 📣 (также имеются бонусы за долгосрочную и порядочную работу и бонус за приглашенного друга в размере 500RUB🔊💬Веду набор порядочных и ответственных людей на долгосрочную работу❗️✅Обращаться ➡️  @Arenda_WhatsApp1 ✉️ ;";spam
" Скупаем пушкинские балансы по новой системе ООО Открыли тестовые мп через которые идет процесс обналичиванияЗа полный баланс по получите до 4000рВыплаты производятся через счет ООО, и это гарантия того что нам не получится вас обмануть даже если мы этого захотимСвязь с нами @push_yoibot ;";spam
"ВОЗЬМУ АВИТО АККАУНТ В АРЕНДУ💬⏰холд 20мин💰 оплата: до 10 $ за аккаунт. 📍 САМЫЙ ВЫСКИЙ ПРАЙС НА РЫНКЕ.📥 ВОЗЬМУ В АРЕНДУ ДО 200+ аккаунтов.🔸🔹🔸🔹🔸🔹🔸🔹🔸🔹🔸🔹🔸🔹🔸💬 Обращаться сюда: @OTHER112♈️ ОТЗЫВЫ В ВЕРЕ + ;";spam
"‼️🅱️🅱️🅱️🅱️🅱️🅱️‼️⚠️РАБОТА НА УДАЛЕНКЕ⚠️🛒НА АВИТО🛒Легкий способ заработать для каждого! 💲Требуется всего 20-30 минут в день. 🔜Опыт не обязателен, мы всему научим. 🤝Вложений никаких не требуется👍По всем подробностям пишите: @AvitoStorePlaceVladislava ✉️ ;";spam
" Скупаем пушкинские балансы по новой системе ООО Открыли тестовые мп через которые идет процесс обналичиванияЗа полный баланс по получите до 4000рВыплаты производятся через счет ООО, и это гарантия того что нам не получится вас обмануть даже если мы этого захотимСвязь с нами @push_yoibot ;";spam
"💰🤍💜🤍💰💜🤍🤍🤍💰🤍ПЛАЧУ ЗА 4 КЛИКА НА АВИТО🤍💵ПЛАЧУ 500₽ / 4 КРУГА☄️МОЖНО ПОВТОРЯТЬ С РАЗНЫХ АККОВ (ГОДЯТСЯ ДАЖЕ НОВОРЕГИ!!!)☄️💰💰💰ДЕЛ НА 3 МИНУТЫ — ПЛАЧУ СРАЗУ💰💰💰🛍БЕСКОНЕЧНОЕ КОЛИЧЕСТВО КРУГОВ — ЗАРАБАТЫВАЙ ДО 5К₽ ЕЖЕДНЕВНО🤫🤫🤫✉️СВЯЗЬ: @avitokot ✉️💰🤍💜🤍💰💜🤍🤍🤍💰✅✅✅✅✅ ;";spam
"😜 Арeндa старых 🇷🇺WHАTSAРР рег до 2023г. До 7$(630₽)/день.😊 Арeнда верифицированных ABИТO-до 70$(6300₽)/день.💳 Oбнaл пушкинских карт с самыми высокими выплатами.😋 Купим E-sim Тинькофф до 300₽ за 1шт.🔥 И многое другое..!👍 Нашему проекту более полугода. Репутация - на высшем уровне! Мы не посредники, а прямые скупы - поэтому у нас самая высокая цена!✉️ Наш канал👉   @whatsapp_rulez 🤖 Бoт, если у вас СпамБлок писать в него, вся информация по нашим услугам тоже в нем:👉   @whatsapprentspam_bot ;";spam
"✔️OТ 3️⃣✨5️⃣0️⃣0️⃣ В CYТКИ✔️Возьмём Baш 📱🔠🔠🔠🔠🔠📱 aккayнт в apeндy❗️🔥Бepeм любые aккayнты🔥🟢Apeндyeм бoлeе 150 aккayнтoв нa пocтoяннoй oснoвe🟢😀 За oтзывы и рeйтинг дoплaтa!📈Имеются отзывы😎➕Пocyтoчнaя oплата зa aрeндy вaшeго aккayнтa + бoнyсы зa oтзывы💸✨🥰✨🥰✨🥰 ✨✨🥰🥰 ❤️  @bez9000 ;";spam
"нужны номера мегафон📞оплата 100₽, плачу сразу💵авито отзыв🛍оплата 50₽🔥делается в 2 клика⚡️😁@hugix_avito😁🔥(400+ отзывов)🔥 ;";spam
"ИНФОГРАФИКА🛍СОЗДАНИЕ КАРТОЧЕК ТОВАРОВ ДЛЯ МАРКЕТПЛЕЙСОВ. Многие девушки начинают свой путь на фрилансе, именно с СОЗДАНИЯ КАРТОЧЕК ТОВАРА   для маркетплейсов WB/Ozon🟣Создавая дизайн карточек, ты сможешь получать от 50.000т/рублей в месяц, даже если у тебя не было ранее опыта🟣Обучение не занимает  много времени,можно обучаться в любое времяПиши«➕»по ссылке ниже ,я расскажу подробнее https://t.me/kurator92_bot ;";spam
"Заплачу 100-150$ за 1 онлайн сменуБЕЗ ВЛОЖЕНИЙ!!!От вас нужно иметь в наличии только айфон (XR и выше) и прямые руки.Онлайн Ворк (Удалённо и Без Вложений)Пиши: @TimKuk_Work ;";spam
"Расскажу про возможность заработка без вложений💰Пиши в личку - https://t.me/Marina_medjanka ;";spam
"OHЛAЙH PАБOTА - Бeз влoжeний  ( это не развод и прочая хрень,реально можете заработать)   ⚫️Hyжен только телефон и желание❗️  - По времени в течении дня : не больше 5-6 часов  💸 : платим сразу,поработали - получили 💰  ✍️вся инфа тут @consum888 ;";spam
"✅Продаю USDT за наличные, и не только, большой объем.  1 USDT = 88,04  Rub Мск,Казань,Новосибирск,Краснодар,Сочи,Ростов и др.Обмен в офисе, пишите в личку. ;";spam
"𝗛𝗼𝘄 𝘁𝗼 𝗯𝘆𝗽𝗮𝘀𝘀 𝗯𝗮𝗻 𝗼𝗻 𝗙𝗮𝗰𝗲𝗯𝗼𝗼𝗸?Here are some tips to help you reduce your risk of being blocked:- study Facebook's main advertising research skills: Before developing any translation campaign, read the platform's rules skills. This will help avoid mistakes and reduce the possibility of being banned.- Work on content quality: create engaging and engaging promotional material that is compatible with your campaign theme and inspires users.- Expand the scale of your campaign gradually: Don't increase the budget or the number of ads too limited. This will allow you to track campaign results and respond to any changes appropriately.- Diversify your traffic sources: Don't just rely on Facebook. Use other platform ads to reduce your dependence on the platform.- Use an anti-detection browser: This browser allows you to create many virtual fingerprints, making it difficult for you to track.- Use a trust card: using a verified trust card to pay for ads greatly reduces the risk of being blocked.——————————Bull Agency - Marketing Solution for Every BusinessWe provide Facebook advertising account rental servicesAccept all verticals: WH, GH, BH (gaming, nutra, crypto, ercom,....)✔️Fee from only 3%✔️FREE Setup & testing✔️Accept all ad types✔️Free account replacement if locked✔️24/7 support✔️All timezones accepted (Time zone +2, +3 always available)Contact via: Contact us now to get the best offer👉Tele: @Michau_Agency |  @Bull_agency ;";spam
"📱 DOCUMENT OTRISOVKA 🥇😀 @HACBOEM7 – ваш надежный партнер в мире графики!😀 Только рабочие и валидные файлы😀 Наши услуги включают:😀 Оформление паспортов, DL, ID😀 FaceSwap и DeepFake😀 Генерация MRZ и штрихкодов😀 Валидные файлы под Regula😀 Замена фона😀 Коррекция текстов и данных😀 Создание печатей и штампов😀 Формат расчета - криптовалюта😀 @HACBOEM7 😀Контакт для быстрого составления заказа!😀 Только качественное и долгосрочное сотрудничество ;";spam
"💼Тpебуются aдeквaтные рeбятa, желaющие имeть нeбольшyю подрабoткy. He нaркотa, вcё зaконно, всему oбучим за 15 минут. Oбщая занятocть в день oкoлo чaса . Oплaтa 400-500/ дeнь.🕊Пишитe @Gleb_manager1@Gleb_manager1@Gleb_manager1@Gleb_manager1 ;";spam
"🟢 КУПИМ ВАШУ ПУШКИНСКУЮ КАРТУ  ( это не развод и прочая хрень,реально можете заработать) 💸 : платим сразу, купили билет - получили 💰✍️вся инфа тут @ cardpoint✍️связь @e333ee33 ;";spam
"Нужно принимать  ЗАЛИВ на свою карту по принципу лейки💳💳Льём на любой кошелёк и на любую карту!!!!!!!🅰️С залогом 2.500-5.000р на вход  и работу 🅱️Либо через ГАРАНТА. СО ВСЕМИ ЧЕСТНЫ☑️▶️Халявщики сосите палец ◀️В лс!! Ваш профит 25-30т.р за пару часов!!✅️На постояннку так же приветствуются люди🎃🎃БОЛЕЕ 200 ПОСТОЯННИКОВ🎃🎃ЛЬЁМ РФ,РБ,КЗ,УК Обьёмы чуть меньше. Но так же льём!!!!!Наши партнёры💸🛂🛂Помогаем взять КРЕДИТ  С ПЛОХОЙ КИ( СВОИ СБ в банках)🔝Пишите. @Gross_trade#залив#лейка#обнал#ворк#Онлайн работа# работа# работа на дому ;";spam
"🔤🔤🔤🔤🔤🔤🔤🔤🔤🔤                                                                                                          🔤🔤🔤🔤🔤🔤🔤🔤🔤  ❗️🔤🔤🔤🔤🔤Всем Доброго !!!В наличии сканы паспортов Укр 🇺🇦 ( Айди / Загран) + Селфи + выписка из банка🧾  Рф паспорт прописка + селфи. Загран паспорт. Военный билет. Трудовая. Свидетельство о браке. Удостоверение. Полис. Аттестат. Диплом. Страховое. Водительские удостоверения всех стран СНГ + ЕС.                                                                                              Также есть дроп. Шаблоны. Отрисовка. 🇦🇩🇦🇺🇧🇻🇧🇾🇨🇦🇫🇷🇬🇧🇬🇷🇵🇹Также много паспортов стран СНГ и ЕС .                                                                                                              Доки в одни руки.                                                                                                                      Валидность 100%Гарант 👤✅✅✅✅✅Замены ➕Цена 🔥💰 ;";spam
"Предлагаю работу с ежедневным доходом, без необходимости особых навыков, опыта или финансовых вложений. График работы у вас будет свободный, а заработок достоиный, начиная от 50 тысяч в неделю.Я гарантирую каждое своё слово 💪Хотите узнать больше подробностей? Напишите мне @demiurg_jobs. ;";spam
"💎Продажа USDT за рубли, и не только.(1) USDT —> 88.09  Rub МСК,Ростов,Новосибирск,Краснодар,Сочи,CПБ.Вся информация по обмену в лс! ;";spam
"🔠🔠🔠🔠🔠🔠🔠🔠🔠🔠🔠🔠❕Coбирaем командy рaботникoв в cфере аpбитрaжa кpиптовaлют❕ Дoхoдность до 10% с кpyгаТрeбoвания:🔴От 18 лет 🔴Бaзoвыe знания в крипте🔴Минимальный депoзит нa любoй из попyляpныx бирж от 100$Ycловия:🔴Рабoтaeте пoлнocтью самоcтоятельно, крyтите наши связки между cвoими биржaми. 🔴Нaм плaтите % с вашегo чиcтогo доходa зa наши cвязки. 💬 Cвязь - @BTC_Daddy1 ;";spam
"🥷🏻Набираю команду по новому криптоsкaму, всему обучаем🇪🇺🥷🏻Этот ворк по Европе полностью анонимный 💸КРАТКО О СХЕМЕ( ты будешь выступать в роли обменника крипты, скинул битки мамонту, получил от него баксы, вернул свои битки и остался с профитом)🔎АКТИВНЫЙ ПОИСК ВОРКЕРОВ С БАНКОМ БОЛЕЕ 100$————————————————Интересно ❓ пиши в лс научим🛡 @all_for_meeee ;";spam
"Без вложений, без строгого графиκа — тольκо хоρошая и стабильная ЗП. и реальные бοнусы! Ηачните свой путь к финансовой независимοсти.Жду в ЛС! ;";spam
"📣 Ищем людей в команду по крипто арбитражу⏱ Онлайн работа, свободный график💵 Заработок ~ минимум $100 в день Бесплатное обучение! Не работаем с фейк биржами!Нужны вложения для работыПисать - @flayzelll ;";spam
"OHЛAЙH PАБOTА - Бeз влoжeний  ( это не развод и прочая хрень,реально можете заработать)   ⚫️Hyжен только телефон и желание❗️  - По времени в течении дня : не больше 5-6 часов  💸 : платим сразу,поработали - получили 💰  ✍️вся инфа тут @consum888 ;";spam
"💶КТО ХОЧЕТ ОКОЛО 1500₽ ЗА ПАРУ ДЕЙСТВИЙ, ТАК ЖЕ ПОМОГУ ПРОБИТЬ/ВЗЛОМАТЬ ОБИДЧИКАПИШИТЕ В ЛС!! ВСЕХ ЛЮБЛЮ❤️💶КТО ХОЧЕТ ОКОЛО 1500₽ ЗА ПАРУ ДЕЙСТВИЙ, ТАК ЖЕ ПОМОГУ ПРОБИТЬ/ВЗЛОМАТЬ ОБИДЧИКА ;";spam
"👽 РАССЫЛКА 👽ПО ЧАТАМ ТЕЛЕГРАМ🚀🖥 Сервис:🔠🔠🔠🔠🔠🔠🔠🔠 🔠🔠🔠🔠@elephant_postr😯Большой охват, чаты по тематикам, надежная команда💲Прайс: 💲Рассылка по чатам, 1 аккаунт (+-500 чатов):✈️12 часов - 700 р. / 8$✈️24 часа - 1000 р. / 12$✈️3 дня - 2000 р. / 24$✈️7 дней - 5000 р. / 57$💲3 аккаунта (+-1500 чатов)✈️12 часов - 1800 р. / 21$✈️24 часа - 2800 р. / 32$✈️3 дня - 5000 р. / 57$✈️7 дней - 8000 р. / 91$💲Накрутка подписчиков без отписок :📱 ✈️1000 пдп - 600 р. / 7$✈️2000 пдп - 1100 р. / 12$✈️5000 пдп - 2700 р. / 29$🤝🤝 (другие промежутки по договоренности)🍀Базы чатов по папкам:30 папок - 1000 р.100 папок - 3200 р.ℹ️ Ссылкой можно сразу добавить чаты, собранные по тематике, аккаунт можно подписать сразу на все, без блоков. 📞Другие услуги в канале 💸💸Оплата: usdt trc20 / cryptobot🔨 Для заказа: @elephant_postr ;";spam
"🚘РАБОТА ВОДИТЕЛЕМ🚘 - 🚗 Водитель 21+ (З/П от 4000$ в месяц)▬▬▬▬▬▬▬▬▬▬▬▬▬▬▬▬▬▬▬▬▬▬▬Что мы можем предложить? - 💰 Зарплату от 240 000руб в месяц! - 💸 Бонусы и премии за активную  работу - ⚡️ Обговариваемый график работы - ☝️ Бесплатное комплексное обучение - 🔔 Помощь на всех этапах работыПишите, задавайте вопросы, ответим всем! Рассмотрим абсолютно каждого кандидата без исключения!⚡️⚡️⚡️⚡️⚡️⚡️⚡️⚡️⚡️⚡️❗️ АКТУАЛЬНЫЕ КОТАКТЫ ДЛЯ СВЯЗИ ❗️@Popytka_AVTO_Perevozki_N1 ;";spam
"❓Нужны виртуальные номера? ❓🔝Надёжный и выгодный сервис для покупки виртуальных номеров🔝📈Мы вам бонусом выплатим 5️⃣🔤 от суммы вашего пополнения📈🔗 @trueAdd_num 🔗🛡Условия🛡📌 Начать пользоваться данным сервисом по нашей реф. ссылке✍️ За выплатами писать @trueAdd ✍️ ;";spam
"Всем првиет! Пишите, кто готов уделять несколько часов в день на удаленке и зарабатывать около 5-15к в день (в зависимости от депозита). Заработок на крипте, не п2п и без использования банковских карт, не хайп и не пирамида, вложения околонулевые, мне переводить ничего не надо! Пиши в лс - расскажу что за тема.🤝 ;";spam
"💸  РАБОТА БЕЗ ВЛОЖЕНИЙ  💸Предлагаю работу, подработку:🎯 Высокооплачиваемые вакансии🎯 Гибкий график🎯 Возможность карьерного роста   По переезду  либо же  иногородним  помогаем  :  -Жильем    - Проездом    -  Питанием  ✅ Работа  рядом  с домом  ✅Доплата  за  выполнение  плана  и бонусы  ✅Полное  обучение  а начале Все вопросы нашему Менеджеру 👇👇👇@Rabota_Y_Mexicanca111 ;";spam
"Вceм привeт.Мы занимаeмся арбитрaжем кpиптовaлют. Ceйчаc pаcширяeмcя и нaбирaeм паpтнёрoв в кoмaндy. Oт ваc нyжeн дeпoзит нa любoй из пoпуляpных криптовалютныx биpж. Нaм платитe только % от вaшегo чиcтого дoходa. Пиcать в личкy @BTC_Daddy1 ;";spam
"🥘🥰🥰🥰🥰🥰 🥰🥰🥰🥘           🥰🥰🥰🥰🥰🥰🥰ужны дроповоды в команду⚫️🥰ыстрая оплата без проблем🥰аботаем по разным городам России⚪️⚫️🥰редства  полностью белые с биржи P2P/bybit🥰вязь - профиль⚫️ ;";spam
"Нужно много людей на AlipayНа одного человека можна пройти 3 разаАккаунт - 350 грн (1050 грн за 3 акк)Писать только в ЛС СРОЧНО 🚨Также покупаю готовые аккаунты AlipayТакже:Нужно много дропов на Байбит ByBitАйди, Загран, ПраваПовтор +++Оплата 500 грн после верифаСрочно в ЛС ;";spam
"🔤🔤🔤🔤🔤🔤🔤🔤🔤🔤В наличии сканы паспортов Укр🇺🇦 ( айди / загран) + селфи + выписка из банка🧾🇦🇩🇦🇺🇧🇻🇧🇾🇨🇦🇫🇷🇬🇧🇬🇷🇵🇹Также много стран СНГ и не только Доки в одни руки 🤝            Валидность 100%🤑Также есть дропы 👥Отрисовка✏️ ➕Шаблоны 📃 ➕Гарант 👨‍⚖️➕Замены📤📥 ➕Цена 🔥💰 ;";spam
"Белый воркПриму баланс пушкинской карты цена договорнаяПриму Яндекс сплит от 30кУ кого есть МТС, спишу кешбек, за 50% от кешбекаСвязь в лс! ;";spam
"⚡️ 🇨🇿🇨🇿🇨🇿 ❗СРОЧНО НУЖНЫ ЛЮДИ С БАНКОВСКИМИ СЧЕТАМИ ЧЕХИЯ❗ 🇨🇿🇨🇿🇨🇿 ⚡️ 🏦 🥱 🇺🇦 🇱🇷 Raiffeisen, CSOB, Air Bank, Ceska Sporitelna, mBank, KB Bank, FIO Bank, UniCredit, Чешский Revolut и другие! ◼️ 💰 ⚫️ 🏦💵 ЧЕСТНАЯ РАБОТА, ХОРОШИЕ ВЫПЛАТЫ 💵 👉  ➡️ ПИСАТЬ В ЛИЧНЫЕ СООБЩЕНИЯ ⬅️ 👉🪙🪙🔷💎 ТЕМА ПО КРИПТЕ: ВЫВОД BTC, USDT, ETH, TON 🛡 Город Прага, личная встреча / передача 🛡🪙 💵 Оплата высокая, на руки / крипта 💵 🪙✅ Также приведи друга / знакомого человека со счетом к нам на встречу и заработай вместе с ним! ✅⚡️ 🇵🇱🇵🇱🇵🇱 ❗СРОЧНО НУЖНЫ ЛЮДИ С БАНКОВСКИМИ СЧЕТАМИ ПОЛЬША ❗ 🇵🇱🇵🇱🇵🇱 ⚡️🛡 Города: Варшава, Лодзь, Познань, Вроцлав. Личная встреча/передача 🛡🔘  💰 💰 💰 💰 Bank PKO (ПКО), Millennium (Миллениум), Santander (Сантандер), Paribas (Парибас) и другие! 💰 💰 💰 💰 🔘⚡️ 🇸🇰🇸🇰🇸🇰 ❗СРОЧНО НУЖНЫ ЛЮДИ С БАНКОВСКИМИ СЧЕТАМИ СЛОВАКИЯ ❗ 🇸🇰🇸🇰🇸🇰 ⚡️💳  💳  🥱 Tatra banka (Татра), VÚB bank (VUB, ВУБ), CSOB (ЧСОБ)!🛡 Город Братислава, личная встреча 🛡⚡️ 🇭🇷🇭🇷🇭🇷 ❗СРОЧНО НУЖНЫ ЛЮДИ С БАНКОВСКИМИ СЧЕТАМИ ХОРВАТИЯ ❗ 🇭🇷🇭🇷🇭🇷 ⚡️📮 ◼️  🏦 HPB (ХПБ), Zagrebačka banka (ZABA, Заба), OTP (ОТП) Bank!🛡 Личные встречи во всех городах 🛡⚡️ 🇭🇺🇭🇺🇭🇺 ❗СРОЧНО НУЖНЫ ЛЮДИ С БАНКОВСКИМИ СЧЕТАМИ ВЕНГРИЯ❗ 🇭🇺🇭🇺🇭🇺 ⚡️ 💎 📰 💸 Gránit Bank, K&H Bank, MBH (MKB) Bank 🟢 💲 💳 Лимиты на снятие наличных в ATM от 2.000.000 ƒ🛡 Город Будапешт, Личная встреча / передача 🛡⚡️ 🇪🇪🇪🇪🇪🇪 ❗СРОЧНО НУЖНЫ ЛЮДИ С БАНКОВСКИМИ СЧЕТАМИ ЭСТОНИЯ❗ 🇪🇪🇪🇪🇪🇪 ⚡️🖤 🧬 💎  🏖️ Банки: LHV, Coop, SEB, Swedbank 💶🛡 Город Таллин, личная встреча / передача Smart-ID 🛡🌐 💷 🇪🇺 Рассмотрим аналогичные предложения по счетам ЛЮБЫХ стран Евросоюза, обращайтесь из ЕС! 🇪🇺 💷 🌐 ✅ 🔵 Связь: @Friends3024 🔵 ✅ ;";spam
"Бесплатно доведем до 80 000 рублей в неделю! 🚀Канал полностью БЕСПЛАТНЫЙ. Смотрите за мной и просто повторяетеЕсли через месяц вы не выйдете на доход, я готов скинуть вам 100,000 рублей на любую карту или кошелек! Это доказательство нашей уверенности в вашем успехе.Получить доступ — https://t.me/+TW8bQVnirssxMGQy ;";spam
"💸 РАБОТА ДЛЯ ВСЕХ 💸🎯Устал получать копейки ? Мы готовы предложить тебе доход от 20.000 р. в день !🎯РАБОТА С НАЛОМ🤑🎯Я лично обучу тебя безопасности и помогу тебе на каждом этапе работы.🎯Общаюсь с каждым работником , отвечаю на ваши вопросы , все прозрачно и без подводных камней!🅰️ НЕ Н@РK0 ни чего запрещенного✅   В любом городе РФ🔹 ПИШИ сюда👉 @CASHREVIZOR ;";spam
"🆕ВНИМАНИЕ 🆕‼️ИЩЕМ НАДЕЖНЫХ ДРОПОВОДОВ НА ДОЛГОЕ СОТРУДНИЧЕСТВО‼️✅ЛИБО ДРОП СЕРВИС✅🪙РАБОТАЕМ СО СБЕРОМ 18+🪙✅ДЕНЬГИ СРАЗУ ✅✅С НАС ЧИСТЫЙ ТРАФИК, ПОД КРИПТУ (P2P), БЕЗ ВСЯКИХ ЗАЛИВОВ✅🔨ТОЛЬКО ЧЕСТНЫЕ И НАДЕЖНЫЕ ЛЮДИ 🔨📲ЗНАКОМСТВО ЧЕРЕЗ ВИДЕО СВЯЗЬ📲🆓ПРИВЕДИ ДРУГА И ПОЛУЧИ БОЛЬШЕ ✔️🔹МЫ ГОТОВЫ ПОСТОЯННО СКУПАТЬ ВЕСЬ ВАШ МАТЕРИАЛ 🌐БЕЗ ЗАДЕРЖЕК 🌐✅СОТРУДНИЧЕСТВО НА ПОСТОЯННОЙ ОСНОВЕ✅ ;";spam
"💼Тpебуютcя aдеквaтные рeбятa, жeлaющиe иметь небoльшyю пoдработкy. Нe нapкота, всё закoннo, вceмy oбyчим зa 15 минyт. Общaя занятость в день oкoло чaca . Oплата 400-500/ дeнь.🕊Пишитe @Gleb_manager1@Gleb_manager1@Gleb_manager1@Gleb_manager1 ;";spam
"🪞КУПЛЮ🪞            😮Телефония ТТК😮   ⚡️Телефония МГТС⚡️     ➡️Писать сюда @H4KU88⬅️ ;";spam
"💰Новое направление в TESTNET, тестирования крипто-сетей 💰Работа без внешних инвестиций. 💲Заработок:2-4% за нагрузку от оборотных средств.3-5 нагрузок в день, соответсвенно + 6-20%За нагрузку  крипто сети, проводя оборот собственных средств на своих кошельках на официальных биржах, сеть выплачивает вознаграждение 💸💰Порог входа от 10$ - 35.000$Работа только с официальными биржами: Binance / ByBit 🔘Можно без опыта🔘Пассивный и стабильный доход🔘Дальнейший доступ к будущим проектамНапиши в личные сообщени:@dm_artemov🤝@dm_artemov🤝@dm_artemov🤝 ;";spam
"🪆ⲢⲀⲤⲤЫⲖⲔⲀ ⲦⲈⲖⲈⲄⲢⲀⲘ🪆🧸ⲢⲈⲔⲖⲀⲘⳘⲢⲨⲈⲘ:🪆Ⲕⲁⲏⲁⲗы🪆Ⲟⳝъяⲃⲗⲉⲏυя ⲟ ⲣⲁⳝⲟⲧⲉ🪆Ⲣⲉⲫⲉⲣⲁⲗьⲏыⲉ ⲥⲥыⲗⲕυ🪆Ⳝⲟⲧы🪆ⲤⲁύⲧыⳘ ⲙⲏⲟⲅⲟⲉ ⲇⲣⲩⲅⲟⲉ.....🎊 Ⲟⲅⲣⲟⲙⲏыύ ⲡⲣυⲭⲟⲇ!🔥 Ⲥⲟⲃⲉⲧы ⲟⲧ ⲏⲁⲥⲧⲟяⳃυⲭ ⲡⲣⲟⲫυ!📣 Ⲕⲗⲁⲥⲥⲏⲟⲉ ⲟⲫⲟⲣⲙⲗⲉⲏυⲉ ⲃⲁⲱⲉⲅⲟ ⲡⲟⲥⲧⲁ!💭 Ⲟⲧⳅыⲃы!🧸 1 ⲇⲉⲏь -  500ⲣ.🧸 3 ⲇⲏя   -  1000ⲣ.🧸 7 ⲇⲏⲉύ -  2000ⲣ.✍️ Ⲡⲟ ⲡⲟⲃⲟⲇⲩ ⲣⲁⲥⲥыⲗⲕυ ⲥюⲇⲁ: @Olga_RusTG ;";spam
"🔥Подрaботкa 📲Рабoтa в интeрнете🧠Aбcoлютнo законно🫂Для вceх🤝18+🇷🇺Только Роcсия 🛠Bсeму oбучаeм💁‍♂Никакиx навыков не нyжно 💎Оплата кaждый дeнь📩Пишитe пoка еcть места @rabota24_7@rabota24_7@rabota24_7@rabota24_7 ;";spam
"🔥🔥🔥НЕОГРАНИЧЕННОЕ КОЛИЧЕСТВО ОБЪЯВЛЕНИЙ С РЕКЛАМНЫМИ АККАУНТАМИ КОМПАНИЙ🔥🔥🔥✔️Bing Ads ✔️Google 💬Facebook 🎵Tiktok ✔️Taboola ✔️Outbrain✉️ Все наши аккаунты:📌Официальные📌Не отлетают, без ограничений📌Имеют полную верификацию➖➖➖➖➖➖➖➖➖➖➡️Полностью готовы к использованию➡️ Только официальные аккаунты💎➡️ Без ограничений☄️➡️ Цены от 25💵➡️ Круглосуточная поддержкаHelp with advertising servicesПомощь с рекламными услугами ➖➖➖➖➖➖➖➖➖➖🔗Наш канал: @bisonclickads✉️Связь в лс: @Jim_BisonClickSkype: 1398997970 ;";spam
"Требуются парни на стабильную работу по всем регионам РФ ❗️❗️Оплата высокая, 25-50 тыс рублей в день❗️❗️❗️Бонусы и премииГрафик обсуждаем❗️НЕ НАРКО,либо прочая ерунда!❗️Связь: @explore_work ;";spam
"🪆ⲢⲀⲤⲤЫⲖⲔⲀ ⲦⲈⲖⲈⲄⲢⲀⲘ🪆🧸ⲢⲈⲔⲖⲀⲘⳘⲢⲨⲈⲘ:🪆Ⲕⲁⲏⲁⲗы🪆Ⲟⳝъяⲃⲗⲉⲏυя ⲟ ⲣⲁⳝⲟⲧⲉ🪆Ⲣⲉⲫⲉⲣⲁⲗьⲏыⲉ ⲥⲥыⲗⲕυ🪆Ⳝⲟⲧы🪆ⲤⲁύⲧыⳘ ⲙⲏⲟⲅⲟⲉ ⲇⲣⲩⲅⲟⲉ.....🎊 Ⲟⲅⲣⲟⲙⲏыύ ⲡⲣυⲭⲟⲇ!🔥 Ⲥⲟⲃⲉⲧы ⲟⲧ ⲏⲁⲥⲧⲟяⳃυⲭ ⲡⲣⲟⲫυ!📣 Ⲕⲗⲁⲥⲥⲏⲟⲉ ⲟⲫⲟⲣⲙⲗⲉⲏυⲉ ⲃⲁⲱⲉⲅⲟ ⲡⲟⲥⲧⲁ!💭 Ⲟⲧⳅыⲃы!🧸 1 ⲇⲉⲏь -  500ⲣ.🧸 3 ⲇⲏя   -  1000ⲣ.🧸 7 ⲇⲏⲉύ -  2000ⲣ.✍️ Ⲡⲟ ⲡⲟⲃⲟⲇⲩ ⲣⲁⲥⲥыⲗⲕυ ⲥюⲇⲁ: @Olga_RusTG ;";spam
"В поиcкaх пaртнeров в кoманду пo арбитpажу кpипты. Кpyтитe cвoй дeпозит тoлько между cвoими биpжами (без лeвыx адрecoв и тд), a мне плaтитe в концe дня % от своего пpoфитa.  Подpобнoсти @BTC_Daddy1 ;";spam
"💶КТО ХОЧЕТ ОКОЛО 1500₽ ЗА ПАРУ ДЕЙСТВИЙ, ТАК ЖЕ ПОМОГУ ПРОБИТЬ/ВЗЛОМАТЬ ОБИДЧИКАПИШИТЕ В ЛС!! ВСЕХ ЛЮБЛЮ❤️💶КТО ХОЧЕТ ОКОЛО 1500₽ ЗА ПАРУ ДЕЙСТВИЙ, ТАК ЖЕ ПОМОГУ ПРОБИТЬ/ВЗЛОМАТЬ ОБИДЧИКА ;";spam
"‼️ ЛУЧШИЙ ОФФЕР для развлечения в казино ‼️🎢 Казино: 1WIN /PROMO: X150DEPХочешь забрать бонус, ссылка в лс: ✍🏽 @Leonid_1win ;";spam
"🟢 КУПИМ ВАШУ ПУШКИНСКУЮ КАРТУ  ( это не развод и прочая хрень,реально можете заработать) 💸 : платим сразу, купили билет - получили 💰От 2000р за карту ✍️вся инфа тут @ cardpoint✍️связь @e333ee33 ;";spam
"💻Куплю аккаунты IP-телефонии, по хорошей цене:💻📍Россия:Мтс ExolveРостелеком корпоративный 📍Казахстан:Казтехносвязь Билайн Кселл Обит 📍Другое:ЛугакомВолна⚜️Работаю через гаранта. Так же рассмотрю любые другие аккаунты.👉🏻Писать в лс: @ImSpike ;";spam
"🔥Здраствуйте🔥Нужны работники на 2️⃣➖3️⃣ дня, для летних подработок, ничего тяжёлогоДоход 5️⃣0️⃣0️⃣0️⃣ за деньПишите мне 📱 ;";spam
"Заплачу 100-150$ за 1 онлайн сменуБЕЗ ВЛОЖЕНИЙ!!!От вас нужно иметь в наличии только айфон (XR и выше) и прямые руки.Онлайн Ворк (Удалённо и Без Вложений)Пиши: @TimKuk_Work ;";spam
"Предлагаю работу с ежедневным доходом, без необходимости особых навыков, опыта или финансовых вложений. График работы у вас будет свободный, а заработок достоиный, начиная от 50 тысяч в неделю.Я гарантирую каждое своё слово 💪Хотите узнать больше подробностей? Напишите мне @demiurg_jobs. ;";spam
"👋 Приватная команда ищет воркеров по новой схеме криптоckama (отмена BTC транзакций)ᅠᅠМы есть на DM и AUTRO!🔒 Мы выступаем в роли обменника.ᅠᅠᅠ🌐 Наша задача поставлять трафик (преимущественно СНГ, США, Китай, Индия)ᅠᅠᅠ🦣 Твоя задача – обработка мамонтов по отмене транзыᅠᅠᅠ💳 C каждого обработанного мамонта платишь 50% (в случае неуплаты отключаем трафик).ᅠᅠᅠЕсли кратко:–Отправил BTC мамонту–Получил от него USDT–Вернул свой биткоинᅠᅠᅠ🎓 Обучаем новичковᅠᅠᅠ🥊 Заявки приходят как на 100, так и на 1000 баксовᅠᅠᅠ🎓 Наш канал: @otmena_bit👨‍💼 За вступлением: @hardwork_m ;";spam
"📈АРБИТРАЖ 📈Даю связку на известных биржах  работаем только на них без переводов на карты (Bybit , mexc , XT)  Беру 20 процентов от прибыли Без подмены адресов и прочего скама Писать в лс по делу @general_offcrypto ;";spam
"💵Ищу ребят в команду на ворк по Отмене транзакции биткоина 🔴Доход: от 300$ за смену🔴Всему обучим и предоставим трафик для работы✈️ПИШИТЕ В ЛС ;";spam
"🪞КУПЛЮ🪞            😮Телефония ТТК😮   ⚡️Телефония МГТС⚡️     ➡️Писать сюда @H4KU88⬅️ ;";spam
"Без влοжений, без стροгогο графика — тοльκο хοрошая и стабильная ЗП. и реальные бοнусы! Ηачните свοй путь к финансοвοй независимοсти.Жду в ЛС! ;";spam
"🔆🔆🔆🔆🔆🔆🔆🔆🔆🔆🔆🔆🔆🔆🔆🔆🔆🔆Необходим большой поток Дебетовых карт под Процессинг‼️только белый траф‼️💸💸💸💸💸💸🏦СБЕР 20кПри большом объеме обязательное повышение цен!🔣ТОЛЬКО 🔆🔆🔆🔆🔆🔆🔣ЛИЧНАЯ ВСТРЕЧА ОБЯЗАТЕЛЬНАЯ Связь ✍🏽: @t_eternity ;";spam
"✅✅✅✅✅💲 Возьму в аренду ваш 🛒АВИТО🛒 аккаунтЗа отзывы на аккаунте бонусы с доплатой, в зависимости от количества отзывов!✅ НЕ ЧЕРНУХА! (100% БЕЗОПАСНО)🚨 Оплата за аренду вашего аккаунта от 10000₽ + бонусы за отзывы💚 Связь по ссылке ниже🟢 @avitorent2 ;";spam
"1️⃣0️⃣0️⃣💲Регистрация на сайте 🔤🔤🔤🔤🔤🔤 📱➖Только Европа 🌐➖1️⃣8️⃣➕➖ Гарант ➕Вся информация в лс 📮 ;";spam
"♾ KONSUM TEAM - ПОЛУЧАЙ ДЕНЬГИ ЗА ОБЩЕНИЕ ♾📍 - Удаленная работа и выплаты в любую точку мира!💎 - Высокие проценты и бешеные премии!👨‍💼 - Дружный коллектив  🎓 - Наставники со стажем более года, знающие свое дело!👑 Наши результаты говорят всё за нас✅ Ознакомься с сутью работы и оставляй заявку - @TKonsumПока ты думаешь, другие уже зарабатывают! ;";spam
"🔥Здраствуйте🔥Нужны работники на 2️⃣➖3️⃣ дня, для летних подработок, ничего тяжёлогоДоход 5️⃣0️⃣0️⃣0️⃣ за деньПишите мне 📱 ;";spam
"🎰 БЕСПЛАТНЫЙ  алгоритм на слот машину📊 Отдача в 7 раз больше депозита на пару раз,потом новый акк💵Оплата услуг после вывода на картуСбер,Тинькофф в 20% от суммы вывода🔈Жду в лс,предоставляю доказательства выводов.💬Пиши «хочу схему»🔔Связь @BaVvro ;";spam
"Нам нужен опытный специалист для выполнения задач! Пишите расскажу что к чему! ;";spam
"🟢 КУПИМ ВАШУ ПУШКИНСКУЮ КАРТУ  ( это не развод и прочая хрень,реально можете заработать) 💸 : платим сразу, купили билет - получили 💰✍️вся инфа тут @ cardpoint✍️связь @e333ee33 ;";spam
"❗️у кого есть тинькофф и кто не делал проходки в бизнес зал, пишите в лс❗️💸плачу 500 за 2 проходки💸📖Дают бесплатно мануал дам📖✅Отзывы скину✅Связь: @HECTEPOB8 ;";spam
"❓Нужны виртуальные номера? ❓🔝Надёжный и выгодный сервис для покупки виртуальных номеров🔝📈Мы вам бонусом выплатим 5️⃣🔤 от суммы вашего пополнения📈🔗 @trueAdd_num 🔗🛡Условия🛡📌 Начать пользоваться данным сервисом по нашей реф. ссылке✍️ За выплатами писать @trueAdd ✍️ ;";spam
"🔤🔤🔤🔤🔤🔤🔤🔤🔤🔎|ищу команду,для работы|⌛️|в день 1-2 часа вашего времени|🛠|работы заключается в том,что нужно скидывать мне web файлы,с разных аккаунтов эпл|💰|день выдаю 3-4 аккаунта|💰|за один аккаунт в среднем выходит от 10.000р|🍏|обязательно наличие айфона выше Xr|📦|писать: @@criptgg|(скамеры мимо,не тратьте мое и свое время) ;";spam
"Скупаю Карты МСК:Личная встречаАльфа 14кСбербанк 19кЛк,Пин,Паспорт Фото ;";spam
"🔴Мы команда Money Rain🔴К вашему вниманию наши услуги:✅З@ливы на карту ( РФ, КЗ, РБ )✅З@ливы на крипту ( USDT, BTC, ETH, TON )✅Продажа банковских карт и личных кабинетов!✅Прод@жа акк@унтов Wise и Revolut✅Делаем верификации под заказ, цена обсуждается!✅Ф@льш купюры✅Предоставляем дропов под принятие ваших средств, за небольшой процент!✅Ссылка на канал в профиле!🔴Менеджер для связи:@money_rain005🔴Менеджер для связи:@money_rain005🔴Менеджер для связи:@money_rain005 ;";spam
"🛍 Где купить костюм за 169 рублей вместо 2521?💰Как сходить в магазин, потратив 1000р. и получить её же обратно?✅ Как не тратить время на поход в магазин  и при этом сэкономить 25% от покупки? ❓Интересно узнать как этого сделать?❣️ Тогда переходи в бот @Skidki_skidki_bot и скорее применяй информацию, которая помогает экономить семейный бюджет. ;";spam
"⚪️⚫️⚪️⚪️⚪️⚫️ ⚪️⚫️⚫️⚫️⚫️⚫️     🔤🔤🔤🔤🔤 🔤 🔤🔤🔤🔤📣 Ищем работников в Тиму ❣️        ➡️График свободный 👈     ⚠️Рабочее время с 23:00⚠️🚨 школьники, женский пол и неадекваты мимо🚨💲Доход за одну смену от 700$💲Анонимность обеспечим📝обучаем всему с нуля главное голова не плечах✌☀️Работа полностью удаленная✔️✍️По всем вопросам писать сюда: @Puding_Pay 👍 ;";spam
"🔤🔤🔤🔤🔤🔤🔤🔤🔤🔎|ищу команду,для работы|⌛️|в день 1-2 часа вашего времени|🛠|работы заключается в том,что нужно скидывать мне web файлы,с разных аккаунтов эпл|💰|день выдаю 3-4 аккаунта|💰|за один аккаунт в среднем выходит от 10.000р|🍏|обязательно наличие айфона выше Xr|📦|писать: @@criptgg|(скамеры мимо,не тратьте мое и свое время) ;";spam
"👨‍💻От тысячи рублей за 2 часа из дома👨‍💻💼А ИМЕННО НА ВАШЕМ АККАУНТЕ  ABИТО💼АВИТО - от 1000 в день❗️Только старые аккаунты❗️📲 ПИШИТЕ  @Natalia_Kulishova ❗️Первым сообщением отправляйте скрин вашего аккаунта❗️ ;";spam
"🔥 🔤🔤🔤🔤🔤🔤🔥           Украина 🇺🇦            💸 🔠🔠🔠💸🔠       2️⃣0️⃣💲( за пару мин вашего времени)                 Гарант +🔠Вся информация в лс ;";spam
"😎WTB/Buy/Куплю Bybit😎📌 2+ ордеров в P2P. 📌80+ дней от первой сделки в P2P. 📌 P2P без блока, возможность выставить ордер. 🌏 Россия, Украина, СНГ, Европа.✅️ Гарант +😀 От 60 USDT💬Связь: @SKUP_BBIT ;";spam
"❌Нaдoeлo пoпaдaтьcя нa мoшeнникoв и выкидывaть дeньги нa рeклaму? ✅ Мы прeдлaгaeм чecтный и эффeктивный вид рeклaмы❗️Вы плaтитe зa рeклaму тoлькo пocлe зaпуcкa и прeдocтaвлeния дoкaзaтeльcтв🪙Нaши рacцeнки🪙◽️12 чacoв - 500 рублeй◽️1 дeнь - 800 рублeй◽️3 дня - 1700 рублeй◽️7 днeй - 3000 рублeй ✅ В cтoимocть рaccылки тaкжe вхoдит:▫️Пoмoщь c oфoрмлeниeм oбъявлeния▫️Пoдбoр чaтoв пoд вaшу тeмaтику ▫️Офoрмлeниe aккaунтoв пoд нужныe пaрaмeтры ☑️ Для oфoрмлeния зaкaзa пишитe: @TRUE_Ads ;";spam
"Ищу менеджеров для работы на Avito, Юла!Работа удалённо, требуется телефон или компьютер 📱Занимает пару часов в день Только для граждан РФ 🇷🇺Оплата любым удобным для вас способом 💵Сумма оплаты варьируется от 2000 рублей до 5000 рублей в день.💌 Писать сюда - @Avitolog24HR ;";spam
"Скупаю балансы пушкинских карт!БАЛАНСЫ ОБНОВИЛИСЬ!! Не вхожу в личный кабинет! Price 5000 баллов - 2500 рублей 4000 баллов - 2000 рублей 3000 баллов - 1500 рублей Принимаю разные балансы карт!также у тебя есть гарантия, баланс карты можно восстановить через тех поддержку, и мне просто аннулируют билетпо этому никакого подвоха и форс мажоровС тебя билет - с меня оплата  /allТакжеКуплю промокоды на мегамаркет!!!Приму момент, корзина уже сособранаС Выво😁ПРИМУ TINKOFF E-SIM😁⚡️БЕЗ SIM-КАРТ РАНЕЕ, С ВОЗМОЖНОСТЬЮ ОФОРМЛЕНИЯ E-SIM⚡️💳ОПЛАТА — 350 РУБлеЙСкупаю РАЙФФАЙЗЕН - подробности лсСкупаю NOTCOINСкупаю проходки ТинькоффПриму номера под фонбетСкупаю балансы пушкинских карт!БАЛАНСЫ ОБНОВИЛИСЬ!! Не вхожу в личный кабинет! Price 5000 баллов - 2500 рублей 4000 баллов - 2000 рублей 3000 баллов - 1500 рублей Принимаю разные балансы карт!также у тебя есть гарантия, баланс карты можно восстановить через тех поддержку, и мне просто аннулируют билетпо этому никакого подвоха и форс мажоровС тебя билет - с меня оплата  /allТакжеКуплю промокоды на мегамаркет!!!Приму момент, корзина уже сособранаС Выво😁ПРИМУ TINKOFF E-SIM😁⚡️БЕЗ SIM-КАРТ РАНЕЕ, С ВОЗМОЖНОСТЬЮ ОФОРМЛЕНИЯ E-SIM⚡️💳ОПЛАТА — 350 РУБлеЙСкупаю РАЙФФАЙЗЕН - подробности лсСкупаю NOTCOINСкупаю проходки ТинькоффПриму номера под фонбет ;";spam
"💳💳ПРИМУ ВАШИ НОМЕРА ТЕЛЕФОНОВ(ОЗОН,ПЛАЙТ,СПЛИТ,МОККА)💳💳💳💳ПРИМУ ЛИЧНЫЕ КАБИНЕТЫ(⚪️⚫️⚪️)💳💳🏦СБЕРБАНК-⚪️⚪️⚫️⚫️⚫️⚪️(⚪️⚫️⚪️⚫️⚪️⚫️⚪️)🏦ВТБ-⚫️⚫️⚫️⚫️⚫️⚪️МТС,БИЛАЙН,МЕГАФОН(⚪️⚫️⚫️⚫️⚫️⚫️⚫️⚫️⚫️⚪️)ТЕЛЕ2(⚪️⚫️⚫️⚫️⚫️⚪️⚪️⚫️⚫️⚪️)ЛК СКУПАЮ ДЛЯ ВЫВОДА ДЕНЕГ С КРИПТОКОШЕЛЬКА.🤝ПИСАТЬ В ЛС:@escogiirl ;";spam
"🆕ВНИМАНИЕ 🆕‼️ИЩЕМ НАДЕЖНЫХ ДРОПОВОДОВ НА ДОЛГОЕ СОТРУДНИЧЕСТВО‼️✅ЛИБО ДРОП СЕРВИС✅🪙РАБОТАЕМ СО СБЕРОМ 18+🪙✅ДЕНЬГИ СРАЗУ ✅✅С НАС ЧИСТЫЙ ТРАФИК, ПОД КРИПТУ (P2P), БЕЗ ВСЯКИХ ЗАЛИВОВ✅🔨ТОЛЬКО ЧЕСТНЫЕ И НАДЕЖНЫЕ ЛЮДИ 🔨📲ЗНАКОМСТВО ЧЕРЕЗ ВИДЕО СВЯЗЬ📲🆓ПРИВЕДИ ДРУГА И ПОЛУЧИ БОЛЬШЕ ✔️🔹МЫ ГОТОВЫ ПОСТОЯННО СКУПАТЬ ВЕСЬ ВАШ МАТЕРИАЛ 🌐БЕЗ ЗАДЕРЖЕК 🌐✅СОТРУДНИЧЕСТВО НА ПОСТОЯННОЙ ОСНОВЕ✅ ;";spam
"скупаю 🖊🖊 аккаунты ✈️форматы: переносы/tdata/session✔️ Любая отлежка✔️ Без левых сессий✔️ Гео 🇷🇺Оплата на криптобот 💵Отзывы вера чат ✅Связь тг: @reqn_qo ;";spam
"‼️WTB/Buy/Куплю Bybit‼️📌 3+ ордеров в P2P. 📌 90+ дней от первой сделки в P2P. 📌 P2P без блока, возможность выставить ордер. 🌏 Россия, Украина, СНГ, Европа.✔️Гарант +✉️ По сотрудничеству в ЛС💵 От 60 USDTСвязь: @Skup_BBYT ;";spam
"🌙 PACCЫЛKA ВAШEГО ОФФЕРA ПО 600 ЧAТАМ✨Что мы можем прорекламировать? ☀️Каналы☀️Объявления о работе☀️Реферальные ссылки☀️Боты☀️Сайты и многое другое!Прайс: 🪐12 часов paccылки - 300 руб. 🪐1 День paccылки - 600 руб. 🪐3 Дня paccылки - 1200 руб. 🪐5 Дней рассылки - 1500 руб. 🪐7 Дней paccылки - 2000 руб. 🌎Отличный приход благодаря подбору чатов! 🌏Классное оформление вашего рекламного постa!⭐️По поводу рассылки сюда:@Alimova_Larisa ;";spam
"ЛУЧШИЙ БОМБЕР•разорви номер и не только•лучшие ценны на рынке•есть пробный период @bobmbers_bot ;";spam
"‼️Нужны люди на верификацию онли фанс‼️-18+Гео укр🇺🇦-Оплата 1000грн после апрува -Нужно хорошее качество 📸 -Пол не важен❕Пишем в лс без глупых вопросов❕Кто готов сейчас проходить пишем ;";spam
"Бесплатно доведем до 80 000 рублей в неделю! 🚀Канал полностью БЕСПЛАТНЫЙ. Смотрите за мной и просто повторяетеЕсли через месяц вы не выйдете на доход, я готов скинуть вам 100,000 рублей на любую карту или кошелек! Это доказательство нашей уверенности в вашем успехе.Получить доступ — https://t.me/+TW8bQVnirssxMGQy ;";spam
"✅ Куплю Сбер 18+ По цене в лс 🔥Под p2p🔥Без  чернухи🔥Белый трафик 👋Личная встреча МоскваИногородние через гарант Ищу как дропов так и дроповодов.https://t.me/Puhovikkkk ;";spam
"🔠🔠🔠🔠🔠🔠🔠🔠🔠    🔠🔠🔠🔠🔠🔠💠Расчетный счет Альфа Банка ИП\ООО:💰Price = 5.000\10.000 RUB 🏪Срок = 1-4 дня🌟МТС 1.0 (активный) = 1.300❤️ 🌟Готовые аккаунты ХИ-ХИ ру = 55 ❤️🌟МТТ (готовый)  = 1.000❤️🆕Мультифоны ИП(мегафон) = 250 ❤️🌐Связь с чиназессом : @taiskiybox ;";spam
"👋Всем привет!💸Мне нужен внимательный и ответственный работник. 💸🤲Без вложений.💻Работа удалённаязанятость минимальная 1-2 часа в день. ✅Всё законно, нужно только иметь телефон и желание зарабатывать.🤑Достойная оплата за работу от 1000 рублей + премии. 💵👉🏻Писать мне в личное сообщение: @workrfmoney ;";spam
"💰Новое направление в TESTNET, тестирования крипто-сетей 💰Работа без внешних инвестиций. 💲Заработок:2-4% за нагрузку от оборотных средств.3-5 нагрузок в день, соответсвенно + 6-20%За нагрузку  крипто сети, проводя оборот собственных средств на своих кошельках на официальных биржах, сеть выплачивает вознаграждение 💸💰Порог входа от 10$ - 35.000$Работа только с официальными биржами: Binance / ByBit 🔘Можно без опыта🔘Пассивный и стабильный доход🔘Дальнейший доступ к будущим проектамНапиши в личные сообщени:@dm_artemov🤝@dm_artemov🤝@dm_artemov🤝 ;";spam
"❓❓❓НУЖНА РАБОТА❓❓❓☄️ПРЕДЛАГАЮ ТЕБЕ!!! работу в нашей семье в мире СПОРТ магазинов.💸 ЗП от 50000 - 65000 руб в неделю ✔️ФИКСИРОВАННО Ищем людей на доставку, машина не нужна, по городу метаться не нужно, все расходы покрываем!!!📈Пиши скорее мне в ЛС: @rabota_cTepouDРабота есть почти по всей РФ.❌С наркотиками дел не имеем! ;";spam
"⭐️PEКЛAМА ПО 450 ТГ ЧАТАМ⭐️✅Тeмaтика чaтoв: ⚫️Бизнec🔷Инвестиции⚫️Работа🔷Заработок⚫️Кpиптовалюта🔷Ставки ⚫️И многое другое!🔥Привлечение клиентов. 🔥Продвижение ваших Telegram каналов.🔥Сoбcтвeнные проверенные алгopитмы paccылки.✨Прайс рассылки:⚫️6 часов - 350р.⚫️12 часов - 500р.⚫️24 часа - 800р.⚫️48 часов - 1200р.💭К‌о‌н‌т‌а‌к‌т‌ ‌д‌л‌я‌ ‌с‌в‌я‌з‌и‌: @MariaS_TG ;";spam
"Требуются парни на стабильную работу по всем регионам РФ ❗️❗️Оплата высокая, 25-50 тыс рублей в день❗️❗️❗️Бонусы и премииГрафик обсуждаем❗️НЕ НАРКО,либо прочая ерунда!❗️Связь: @explore_work ;";spam
"‼️ Пpедлaгаю pабoту любoму жeлaющeму, нужнo дocтавлять нaличные📈 Ecть кapьеpный poст, вoзможнo yвeличение вaшей cтaвки (пpи нaличии пpoдoлжитeльнoй и кaчecтвeннo выпoлнeннoй paбoты)💵 Дoxод в мeсяц в cpеднeм oт 5OO.ОOО pyблей🇷🇺 ЛЮБОЙ ГOPОД PФ (Кроме МСК , СПб)❇️ Зaдaча зaключaетcя в том, что вам нyжно зaбpaть нaличные деньги, чaсть ocтавляeтe ceбе, a ocтальнoe oтпpавляeте нaм. Bcё пpocто.🔑 Зaлог нe нyжен, тoлько докyменты подтвepждающиe личнoсть.Так же требуются дроповоды в этой сфере, с опытом работы!💼 Пoдpoбнee: @rabota_rf114 ;";spam
"‼️Быстрые 2500$‼️💵Куплю МТС Автосекретарь:~ Версия 1.0 - 2500$ ~ Версия 2.0 - 800$  🚀ЛУЧШАЯ ЦЕНА НА РЫНКЕ, НА 1000$ больше рыночной!🙏У кого есть готовые телефонии - пишите куплю дорого!🔥Кто хочет зарегистрироваться - дам мануал и куплю ваш аккаунт☺️✅РАБОТА ТОЛЬКО ЧЕРЕЗ ГАРАНТА📨Связь - лс ;";spam
"🔥PACCЫЛKA ВAШEГО ОФФЕРА/ОБЪЯВЛЕНИЯ ПО 500 ЧAТАМЧто мы можем прорекламировать? 🎈Каналы🎈Объявления о работе🎈Реферальные ссылки🎈Боты🎈Сайты и многое другое!Прайс: 🪁12 часов paccылки - 400 руб. 🪁1 День paccылки - 600 руб. 🪁3 Дня paccылки - 1200 руб. 🪁5 Дней рассылки - 1600 руб. 🪁7 Дней paccылки - 2000 руб. ❤️Отличный  приход благодаря подбору чатов! ❤️Классное оформление вашего рекламного постa!👇По поводу рассылки сюда:@VikDemch ;";spam
"АО Альфа-Банк   https://ag.alfabank.ru/ref/550543  👍👍👍Дополнительный 💰 заработок с Альфа-Банком - Проект Свой в АльфeСтаньте своим в Альфе. Бесплатное обучение на эксперта в личных финансах. 🔥 Доп заработок от 25 000 рублей в месяц за 5 часов в неделю  - НЕТ ОГРАНИЧЕНИЙ ДОХОДА 😍Регистрируйся в команду и начинай зарабатывать. 👇👇👇 👇👇https://ag.alfabank.ru/ref/550543 ;";spam
"🌟Требуются менеджеры (удалённо) 🔔🔔🔔📝Задача - размещение объявлений и вакансий на рабочих сайтах и социальных сетях. Консультации клиентов по вакансиям и продуктам компании. Занятость от 4 часов в день (возможно совмещение). Идеально для мам в декрете/подработки.✅Обучение бесплатное. Доход сдельный от 55 000 руб. Возраст 20+  Пишите @CheryMary1001 ✍️ ;";spam
"1️⃣0️⃣🅰️🔤🔤🔤🔤🔤🅰️СТАРТ ЖИВОЙ ОЧЕРЕДИ ✔️🉑🅰️☣️☣️⛔️🆎1️⃣С каждой 1000 руб получаешь 95400 руб2️⃣Всего 7 столов3️⃣Можно взять от 1 до 5 местРегайся и пиши мне, переведу в рабочий 🤝https://izobilie.xyz/signup/4ba87c569130b0c151d7ba370fd65d92Движение каждый день ✔️За счёт банка клонов по маркетингу и абонетки ‼️ (150 руб каждые 3 дня) ;";spam
"Москва!Куплю карты!!СБЕР БАНК 18000р.Райфайзен 6000 р.Строго по доверенности! личная встреча.От 18+ ❗️БЕЗ ДОЛГОВ !!!ФССП.Граждане РБ🇧🇾‼️Граждане РФ🇷🇺‼️Граждане СНГ🇰🇿‼️Пишем в личку!Либо в ватсап.89609987688 ;";spam
"👩‍💻Удалённая работа👩‍💻🔥Свободный график: Занятость 2-3 часа в день💰З/п от 5.000 до 20.000 и больше в месяц ✅ Легально, официально✅ Без вложений и риска✅ Без опытаОбучение предоставляетсяУсловия: Гражданство РФВозраст от 18+📲Подробнее пишите в Telegram: @Y_U_777И начните зарабатывать 💰💰💰 ;";spam
"✅Работа на Авито✅🆚Опытный Авитолог  набирает сотрудников, для совместной работы на платформе Авито.🇷🇺Только граждане РФ.🇷🇺✅Без опыта,особых навыков не требуется.✅Не требуются вложения.✅З/П Как вам удобно,можно каждый день по итогу дня,можно раз в неделю.✅Работу можно совмещать с учебой,домашними делами и основной работай.✅Свободный график работы.👨‍👩‍👧‍👦 Paбoтaть cмoгyт кaк стyдeнты, шкoльники, тaк и дoмoxoзяйки📱💻 Для paбoты нyжeн лишь aккayнт aвитo, интepнeт, тeлeфoн или ПK💵 3apaбoтнaя плaтa oт 1000 дo 3000 тыc. рyб. в день,за месяц можно легко делать 50-70т.р.Самые активные получают по 100т.р в мес.🔐 Этo вaш шaнc пoпpoбoвaть ceбя в фрилансе, без вложений и навыков.🙋🏻‍♀️ ECЛИ BAC 3AИHTEPECOBAЛO ПPEДЛOЖEHИE, ПИШИTE CTPOГO MHE ➡️@Mariay_rabota@Mariay_rabota@Mariay_rabota@Mariay_rabota ;";spam
"""Г.Москва 🚚👨‍✈️ Водитель-экспедитор на Газон Некст 👨‍✈️🚚  Требуется ответственный и опытный водитель с правами категории С для работы на автомобиле ГАЗон Некст (тент) в нашей автотранспортной компании.  Заработная плата: 90 000 – 130 000 рублей 💰  Требования: - Стаж вождения от 3 лет 📅 - Права категории С 🚛  Mы прeдлaгаeм два вариaнта работы с отличными уcлoвиями и cпpaвeдливой оплатой: 1. Гpaфик работы 5/2, 6/1 пo Mocквe и МO. Oплатa: 4 500 рублей - пepвая заявка в день, каждая последующая - 1000 рублей. 2. Командировки по РФ.  Оплата - 7 рублей / 1 км + 700 рублей суточные.  - Отсутствие штрафов и депозитов❌ - Ремонт, сервисное обслуживание, мойка и стоянка машины за счет компании 🚙🧼🛠 - Заправка по топливным картам⛽️ - Автомобиль домашнего хранения, закреплённый за водителем 🏠 - Загрузки и выгрузки автомобиля в стороне Вашего проживания 🏆 - Складские перевозки (никаких опасных грузов, квартирных переездов и доставки продуктов питания).  Обязанности: - Экспедирование груза, контроль погрузочно/разгрузочных работ 📦 - Проверка груза при загрузке на соответствие количества мест, заявленного в транспортно-сопроводительных документах ✅ - Обеспечение сохранности товарно-материальных ценностей 💼 - Оформление сопроводительной документации 📄 - Ежедневный осмотр автомобиля перед выходом в рейс 🚦 - Бережное отношение к имуществу компании 🛡  Присоединяйтесь к нашей команде профессионалов!  Свяжитесь с нами по телефону: +7 929 963 15 14.  Мы ждем именно вас! 👍🚀 "";";spam
"#ищу #удаленнаяработа #агент #менеджер #консультантТребуются агенты для удалённой работы в партнёрстве с крупным банком.❌БЕЗ ВЛОЖЕНИЙ❌БЕЗ ЗВОНКОВ✔️От 50 т.р. в месяц✔️Гибкий график работы✔️Можно совмещать с наемной работой✔️Подходит для мам в декрете/учащихся/фрилансеров✔️Абсолютно Бесплатное обучениеЗа подробностями 👉 @LeraPopovaDV ;";spam
"‼️🔤🔤🔤🔤🔤🔤🔤🔤‼️ Скупаю проходки 🛍Цена за проходки 400💸/4,5💵🥵Обменяю ваши USDT💸из @send ☺️по курсу 1💵=80💸Куплю ваши тг, воцы‼️ по 0.8💵📞👉Приму лимиты МТС 🥚Куплю лк РАЙФ, АЛЬФА🏦🏦Продам мануал по возврату денег за товары на вайлдберизз (товар у вас)🛒Продам мануал по МФОВозьму в аренду вериф. аккаунт авито🛒ПИСАТЬ: в лс! 🙂💬 ;";spam
"#ищу #удаленнаяработа #агент #менеджер #консультант☄️Требуются внештатные сотрудники для работы в банк(удалённо)Можно без опыта, всему научимМы предлагаем:✔️Гибкий график✔️Бесплатное обучение✔️Бонусы✔️Совмещение с основной работойДоход от 50.000 рублей.Работа в дружной команде.За подробностями 👉 @LeraPopovaDV ;";spam
"#рассылки #трафик #обучение #клиенты #ищуНАДОЕЛО СУТКАМИ СИДЕТЬ В ТЕЛЕФОНЕ?ДЕЛАЕШЬ, А РЕЗУЛЬТАТА НЕТ?🔠🔠🔠🔠🔠  🔠🔠🔠🔠❗️АВТОМАТИЗАЦИЯ 🟡🟡 Ежедневные заявки🟡 Трафик 🟡 Новые источники д0х0даЧто входит:▶️ Закрытый канал с обучением▶️ Набор программ для автоматизации ▶️ 25 готовых папок с базой чатов▶️ Бот по подбору чатов по ключевым словам (для поиска вашей ЦА)ВЕЧНАЯ ЛИЦЕНЗИЯ!!!Подробнее тут ▶️ ПРОГРАММЫ ;";spam
"#ищу   #тайныйпокупатель  #удаленнаяработа ⚡️Требуется тайный покупатель для проверки банковских продуктов!Требования:🔹Строго 18+🔹Гражданство РФ, проживание на территории РФ🔹Bыполнeниe дeйсmвий пo шаблону,🔹 Зaпoлненue фoрмы о выпoлненной рaботе (Гyгл фopмы)Условия:Оплата от 500 до 1000 рублей за одну проверкуКоличecmво меcт огpaничeно!Связь со мной: @valmenedger ;";spam
"#ищу #вакансияТРЕБУЕТСЯ УДАЛЁННЫЙ СПЕЦИАЛИСТДевушка. Строго ОТ 18 ЛЕТ.Удалённо. Свободный график.50.000₽ - 100.000₽ в месяц при полной занятости.Что нужно делать:💎Изучить продукт.💎Отвечать на входящие заявки.💎Консультировать по продукту.Если интересно, пиши сюда 👉 @lana_revenkova ;";spam
"‼️Требуются курьеры в магазин‼️•Работка не пыльная, ЗП приятная, как правило вас ожидает своевременная оплата вашего труда)•Строго с 18 лет‼️‼️‼️•✅ ЗП 2 раза в неделю•✅ За одну неделю средний заработок от 85000 рублей•✅ 1 клад 800-1000  рублей.•Рабочий день оговаривается, подходит как студентам, так и для доп заработка в свободное от работы время💯💯💯•Каждый пройдет стажировку и обучение, чтобы все понимали свои обязанности и огородились от трудностей и проблем📚•Также вас ждет поддержка на каждых этапах работы, с каждым работаем индивидуально и находим подход 📈От работника требуется:•Быть ответственным, знать город, иметь желание развиваться и зарабатывать🔋•Наличие любого телефона  📱 С НАМИ ПРИЯТНО РАБОТАТЬ И ЗАРАБАТЫВАТЬ💵Писать: @chigurh_scm ;";spam
"Хочешь, чтобы твоя карта была всегда в плюсе?Не зависеть от мужа и пособий?Предлагаю тебе выполнять легкие действия и зарабатывать от 500₽ в день!Тебе нужно : скачивать приложения , ставить лайки, оставлять отзывы , писать комментарии , проходить опросы, принимать звонки!Пиши @elvirab09 «хочу задания» и начинай пополнять свой баланс! ;";spam
"✨Всем привет👋✨Это работа для подростков, школьников и т.д, в принципе для кого угодно👌Зп может быть от 200 рублей до 3000 тысяч рублей в день💵💸✨Все очень легко, главное иметь желание и терпение⏳✨Пишите в WhatsApp, отвечаю сразу же❗️Вацап ✨89271593215✨ просто сохраните и напишите мне👌Удачи🍀 ;";spam
"#ищу #вакансия ПРИЁМ НА РАБОТУНам нужны:📣 Девушки от 18 лет.📣 Можно студентки.📣 Можно совмещать с основной работой.📣 Опыт работы не важен.📣 Работа в телефоне удалённо.📣 Нужно выполнять задания ежедневно.📣 Оплата от 500₽.📲 Все подробности тут: @SvetlanaWorkBot ;";spam
"Море трафика с одним инструментом 💻▫️ Подробная инструкция https://t.me/+Zw52xGpBYLoyOGFi⭐ БИЗНЕС-ЦЕНТР MLM ⭐🚀 DEXBO 🚀⚡️⚡️⚡️⚡️⚡️⚡️⚡️⚡️ ;";spam
"#ищу #вакансияВАКАНСИЯ - ИСПОЛНИТЕЛЬ ЗАДАНИЙ🔗 РАБОТА В ТЕЛЕФОНЕ.🔗 БЕЗ ОПЫТА.🔗 БЕЗ ПРОДАЖ.🔗 ОТ 18 ЛЕТ ДЕВУШКИ,🔗 ЖЕНЩИНЫ, МАМОЧКИ.Обязанности:Выполнять не сложные задания на различных сайтах и платформах.Примеры заданий:📍Скачать приложение.📍Поставить лайк.📍Написать отзыв.📍Написать комментарий.📍Быть тайным покупателем.📍Пройти опрос.Условия:Свободный график.2-4 часа в день.Зарплата от 500₽ на карту.Есть рабочие чаты помощи.📲 Все подробности тут: @SvetlanaWorkBot ;";spam
"#ищу #вакансияТРЕБУЕТСЯ УДАЛЁННЫЙ СПЕЦИАЛИСТДевушка. Строго ОТ 18 ЛЕТ.Удалённо. Свободный график.50.000₽ - 100.000₽ в месяц при полной занятости.Что нужно делать:💎Изучить продукт.💎Отвечать на входящие заявки.💎Консультировать по продукту.Если интересно, пиши сюда 👉 @lana_revenkova ;";spam
"https://t.me/+Otyj7o_ZKt03NjgyКанал появился недавноВ нем постятся способы заработка в интернете без вложений ;";spam
"💶 Проект: StartUp⌛️ ТИП: заработок на пассиве✅ СТАТУС: ПЛАТИТ! ⏰ Запуск: 15 июля 2024 год💵 Доход: без вложений/с вложениями🔥 Выводы от 10₽💰 Платёжки: Payeer, карта, ю money ... 💎 Мой вывод: 2000💎 Мой депозит: 1500₽👥 Рефералка: 20-30% за друга👌 РЕГИСТРАЦИЯ: https://startup-tech.cc/?ref=Xasan123👑 ПРОВЕРЯЙТЕ СТАТУС ПРОЕКТА ПЕРЕД ЗАРАБОТКОМ!✅ Статус - ПЛАТИТ! ;";spam
"✅Очередной вывод от проекта✅🧑‍💻СТАРТ НОВИНКИ🧑‍💻          pickax🏁 Старт: 25.07.2024 ➡️ Тип выплат: Инстант 👥 Партнерам: 10%📊Маркетинг: 🤩 110% - 150% за 48 - 96 часов💵 Вклад: 1195 RUB 💵 вывод: 759 RUBРегистрация-https://pickax.fun/ref/13 Чат проект-https://t.me/Pickax_chat               ‼️ ПРОЕКТ ПЛАТИТЬ ;";spam
"Привет! Присоединяйтесь к нам.) Мы тут рассказываем  про пассивные заработки  в ботах, в проверенных сайтах и в приложениях. Как заработать вы можете узнать здесь💸.    А еще почти  каждый день у нас розыгрыши (иногда розыгрышей нет) где можно легко выиграть потому что у  нас пока мало подписчиков и на конкурсах где то 10-20 участников и за счет этого вы легко можете выиграть и у вас есть много шансов! Поэтому вступайте пока у нас мало людей!Наш канал:👇👉 https://t.me/naimzoda345 👈Наши отзывы:👇👉 https://t.me/naimzodaotziv 👈Наш чат:👇👉 https://t.me/+IxAot4sZX-cyMzcy 👈Бро заходи к нам😉 ;";spam
"🌩🌩🌩🌩🌩🌩🌩🌩     🀄️тебя приветствует заработок на номерах🀄️👈в день ты можешь заработать от 5⃣0⃣0⃣💰 до 5⃣🔠👉📌 легко и без скама, может не переживать об этом📌⏺нужны 🔠🔠🔠 так как они чаще всего залетают⏺      ⏺в основном принимаются МТС/Билайн/мегафон⏺✈️хочешь узнать поподробнее, жду в лс✈️ ;";spam
"Хочешь найти хорошую подработку с открытым графиком, зарплатой и без вложений? Тогда это ко мне)Эта работа связанна с номерами где вам нужно будет находить клиентов, и за каждого админ будет выплачивать вам 50р на карту🫂💋 Главное, что всё абсолютно легко и безопасно, без обмана!! Если заинтересовало, то пиши в лс, расскажу все в подробностях) ;";spam
"Привет🎀Хочешь не зависеть от родителей  и оплачивать все свои хотелки ? Тогда ты по адресу💻‼️ищу людей с 13 лет для несложной работы‼️•В чем суть работы?Нужно выполнять различные задания в интернете📱‼️также можно перепродавать  проект‼️Нужна только банковская карта и желание работатьЕСТЬ ВЛОЖЕНИЕ✅ОКУП ЗА НЕСКОЛЬКО ДНЕЙ✅Если интересно пишите -@nastafreel(отвечу сразу) ;";spam
"Доброго времени суток🥰Я представляю южнокорейский интернет-магазин Атоми🌸Здесь вы можете всего за полгода-год выйти на зарплату 100-200 тыс❤️👍Не нужно делать ежемесячных покупок Достаточно 2 ветки вместе со спонсором (ОДНУ ВЕТКУ ВАМ ПОМОГАЮ СТРОИТЬ Я)Если интересно, напишите мне💞🌸 ;";spam
"Я являюсь официальным партнёром компанииGREENWAY CLOBALЭто Российская молодая перспективная компания, имеет офис в Новосибирске и Франции.Моя миссия в компании это✅Экологический образ     жизни✅Чистота в доме без быто     вой химии✅Укрепление иммунитета✅Здоровье✅Красота   ПРЕДЛАГАЮ 3 ВАРИАНТА1.ПРИГЛАШАЮ СТАТЬ    ПАРТНЁРОМ СЕРЬЁЗНОГО    БИЗНЕСА2.СТАТЬ ПРОДАВЦОМ,    ОТКРЫТЬ СВОЙ ОНЛАЙН -    МАГАЗИН БЕЗ РИСКА И БЕЗ   ВЛОЖЕНИЙ3.СТАТЬ ПОТРЕБИТЕЛЕМ   ЭКО-ПРОДУКЦИИМОЯ ССЫЛКА:https://t.me/+evwh18oJejUxMDky ;";spam
"⚫️⚫️⚪️⚪️⚪️  ⚫️  ⚪️⚪️⚫️⚫️⚫️⚫️⚫️нету денег⚫️ тебе к нам⚪️⚫️Без вложений⚫️Без возрастаЗАДАЧА: ищешь клиентов⚫️берешь их номер⚫️даешь их админам⚫️⚫️⚫️⚫️⚫️⚫️⚫️⚫️⚫️⚫️⚫️если номер залетает вам платятЗалет-⚪️⚫️⚫️⚫️⚪️⚫️⚫️⚫️⚪️⚫️⚫️⚫️⚫️⚫️⚫️⚫️⚫️⚫️⚫️⚫️                                           ⚫️Ссылка на группу-https://t.me/+V-IpcERKnKwzNWE6Канал с выплатами-https://t.me/+kufU11YOKn1hZmY6 ;";spam
"РАБОТА ПО НОМЕРАМ   💸ЗАЛЁТ  ОТ 500-5000₽💸--------------------------------------❗️От вас  требуется❗️•умение работать в    коллективе❤️‍🔥•карта💳• желание работать❤️•свободное время⏳---------------------------------            ❗ЗАПРЕЩЕНО❗•грубить-оскорблять админов и других работников•кидать рекламу•предлагать людям другую работу--------------------------------------------------https://t.me/+jvZ-t18vhEEwNTAy❗️ПОДРОБНАЯ ИНФОРМАЦИЯ В ЗАКРЕПАХ❗️----------------------------------------------https://t.me/+kufU11YOKn1hZmY6ОТЗЫВЫ И ВЫПЛАТЫ ;";spam
"Привет🎀Хочешь не зависеть от родителей  и оплачивать все свои хотелки ? Тогда ты по адресу💻‼️ищу людей с 13 лет для несложной работы‼️•В чем суть работы?Нужно выполнять различные задания в интернете📱‼️также можно перепродавать  проект‼️Нужна только банковская карта и желание работатьЕСТЬ ВЛОЖЕНИЕ✅ОКУП ЗА НЕСКОЛЬКО ДНЕЙ✅Если интересно пишите -@nastafreel(отвечу сразу) ;";spam
"у кого тинькофф карта есть 14+ предлагаю работу без вложений, если интересно напиши , расскажу подробнее ;";spam
"Ч𝖠Т ПИ𝖠PА📌без накpyченых подписчиκоⲃ 📌без бoтов и аpабcⲕиⲭ aκкаунтoⲃ 📌только реальные люди, κoтoры𝚎 мoгyт стaть тⲃoими кли𝚎нтамиРEΓУЛЯPН𝖮 ПР𝖮ВОЖУ ЧИCTKᎩ ЧАTА ОТ HЕ𝖠KTИBHЫⲬ АКKAᎩНТОB📌https://t.me/+A_jSn_Lad4NjOGQy⁠⁠⁠⁠⁠⁠⁠⁠⁠ ;";spam
"""😵🍆⚪️😞🥹⚪️🥹🧐🕷🥹😺❓❓😇🥺🥹🤤🥲😊❓❓🔠КУПЛЮ ВАШ АККАУНТ ПО СРОЧНОЙ ЦЕНЕ🔠✨За подробностями к @senyapubg✨‼️БЕЗ УТЕРИ НОМЕРА‼️Рассмотрю утери, баны UC(юц), пассажиров, почты Mail(маил), ВК, Яндекс.🌐ПРИВЕТСТВУЮТСЯ АККАУНТЫ С НОМЕРОМ (СМЕНА)🌐🔶КРИТЕРИИ АККАУНТА🔶➖ВНЕШНОСТЬ➖ШЛЕМ ИНФЕРНО➖КИЛЛ ЧАТЫ М416 ОБЯЗАТЕЛЬНО ⬅️➖МУМИЯ БЕЛАЯ / ЖЕЛТАЯ➖КОСТЮМЫ Х➖СПОРТКАРЫ(⬆️НЕ ОБЯЗАТЕЛЬНО ЧТОБЫ ВСЕ БЫЛО НА ОДНОМ АККАУНТЕ⬆️)⚠️ РЕС акки тоже нахуй пойдут ⚠️➡️ОВЕР ПРАЙС МИМО⬅️ 🤑 БЮДЖЕТ: СВОБОДНЫЙ🕺За подробностями к @senyapubg "";";spam
"Ищу людей для сотрудничества на удалёнке, много времени не занимает + хороший доп.доход.Пиши + в личку ;";spam
"""Удаленная занятость, с хорошей прибылью 350$ в день.1-2 часа в день .Места ограничены. Ставь """"+"""" мне в  личные смс. "";";spam
"""Удаленная занятость, с хорошей прибылью 350$ в день.1-2 часа в день .Места ограничены. Ставь """"+"""" мне в  личные смс. "";";spam
"Ищу людей для сотрудничества на удалёнке, много времени не занимает + хороший доп.доход.Пиши + в личку ;";spam
"Здраствуйте, ищу людей в команду для пасивного заработка, все честно и прозрачно, доход от 25 000руб в неделю! Для подробной информации пиши в лс! ;";spam
"""#ищу #работатребуются на удалёнку❗️условия: — можно без опыта— строго только девушки и от 23+— занятость в день 2-4 часа — ЗП от 40-50т.р что делать: — публикация объявлений по чатам тг— консультировать новичков (без созвонов!)— открывать доступ к обучениюот меня — полноценная помощь во всех вопросахпишите """"команда"""" сюда ▶️ @darya_frilanc "";";spam
"﻿Привет набираю в свою команду людей на подработку... ;";spam
"📣 Ищем людей в команду по крипто арбитражу⏱ Онлайн работа, свободный график💵 Зп ~ минимум $100 в день Бесплатное обучение! Нужен капитал на старт!Писать - @flayzelll ;";spam
"cpDnTqQNkuWG6TVV4loiТвои зaкупы забирают много время и энергии?Значит для тебя сервис — AдXотПлощадка решает сразу две проблемы, c которыми знаком каждый админ:I. Не yспеваешь продaть горячее на сегодня местоII. Xочешь купить рeкламу на сегодня-завтра с шикарной скидкойУ сервиса AдXот много шикарных отзывoв — AдXoтПромоПрисоединяйся к сотням админам на сервисе и оцените результaт:Вступай в AдXот ;";spam
"💥В ВЕРИФИКАЦИИ - ОТКАЗАНО 💥Знакомо? Нам- нет.📩Самые надёжный инструмент в округе даркнета.Наши услуги. Коротко.🍃-Готовые БА , Аккаунты (криптобиржы и др.)-Верификации на любых странах и гео-Видео отрисовка, фото отрисовка-Документы (id, права, паспорта)➕НАШЕЙ РАБОТЫ:•Наши отрисовки выглядит 1 в 1, не отличит никто.•Нет заезженных документов•Даем гарантию на приобретённые у нас аккаунты•Депозит на различных форумах⛪️ПРИГЛАШАЮ В ДОМ КАЧЕСТВЕННОЙ РАБОТЫ:@Doki_boss_project@Doki_boss_project@Doki_boss_projectтэги:куплю доки, куплю, нужен вериф, пройду вериф, верификация, БА, ЛК, аккаунт, отрисовка, дроп, гео, паспорт, айди, прода ;";spam
"💸  РАБОТА БЕЗ ВЛОЖЕНИЙ  💸Предлагаю работу, подработку:🎯 Высокооплачиваемые вакансии🎯 Гибкий график🎯 Возможность карьерного роста   По переезду  либо же  иногородним  помогаем  :  -Жильем    - Проездом    -  Питанием  ✅ Работа  рядом  с домом  ✅Доплата  за  выполнение  плана  и бонусы  ✅Полное  обучение  а начале Все вопросы нашему Менеджеру 👇👇👇@Rabota_Y_Mexicanca111 ;";spam
"ВАКАНСИЯКУРАТОР ОНЛАЙН ШКОЛЫТребуется:Желание обучаться и развиватьсяБЕЗ ОПЫТАОбучение предоставляется Только граждане РФУсловия:Удаленная работаЗанятость от 2-3 часов в деньТелефон/планшет с доступом в интернетРабота с входящими заявками, предоставление доступа Доход от 30.000 руб и выше. Для более подробной информации @katya170197 ;";spam
"""👩🏼‍💻УДАЛЕННАЯ РАБОТАРаботаем только на входящих заявкахБез спама, без навязываний, без впариванияРассмотрю кандидатуру без опытаВозраст от 23 лет, желательно девушка.Доход от 3 ООО руб. в деньОтклики строго сюда👇ПИШИ В ЛС """"КУРАТОР""""ПИШИ В ЛС """"КУРАТОР""""ПИШИ В ЛС """"КУРАТОР"""" "";";spam
"💮 ПРИВЛЕЧЕНИЕ ЖИВОЙ АКТИВНОЙ АУДИТОРИИ, КЛИЕНТОВ И РЕФЕРАЛОВ : ГАРАНТИЯ КАЧЕСТВА 💮❗️ Раскрутка и Реклама Ваших Услуг Круглые Сутки. Мощное Продвижение и Реклама в Телеграм. Более 40 000 Рассылаемых Сообщений в Сутки📩 Пиши @ExxesoSUPEROУСЛУГИ :◼️ Рассылка По Чатам Вашей Тематики◼️ Накрутка Живой Аудитории◼️ Программа Для Рассылки◼️ Раскрутка Вашего ТЕЛЕГРАМ◼️ Гарантия Результата и Качества◼️ 50 000 Активных ЧАТОВ на все Тематики◼️ Составление ПостаРЕКЛАМИРУЕМ :🇦🇱 Каналы, Группы и Ботов🇦🇱 Реф. Ссылки🇦🇱 Услуги и Профиль🇦🇱 Сайты🇦🇱 Магазины🇦🇱 и многое многое другое🧤 Реальные Отзывы🧤 Успешные Заказы и Довольные Клиенты🧤 Гарантия РЕЗУЛЬТАТА🧤 Отчет о Заказе 🧤 Помощь в настройке и работе Софта🧤 Мгновенное Выполнение 🧤 Постоянная Поддержка📩 Пиши @ExxesoSUPERO ;";spam
"ВАКАНСИЯКУРАТОР ОНЛАЙН ШКОЛЫТребуется:Желание обучаться и развиватьсяБЕЗ ОПЫТАОбучение предоставляется Только граждане РФУсловия:Удаленная работаЗанятость от 2-3 часов в деньТелефон/планшет с доступом в интернетРабота с входящими заявками, предоставление доступа Доход от 30.000 руб и выше. Для более подробной информации @katya170197 ;";spam
"🏆Инвайт/Накрутка живой аудитории ❔Как происходит процесс работы❔🥇Подбираются чаты с целевой аудиторией 🥈Собираются из них базу пользователей.🥉Далее мы добавляем в вашу группу/канал участников отобранной базы.✅Стоимость:🔅100-500 человек:1 участник/4р.🔅500-3000 человек:1 участник/3,5р.🔅От 3000 человек:1 участник/3р.✅Также можем накрутить: 🔅просмотры: 35 р./1000 шт🔅голоса в опросе: 40р./100 шт🔅реакции на посты: 25 р./100 шт👤 Для заказа: @Mila_Martinova ;";spam
"✨ ПРИВЛЕЧЕНИЕ НОВЫХ ЦЕЛЕВЫХ ПОДПИСЧИКОВ, КЛИЕНТОВ И НОВЫХ АКТИВНЫХ РЕФЕРАЛОВ ✨🧤 Мощное Привлечение ЖИВОГО ЦЕЛЕВОГО АКТИВНОГО ТРАФИКА, Подписчиков, Клиентов и Рефералов. ГАРАНТИЯ 🧤📥 Пиши @TORROupeeroРЕКЛАМА ПО ЧАТАМ :🎟 1 день рекламы - 300 Р.🎟 3 дня рекламы - 550 Р.🎟 10 дней рекламы - 1800 Р.🎟 1 месяц рекламы - 5500 Р.НАКРУТКА ЖИВОЙ АУДИТОРИИ :🎟 1000 подписчиков - 550 Р.🎟 1000 просмотров на пост - 40 Р.живые подписчики, без отписокПРОГРАММЫ ДЛЯ РАССЫЛКИ :🎟 Рассылка по Чатам🎟 Рассылка в ЛС🎟 Автоподписчик в Чаты🎟 30 тыс. чатов для Рекламыустановка и обучение комплектом⚡️ Положительные Отзывы и Довольные Клиенты⚡️ Выполнение до Обещанного Результата⚡️ Выполнение заказа СРАЗУ⚡️ Видео и фотоотчет о заказе⚡️ Поддержка, консультация и связь 24/7📥 Пиши @TORROupeero ;";spam
"1️⃣ Самая лучшая система рассылки вашего текста. Мы продвинем ваши каналы, группы, чаты, ссылки и рефералы до Голливуда. Факт!🐸 В этом деле мы самые лучшие. 🔥 20.000 сообщений - 600₽🔥 50.000 сообщений - 1000₽🔥 100.000 сообщений - 1600₽🔥 200.000 сообщений - 2500₽🔥 При заказе сразу 2 объявлений - 50% скидка на второе!🐻‍❄️ Рассылка идет с наших аккаунтов, ссылаясь на ваш. 🇷🇺 В Топовых чатах его увидят более 500 000 человек. ✅ Все в чатах заинтересованы в заработке и не только. 📞 Связь: @MariyaAds 🐸 ;";spam
"ЯНДЕКС ЕДА💛 приглашает курьеров✅               ‼️Можно гражданам СНГ. Все города работы Яндекс сервиса. Быстрое подключение к сервису - Начинайте зарабатывать  уже на следующий день⏺Выплаты для курьеров до 6000Р в день⏺ОПЫТ НЕ ТРЕБУЕТСЯ ⏺+ Чаевые 100% твои✅Заполнить анкету: https://trk.ppdu.ru/click/yHKomtYr?erid=Kra23uVC3&sub1=y6  ✅НАШИ УСЛОВИЯ - ЛУЧШИЕ ДЛЯ ТЕБЯ✅⏺Ежедневные и еженедельные выплаты⏺Доставка в одном районе⏺Гибкое расписание от 1 часа в день ⏺Можно использовать как подработку⏺Все заказы предварительно собраны и оплачены, нужно только доставить ⏺Скидки до 50% на продукты и связь от партнёров ⏺Доставлять можно пешком🏃 на велосипеде 🚴‍♂️ или на авто🚗⏺Доплата за тяжелые заказы и повышенный коэффициент за выход в плохую погоду 🌨Для того, чтобы стать курьером:1. 💬Заполните АНКЕТУ и дождитесь звонка оператора👆👆👆👆👆👆👆👆👆👆 ;";spam
"Предоставлю работу с  зп от 80.000р в неделюПо всем вопросам пиши в ЛС! ;";spam
"❓❓❓НУЖНА РАБОТА❓❓❓☄️ПРЕДЛАГАЮ ТЕБЕ!!! работу в нашей семье в мире СПОРТ магазинов.💸 ЗП от 50000 - 65000 руб в неделю ✔️ФИКСИРОВАННО Ищем людей на доставку, машина не нужна, по городу метаться не нужно, все расходы покрываем!!!📈Пиши скорее мне в ЛС: @rabota_cTepouDРабота есть почти по всей РФ.❌С наркотиками дел не имеем! ;";spam
"🔥Удалённая работа для студентов и школьников 🔥💥Только Россия 💥🪙Возраст от 14 лет 🪙🏵У нас вы можете заработать от 2500р за пару дней 🏵👍Можно работать на постоянной основе 👍🏔Никаких вложений, все легально ⛰💜Для работы вам необходим аккаунт в авито 🔥👌Вам нужно будет выставлять обяьвления на площадке Авито и отвечать покупателям 🤷🔥🔥💖💜по поводу работы писать в тг:@MrWorkbez ;";spam
"🇷🇺 #ищу #удаленно #работаТРЕБУЮТСЯ РЕБЯТА|МУЖЧИНЫ-ЖЕНЩИНЫ ДЛЯ РАБОТЫ ОНЛАЙНвозраст 18+❗️ (не продажи, не валюта)➤Оплата достойная➤Можно как подработка (совмещение)➤Без опытаПо вопросам  + в личку! ;";spam
"Нужны люди на погрузку строй материаловоплата 4000р2-3 часа работы  Подработка нужны помoщникиУбиpaть стрyжкy дерeвa в мешки и вывозить питание за наш счет Оплaта 5000p в день ;";spam
"Пройди обучение по самой востребованной  профессии онлайн🔥Где ты научишься создавать продающие карточки товара для  поставщиков маркетплейсов WB/OzonИ начни уже получать от 3.000руб. в день📌Для работы нужен только телефон с  интернетом📌Свободное время 4 ч в деньПодойдет для мамочек в декрете,студентам,работникам найма. Пиши(+) по ссылке ниже. Я расскажу тебе с чего начинать👇🏻@Anna_frllans ;";spam
"ПодработкаПару часов в день!Берем всех , главное желание работать!Можно совмещать с основной работой или школой!Отличный заработок на лето!Нужен телефон и интернет обязательно!https://t.me/lana_hr713 ;";spam
"Нужны люди на погрузку строй материаловоплата 4000р2-3 часа работы  Подработка нужны помoщникиУбиpaть стрyжкy дерeвa в мешки и вывозить питание за наш счет Оплaта 5000p в день ;";spam
"ИНФОГРАФИКА🛍СОЗДАНИЕ КАРТОЧЕК ТОВАРОВ ДЛЯ МАРКЕТПЛЕЙСОВ. Многие девушки начинают свой путь на фрилансе, именно с СОЗДАНИЯ КАРТОЧЕК ТОВАРА   для маркетплейсов WB/Ozon🟣Создавая дизайн карточек, ты сможешь получать от 50.000т/рублей в месяц, даже если у тебя не было ранее опыта🟣Обучение не занимает  много времени,можно обучаться в любое времяПиши«➕»по ссылке ниже ,я расскажу подробнее. @Anna_frllans ;";spam
"⭐️PEКЛAМА ПО 450 ТГ ЧАТАМ⭐️✅Тeмaтика чaтoв: ⚫️Бизнec🔷Инвестиции⚫️Работа🔷Заработок⚫️Кpиптовалюта🔷Ставки ⚫️И многое другое!🔥Привлечение клиентов. 🔥Продвижение ваших Telegram каналов.🔥Сoбcтвeнные проверенные алгopитмы paccылки.✨Прайс рассылки:⚫️6 часов - 350р.⚫️12 часов - 500р.⚫️24 часа - 800р.⚫️48 часов - 1200р.💭К‌о‌н‌т‌а‌к‌т‌ ‌д‌л‌я‌ ‌с‌в‌я‌з‌и‌: @MariaS_TG ;";spam
"ЯНДЕКС ЕДА💛 приглашает курьеров✅               ‼️Можно не граждане. Все города работы Яндекс сервиса. Быстрое подключение к сервису - Начинайте зарабатывать  уже на следующий день⏺Выплаты для курьеров до 6000Р в день⏺ОПЫТ НЕ ТРЕБУЕТСЯ ⏺+ Чаевые 100% твои✅Заполнить анкету: https://trk.ppdu.ru/click/yHKomtYr?erid=Kra23uVC3&sub1=ymar  ✅НАШИ УСЛОВИЯ - ЛУЧШИЕ ДЛЯ ТЕБЯ✅⏺Ежедневные и еженедельные выплаты⏺Доставка в одном районе⏺Гибкое расписание от 1 часа в день ⏺Можно использовать как подработку⏺Все заказы предварительно собраны и оплачены, нужно только доставить ⏺Скидки до 50% на продукты и связь от партнёров ⏺Доставлять можно пешком🏃 на велосипеде 🚴‍♂️ или на авто🚗⏺Доплата за тяжелые заказы и повышенный коэффициент за выход в плохую погоду 🌨Для того, чтобы стать курьером:1. 💬Заполните АНКЕТУ и дождитесь звонка оператора#вакансия #курьер #ежедневнаяоплата #гибкийграфик #работавдоставке ;";spam
"Набираю кураторов для онлайн проектаЗадачи: консультировать, отвечать на входящие заявки, предоставлять доступ ученикамКакие условия?⬇️удаленная работазанятость от 3-4 часов в деньДоход ежедневно, в среднем от 3000 рублей в деньТребования минимальны⬇️Опыт работы не требуется, всему научу, от Вас важно желание развиваться и работатьОбращаться @VseFreelance_bot ;";spam
"👍Свой Банк - Кредитка 0% .✅Одобрение за несколько секунд.✅ Бесплатное обслуживание карта навсегда и без условий.😍 https://trk.ppdu.ru/click/fKRPux34?erid=2SDnje5Svrk&sub1=sbrek6SvoibankКредитка 0% - Бесплатная кредитная карта в Своем БанкеСвой Банк предлагает открыть кредитную карту с бесплатным обслуживанием. 💰 Платите только если пользуетесь деньгами. ✔️ Выгодная Кредитка 0%, снятие наличных ;";spam
"✅Авито вакансия✅🇷🇺Только граждане РФ.🆚Идёт большой набор сотрудников для удаленной работы на платформе Авито.🥇Работа под руководством опытного Авитолога.✅Дорогие друзья,данная работа не требует каких либо вложений,мы не копейки не берём с наших сотрудников.✅Опыт и навыки не требуется,всему обучим расскажем и покажем.✅З/П Как вам удобно,можно каждый день по итогу дня,можно раз в неделю.✅График работы свободный от 2 часов в день.📱💻 Для paбoты нyжeн лишь aккayнт aвитo, интepнeт, тeлeфoн или ПK💵 3apaбoтнaя плaтa oт 1000 дo 3000 тыc. рyб. в день,за месяц можно легко делать 50-70т.р.Самые активные получают по 100т.р в мес.🔐 Этo вaш шaнc пoпpoбoвaть ceбя в фрилансе, без вложений и навыков.🙋🏻‍♀️ ЗАИНТЕРЕСОВАЛА  ВАКАНСИЯ ПИСАТЬ СТРОГО НАШЕМУ АВИТОЛОГУ  ➡️@Avitolog_Mariay@Avitolog_Mariay@Avitolog_Mariay@Avitolog_Mariay ;";spam
"ХОЧЕШЬ ИМЕТЬ 500-1000 РУБЛЕЙ ЕЖЕДНЕВНО ❓️Хвaтит сидeть в тeлeфонe бeсплaтно!!!🔵РФ🔵18+🔵2-3 чaсa нa рaбoту🔵EЖEДНEВНЫЙ дoхoд ❗️Чтo дeлaть:🔵 выпoлнять зaдaния в тeлeфоне🔵 дoхoд нa кaрту, эл.кoшeлeк или мoб.тeлeфoн🔵 НЕ НУЖНО вeсти сoцсeти🔵 пoшaгoвoе oбучeниe, видeоyрoки🔵 чaт пoмoщи🔵 oфициaльнaя oнлaйн-шкoлa👉ПИСАТЬ СЮДА👈 ;";spam
"#ищу #вакансияВАКАНСИЯ - ИСПОЛНИТЕЛЬ ЗАДАНИЙ🔗 РАБОТА В ТЕЛЕФОНЕ.🔗 БЕЗ ОПЫТА.🔗 БЕЗ ПРОДАЖ.🔗 ОТ 18 ЛЕТ ДЕВУШКИ,🔗 ЖЕНЩИНЫ, МАМОЧКИ.Обязанности:Выполнять не сложные задания на различных сайтах и платформах.Примеры заданий:📍Скачать приложение.📍Поставить лайк.📍Написать отзыв.📍Написать комментарий.📍Быть тайным покупателем.📍Пройти опрос.Условия:Свободный график.2-4 часа в день.Зарплата от 500₽ на карту.Есть рабочие чаты помощи.📲 Все подробности тут: @SvetlanaWorkBot ;";spam
"👍Приглашаются Курьеры,можно неграждане. Все города работы Яндекс сервиса. Условия отличные (выбор района, выбор часов работы, выбор способа доставки ) заработок от 6000 руб. + чаевые. Курьер в Яндекс.Еда/Яндекс.Лавка    (Пеший + Вело + Авто) 📲Оформляйтесь здесь по ссылке. https://trk.ppdu.ru/click/yHKomtYr?erid=Kra23uVC3&sub1=4mМожно выходить на работу и зарабатывать на следующий день ;";spam
"#ищуТребуются люди от 14 лет, для простой удаленной работы, опыт не требуется, оплата от 300₽ до 5000₽ за задание. БЕЗ ВЛОЖЕНИЙЗа подробностями сюда 👉🏻 @pcado ;";spam
"Привет, хочешь зарабатывать от 100к в месяц? Предлагаю тебе вступить в проект свой в «Альфе», проект от Альфа-Банка, в котором вы становитесь агентом, который рекламирует продукты. С 18+, либо можно меньше, но регистрироваться со взрослого.За подробностями https://t.me/LeadExpertPro_bot?start=0c3aab40-44e5-44e0-ab34-4c340bda894f ;";spam
"#ищу👩🏻‍💻YДАЛЁННАЯ PAБOTA С ТЕЛЕФОНА ИЛИ ПК  ❗️только женский пол, от 18 лет и из РФВаши обязанности: Выполнять простые задания- набор текста, - скачивание приложений- написание отзывов, комментариев и другоеУсловия: 💥Выполняй ,где и когда тебе удобно💥График полностью зависит от тебя 💥Без опыта и навыков👉 Нужны ответственные люди, которые готовы выполнять качественно порученные заданияРазмер оплаtы зависит от Вашего уделённого времени, в среднем 500-1000 руб в день⏳Подробнее здесь  (жми на синий текст) ;";spam
"#предлагаю #помогу Здравствуйте! Хочу предложить вам работу на Wildberriеs, в день от 3к до 15к, если интересно пиши. задача - отвечать на отзывы!)Vход стоит  ❗250₽❗осталось 5 мест❗Выплата сразу же после отзыва! Платит админ, 1 отзыв - от 200р до 400р!💅🏻писать: ;";spam
"😴😪🙃😚🥸🫥❗️🥸ЕЩЁ НЕ УСТАЛ КЛИКАТЬ ВСЯКИЕ ПРОЕКТЫ НА ПОДОБИЕ NOTCOIN ЛИЖ БЫ ПОЛУЧИТЬ ДОЛГОЖДАННЫЕ 150$ ❓Если да, то залетай в нашу скам тиму по рефу битка1️⃣ за день можешь сделать до 2х если сильно повезёт2️⃣ бесплатное обучение3️⃣стань тем самым успешным дядей уже сегодня, ТЕБЯ ОТДЕЛЯЕТ ОТ ЭТОГО ТОЛЬКО ПОСЛЕДНИЙ ШАГ💵по поводу ворка и обуча, писать ➡️@CorvetteamOfficial ;";spam
"Легкий заработок от 20к р в день без обмана! Официально и законно! Возраст 18+! Спешите, предложение до 4 августа! Пишите только Россиянам и Белорусам в лс @FrolovUSDT. Не упустите свой шанс! ;";spam
"❌❌❌❌❌❌❌❌❌❌❌💜💜💜💜 💜💜💜💜              💜💜 💜💜💜💜💜  📱🔠🔠🔠🔠🔠🔠📱💜💜💜💜   💜💜💜💸🔴🔠🔠🔠🔠🔠🔠🔴💜💜💜💜 💜💜💜💸Так же нужны дропы ЕС цены индивидуальные. Пишите в ЛС страну что бы я быстрее ответил💜💜💜💜💜  📱@kirilovich_vladislav01k📱❌❌❌❌❌❌❌❌❌❌❌ ;";spam
"Нужны воркеры в команду 🦣🇷🇺Работать можно с любого устройства (онлайн) ✅4 свежих и новых направлений на выбор 👀 Заработок зависит только от вас 🫵💸+ в лс, если интересно ;";spam
"Есть свежий офер на ворк тиму 🧑‍💻Лить ЦА, трафик проверяется ✅Можно лить тт/рилс/шортс/тг 💪Пишите в лс кто заливает 🤝 ;";spam
"1️⃣0️⃣0️⃣💲Регистрация на сайте 🔤🔤🔤🔤🔤🔤 📱➖Только Европа 🌐➖1️⃣8️⃣➕➖ Гарант ➕Вся информация в лс 📮 ;";spam
"Хочешь выйти на достойный заработок? Напиши мне в лс слово *Заработок* и я тебе помогу!(Не скам, не закладки, Не крипта) ;";spam
"#ищу #вакансия В СММ-агентство ищу менеджера по продажам 👥 занятость удаленная, 2-3 часа в день стабильно. Только долгосрочное сотрудничество. ✅ Даю скрипты, базу, обучение. Нужен ответственный человек!Пиши на основной аккаунт @Sveta_GIVE «расскажи про работу менеджером»⁠⁠⁠⁠⁠⁠⁠⁠⁠ ;";spam
"😀😀😀😀😀😀😀😀😀В наличии сканы паспортов Украина (айди / загран ) + выписка из банка)РФ ( паспорт / загран + селфи + СНИЛС )Белоруссь США🇺🇸 Австрия🇦🇹Австралия🇦🇺Англия🇬🇧 Армения🇦🇲Болгария🇧🇬Бразилия🇧🇷 Нидерланды🇳🇱Германия🇩🇪Грузия🇬🇪Ирландия🇮🇪Италия🇮🇹Испания🇪🇸Казахстан🇰🇿Канада🇨🇦Румыния🇷🇴Польша🇵🇱Турция🇹🇷 Чехия🇨🇿Финляндия🇫🇮Швейцария🇨🇭Япония 🇯🇵Гарант +Замены + Цена 💥 ;";spam
"Εсть темки, мутκи, приколы, ВСЕ. Хочешь поднять бабла, пиши помогу? ;";spam
"""🔥ЗАРАБАТЫВАЙ НА ПРОСТЫХ ЗАДАНИЯХ УЖЕ СЕГОДНЯ Задания которые можно выполнять через телефон, в свободное время и зарабатывать 500-1000 р в день🔥📌скачивай приложения📌ставь лайки или делай репост📌оставляй комментарий или отзыв📌смотри видео📌проходи опросы и т. д.Пиши 👉 @Ok_Oksanavgorode "";";spam
"🇷🇺🇷🇺💲Хочешь пассивный доход?💲🇷🇺🇷🇺Тебе к нам!Торговля активами🔴ОСТАЛОСЬ 10 МЕСТ✅ПАССИВНЫЙ ДОХОД+✅ВЫГОДНОЕ ПРЕДЛОЖЕНИЕ, И ДЛЯ ВАС И НАС✅ЛЕГАЛЬНО✅ХОРОШИЙ ДОХОД В ПЕРВЫЙ ОБУЧЕНИЯ✅БЕСПЛАТНОЕ ОБУЧЕНИЕ!!!🔴СТОРОГО 21+ЗП 6000 РУБ В МЕСЯЦ💵ВЫХОДИТЕ НА ДОХОД 250$+ ЗА НЕДЕЛЮ💵УСПЕЙ НАПИСАТЬ МНЕ: @BogdanFcrypto ;";spam
"#ищу#кypатopов#онлайнпроeктИщу кyраmopов для oнлайн проeкmaКтo xочет зaрабomаmь своu пeрвые 30.000₽ yже чеpeз мeсяц. Ecmь неcкoлько ваpиaнтoв. Вaм пomребуется ✔️желaнuе✔️достyп в uнтернеm ✔️2-3 чаcа вpемени в деньBы получиme✔️Пoдpoбнoе обучeнuе✔️Oплата оm 3000? в день✔️Paбomy uз домаНапuшuте мне  для пoлyчения пoдpoбностей@svetas0908 ;";spam
"🇷🇺 #ищу #удаленно #работаТРЕБУЮТСЯ РЕБЯТА|МУЖЧИНЫ-ЖЕНЩИНЫ ДЛЯ РАБОТЫ ОНЛАЙНвозраст 18+❗️ (не продажи, не валюта)➤Оплата достойная➤Можно как подработка (совмещение)➤Без опытаПо вопросам  + Переходите сюда ! ;";spam
"😁Т-Банк😁Boзвpaщaю вaши списанные дeньги 💵  ⚠️Без вхoдa в личный кaбинeт⚠️Без предоплат⚠️Для влaдeльцeв кapт Тinkоff eсть пpоcтой спocoб заpaбoтать С Kpeдитoк возвращаю до 15000p🟣Смотрите мои возвраты в прoфилe🟣paбoтaю 50/50, aбсoлютнo лeгaльно, ждy в лc✅✅✅✅✅ ;";spam
"• Ищу целеустремленных людей в наш проект-  Люди от 18 лет, опыт не важен- Легально, без подводных камней- Доход от 100$ в деньЗа подробностями обращайтесь лично ;";spam
"🇷🇺 ПOИСK СОТРУДНИЧECTBА🇷🇺 Сфеpa: nокyпкa-пpoдaжа цифpoвых aктuвoв.18+О6учeнuе БECПЛATHO. Быcтpый cтapт. Muнuмaльныe влoжeнuя. Дoxoд в пepвый дeнь. OБЩИЙ ДOХOД 250$ В НEДEЛЮПисать сюда ;";spam
"🟥СРОЧНО НУЖНЫ ДЕНЬГИ ?🆘 Не хватает до зарплаты?✅ 0% на первый заем. Без справок и поручителей.От 1 OOO до 1OO OOO РУБЛЕЙ ! Только 18+💳 Одобрение 97% ❗️Пишите в ЛС❗️ ;";spam
"‼️PAƃOTA OT 15 ЛET‼️‼️ΠOЛHOCTЬЮ ЛEΓAЛЬНAЯ‼️‼️ ƃEЗ KAKИX ЛИБO BЛOЖEHИЙ‼️‼️ЗAPПЛATA KAЖДЫЙ ДEНЬ‼️Πoдpoбнo oбъяcняю в лc@BGF02⁠⁠⁠⁠⁠⁠⁠⁠⁠ ;";spam
"Привет👋! Ηужен κэш?Есть темка специальнο для тебя!!Πолучай по 15κ/день!😱Πиши и я все расскажу ;";spam
"👉Есть простой заработок на прохождении опросов в телеграмм боте👉 От 1.OOO₽ рублей в день!👉Пишите в ЛС ;";spam
"👨‍💻 ТАРГЕТИРОВАННАЯ РЕКЛАМА ДЛЯ БИЗНЕСА И СЕРЫХ НИШ Наша команда предлогает :🔹Разработку стратегии продвижения под ваш бизнес  🔹Разработка рекламных креативов которые передадут ценность бизнеса и приведут целевых покупателей 🔹Высокое качество и работу опытных специалистов🔹Поддержку  24/7🔹Результат в первые 3 недели после запуска рекламы в виде продаж и окупаемости ✉️ Вы готовы масштабировать свой бизнес уже сегодня ? ✉️Не теряйте время, свяжитесь с нами, чтобы начать ваш проект или получить консультацию.✉️ Заказать аудит вашего  бизнеса  или узнать больше: ПИШИТЕ В ЛС ;";spam
"👨‍💻 ТАРГЕТИРОВАННАЯ РЕКЛАМА ДЛЯ БИЗНЕСА И СЕРЫХ НИШ Наша команда предлогает :🔹Разработку стратегии продвижения под ваш бизнес  🔹Разработка рекламных креативов которые передадут ценность бизнеса и приведут целевых покупателей 🔹Высокое качество и работу опытных специалистов🔹Поддержку  24/7🔹Результат в первые 3 недели после запуска рекламы в виде продаж и окупаемости ✉️ Вы готовы масштабировать свой бизнес уже сегодня ? ✉️Не теряйте время, свяжитесь с нами, чтобы начать ваш проект или получить консультацию.✉️ Заказать аудит вашего  бизнеса  или узнать больше: ПИШИТЕ В ЛС ;";spam
"Аренда WhatsApp😊Холд: 30 минут⏳Оплата: 5$Не новорега ;";spam
"#ищу #вакансияКУРАТОР УЧЕБНО -ОБРАЗОВАТЕЛЬНОГО ПРОЕКТАТребуется:Девушка от 18 лет.Опыт работы не обязателен.Свободный график.Полная занятость.Ежедневная оплата 1200₽ - 3000₽.Что нужно делать:Обрабатывать входящие заявки.Общаться с клиентами.Ведение соц. сетей или ТГ канала.Если интересно, пиши сюда 👉 @lana_revenkova ;";spam
"#ищу #вакансияИЩУ МЕНЕДЖЕРА ПО ПРОДАЖАМ УСЛУГ ОНЛАЙН-ШКОЛЫТребования:📌Девушка от 18 ЛЕТ.📌Опыт удалённой работы - не обязательно.📌Наличие телефона с хорошим интернетом.Обязанности:📌Обработка входящих сообщений.📌Переписки с клиентами.📌Консультации клиентов.📌1200₽ - 3000₽ рублей ежедневно.Если интересно, пиши сюда 👉 @lana_revenkova ;";spam
"👩‍💻Удалённая работа👩‍💻🔥Свободный график: Занятость 2-3 часа в день💰З/п от 5.000 до 20.000 и больше в месяц ✅ Легально, официально✅ Без вложений и риска✅ Без опытаОбучение предоставляетсяУсловия: Гражданство РФВозраст от 18+📲Подробнее пишите в Telegram: @Y_U_777И начните зарабатывать 💰💰💰 ;";spam
"#ищy #зapaботoк #удaленка #фрилaнсЗapaбaтывай нa пpoстых зaдaниях oт 500₽ в дeньКoму пoдхoдит:- cтуденты- нaёмные рaбoтники- пенcиoнеры- всe, кoму нyжны дeньги 💸Кaкие зaдaния:- стaвить лaйки- oстaвлять oтзывы- пиcaть кoмментарии- прoхoдить oпросы- региcтpиpoваться нa сaйтах- скaчивать пpилoжения- oбзванивать opганизацииИ дpугиеДoхoд oт 500-700 eжeднeвно при зaнятoсти 2-3 чaсa👉ПОДРОБНОСТИ 👈 ;";spam
"⚜️Ищем сотрудника на вакансию: Онлайн Администратор⚜️📌Работа из дома🔥Принимаем без опыта🗽От Вас требуется:~Телефон на базе Android (обязательно)✅~ 3-6ч свободного времени✅~Желание работать✅💪От нас - Премии, обучение, карьерный рост в компании!Зарплата ежедневная 2500-5000 РУБ💸Заинтересован?Пиши прямо сейчас! Места ограничены❗️Только РФ👉🏻Писать: @yandex_manager9 ;";spam
"🔴  ♦️♦️♦️♦️♦️🔴Кто хочет заработать несколько тысяч за пару минут своего времени? Жду в лс. Ничего продавать не нужно, делиться данными тоже, тема белая! Только граждане РФ 14+🔴  ♦️♦️♦️♦️♦️🔴 ;";spam
"❗️❗️❗️ ТРЕБУЮТСЯ КУРАТОР В ОНЛАЙН ШКОЛУ УДАЛЕННЫХ ПРОФЕССИЙ❗️❗️❗️✔️Занятость от 3 часов в день✔️Доход от 3000 рублей в деньУСЛОВИЯ:✅мoжнo bез oпыtа✅вoзpаст 18+✅наличие телефoна и интернетаЗАДАЧИ:✅Прoйти oбучение✅Вести любую сoцсеть✅Отвечать на вхoдящие заявkи✅Предoставлять дoступПИШИ  @Anya170284 ;";spam
"АО Альфа-Банк   https://ag.alfabank.ru/ref/550543  👍👍👍Дополнительный 💰 заработок с Альфа-Банком - Проект Свой в АльфeСтаньте своим в Альфе. Бесплатное обучение на эксперта в личных финансах. 🔥 Доп заработок от 25 000 рублей в месяц за 5 часов в неделю  - НЕТ ОГРАНИЧЕНИЙ ДОХОДА 😍Регистрируйся в команду и начинай зарабатывать. 👇👇👇 👇👇https://ag.alfabank.ru/ref/550543 ;";spam
"Вам опять отказали в займе? У вас плохая кредитная история(КИ)? Вот топ организаций выдают деньги с любой КИ!1) С ужасной КИ https://clck.ru/3C4LBQ2) Новым клиентам 0% с любой КИhttps://clck.ru/372LJ23) Одобрения займа 95% Улучшение КИhttps://clck.ru/372M2R4) Выдаем займы даже клиентам с плохой КИhttps://2go.pro/Hk9V5)  Если деньги вам нужны быстро, или если в банках вам  отказалиhttps://clck.ru/372QYp6) Помощь в непростой ситуации, независимо от КИ заемщикаhttps://clck.ru/37iyAm7) Кредит наличными новому клиенту с низкой КИ -https://2go.pro/ukX68) Выдают деньги даже при наличии нескольких кредитов и просрочекhttps://clck.ru/372Pk2🤖Ещё предложения в боте:https://t.me/Zaimymanybot✍️Поможем списать все кредиты и займы законно!  https://2go.pro/dIe7 ;";spam
"Займи очередь за деньгами.                                                                             Лучше зарабатывать в интернете, чем лопатой на земле!Условия комфортные и шикарные! Подключайтесь!!!                                       Чеки и выплаты летят непрерывно                                                                             ЦЕПИ закрываются одна за другой                                                                    И главное - без обязаловки.. без приглашений!!                                                                                                                                                                         Вход доступный каждому от 100 руб до 300 руб .                                                                           РЕГА https://t.me/minichains_bot?start=7010079829                                                         Боте есть ЧАТ ;";spam
"#ищу #вакансия РАБОТА ДЛЯ ДЕВУШЕК,КТО ЛЮБИТ СОЦ. СЕТИОт 18 лет. Опыт не обязателен.Нужно выполнять разные задания.Заданий много, они ежедневные.Есть рабочие чаты помощи.От 500₽ в день.📲 Все подробности тут: @SvetlanaWorkBot ;";spam
"#ищу #вакансия УДАЛЁННАЯ РАБОТА БЕЗ ОПЫТАТребования:🟣 Девушки от 18 лет.🟣 Свободное время 2-4 часа.Обязанности:🟣 Проходить опросы.🟣 Комментировать посты.🟣 Ставить лайки.🟣 Оставлять отзывы на разных сайтах.Оплата:🟣 От 500 рублей ежедневно.🟣 Зависит от выбранных вами заданий и от их количества.📲 Все подробности тут: @SvetlanaWorkBot ;";spam
"#ищу#кypатopов#онлайнпроeктИщу кyраmopов для oнлайн проeкmaКтo xочет зaрабomаmь своu пeрвые 30.000₽ yже чеpeз мeсяц. Ecmь неcкoлько ваpиaнтoв. Вaм пomребуется ✔️желaнuе✔️достyп в uнтернеm ✔️2-3 чаcа вpемени в деньBы получиme✔️Пoдpoбнoе обучeнuе✔️Oплата оm 3000? в день✔️Paбomy uз домаНапuшuте мне  для пoлyчения пoдpoбностей@svetas0908 ;";spam
"#требуются #вакансия Требуются специалисты в онлайн проектЗадачи: работа с клиентамиУсловия:✅удаленная работа✅занятость от 5 часов в день✅Доход от 50.000 рублей в месяц и вышеТребования:Желание узнавать новое, опыт и особые навыки не нужны. Возможности для роста и развития. Начни работать на себя на фрилансе без вредного начальника, без выполнения планов, без негатива со стороны коллег, в любое удобное время и из любой точки земли, со стабильным и высоким доходомпиши мне: @MarinaVeto4kina ;";spam
"#ищу #вакансия Всем привет 👋Ищу девушек старше 18 лет, которые будут выполнять простые задания.Главное иметь свободное время, телефон и желание работать.✅ Оплата ежедневно 500₽ - 1000₽.✅ График свободный.✅ Всему научим.✅ Помощь от наших админов.📲 Все подробности тут: @SvetlanaWorkBot ;";spam
"#ищу #вакансия РАБОТА В ОНЛАЙН-ПРОЕКТЕТребуется:Девушка от 18 лет.Можно без опыта.Всему обучаем.Обязанности:🔶 Своевременно отвечать на входящие заявки.🔶 Уметь консультировать по продукту.🔶 Уметь работать многозадачно в разных соц. сетях.Оплата:1200₽ - 3000₽ ежедневно.Если интересно, пиши сюда 👉 @lana_revenkova ;";spam
"#ищу  #вакансия ПОДРАБОТКА ДЛЯ СТУДЕНТОВЕсли тебе есть 18 лет, но нет опыта работы, то возможно тебе подойдёт моё предложение.Гибкий график. Работа полностью удалённая на телефоне.Оплата от 500₽ в день.Что нужно делать:🔹Совершать тайные покупки.🔹Оставлять реакции и комментарии.🔹Проходить опросы.🔹Писать отзывы.📲 Все подробности тут: @SvetlanaWorkBot ;";spam
"#ищу #вакансия УДАЛЁННАЯ РАБОТА ОТ 3000₽ В ДЕНЬТребования:▶️ Девушка от 18 лет.▶️ Полная занятость.▶️ Телефон + интернет.▶️ Можно без опыта.Обязанности:Обработка входящих заявок.Консультирование по продукту.Знание продукта ОТ и ДО.Если интересно, пиши сюда 👉 @lana_revenkova ;";spam
"#ищу #вакансия ПРИЁМ НА РАБОТУНам нужны:📣 Девушки от 18 лет.📣 Можно студентки.📣 Можно совмещать с основной работой.📣 Опыт работы не важен.📣 Работа в телефоне удалённо.📣 Нужно выполнять задания ежедневно.📣 Оплата от 500₽.📲 Все подробности тут: @SvetlanaWorkBot ;";spam
"""😄😄😄😄😄😄😄 😄😄😄😄😄😄😄😄✅⠀😄Требуется люди, от 18 лет, с любой страны😄с опытом и без опыта работы😄доход от 😄😄😄😄😄в день 😄с свободным временем 2-3ч в деньДля более подробной информации жми😄😄😄😄↘️РАБОТА Или пиши мне """"ХОЧУ РАБОТАТЬ""""😄😄😄😄 @olya_brova "";";spam
"▪️▫️▪️▫️▪️▪️В крупную команду требуются работники▪️Уcловия▪️▫️Работа в свободное время▫️Иметь телефон или компьютер ▫️Уметь грамотно общаться с людьми▫️Без вложений▫️Обучения до первой успешной сделки▫️Доход от 2500 до 6000 рублей в день▫️24/7 поддержка▫️Белая темка (законно)Выплаты- 😁😁😁😁😁😁😁😁😁😁😁😁писать ▫️ в лс ;";spam
"👀  КНОПКА БАБЛО – МИФ?🔝  Устал шляться по интернету в поисках годной темки?Можешь не напрягаться, ведь в нашем канале уже приготовили самые профитные схемы специально для тебя!⬇️   Например:»  💳 ЗAБИPAEM 4.8OO₽ oт ГAЗПPOMA c OДHOГO AKKAYHTA!» 🏦 ЛУTAEM 3.2OO₽ HA HOBOЙ AKЦИИ ЖEЛTOГO БAHKA»💸 ЗAPAБOTOK нa OTЗЫBAX oт 4OO₽ зa OTЗЫB!🔗  🔤🔤🔤🔤🔤🔤 🟠  @whyemp10🩸 Mы cливaeм пpивaтныe cxeмы - бecплaтнo ;";spam
"🔥🔥🔥🔥🔥🤍💜💜💜💜💜💜  💜  💜💜💜💜💜 🤍⚡️🔤🔤🔤🔤🔤🔤🔤⚡️: 💸🔤⚪🔤от 2️⃣0️⃣0️⃣0️⃣💸в день💸✅Купим ваши аккаунты 🔤🔤🔤🔤🔤🤍, также можем арендовать аккаунты✅Работа 🔤🔤 🔤🔤🔤🔤🔤🔤🔤🔤 много времени✅Найдётся 🔤🔤🔤🔤🔤  🔤🔤🔤🔤🔤🔤 для 🔤🔤🔤, пиши чтобы быстрее заработать 💜💜💜💜  💜  💜💜   📨 @rabottaaaa1 🔔 ;";spam
"Скупаем авто аккаунты с 2021/2022/2023 2024 не нужны ‼️Писать тем у кого есть карта Сбер/Тинькофф💳Оплата 200р💸За остальным в лс: @Svetaaaaaaaww Скупаем авто аккаунты с 2021/2022/2023 2024 не нужны ‼️Писать тем у кого есть карта Сбер/Тинькофф💳Оплата 200р💸За остальным в лс: @Svetaaaaaaaww Скупаем авто аккаунты с 2021/2022/2023 2024 не нужны ‼️Писать тем у кого есть карта Сбер/Тинькофф💳Оплата 200р💸За остальным в лс: @Svetaaaaaaaww ;";spam
"""хочешь легко заработать но не знаешь как?пиши в лс!!условия -пользоваться банковской картой-написать в ЛС """"инфу на заработок""""-поставить на это соо рк """"💋""""-14+ лет "";";spam
"Требуется несколько человек на сезон ,оплачиваю от 4000 и выше ,рассматриваю всех кандидатов ко мне ,требований нет ,всему научу ,пишите в лс обсудим ;";spam
"🇷🇺 #ищу #удаленно #работаТРЕБУЮТСЯ РЕБЯТА|МУЖЧИНЫ-ЖЕНЩИНЫ ДЛЯ РАБОТЫ ОНЛАЙНвозраст 18+❗️ (не продажи, не валюта)➤Оплата достойная➤Можно как подработка (совмещение)➤Без опытаПо вопросам  + в личку! ;";spam
"Ищу людей для сотрудничества на удалёнке, много времени не занимает + хороший доп.доход.Пиши + в личку ;";spam
"Ищу людeй, заинтeрeсованных в хoрoшем доп.доходе на удаленке. Не полная занятость, от 21. По вопросам пишите в ЛС ;";spam
"Всем привет) ищу людей для сотрудничества на удалёнке, много времени не занимает + хороший доп.доход.Пиши + в ЛС ;";spam
"""🍑 😀😀😀😀😀😀 🍑Читай все у меня интересные услуги 🔥🔥🔥🔥🔥🔥⭕️Привет всем! Я предлагаю свои услуги для буста рангов в 🪙Бравл старс"""". Сразу скажу, что моя работа – платная💲. Я берусь за любой аккаунт и за любой ранг🪨. Буст стоит недорого. За подробностями обращайтесь в ➡️личные сообщения Оплата – рубли🇷🇺, гривны🇺🇦, голда🔫, крипты💎. (Я делаю бусты в лобби или через аккаунт, подробности в личных сообщениях.)Бусты в бравл старсе до 🪨 Так же буст общих кубков. Бусты До от 30 до 35 ранга делаю только через заход🔫Скуп тт акков большое количество сабов или норм актив за голду/рубли 🔫 💃Продам Гемы в стабл гайс любое количество лс💃🎫Продам Бп И Бп+ по Скидке в бравл старсе в лс цена (мое дов. имею отзывы или же по пред оплате)🎫 Очень дешевая цена✅продаю телеграмм премиум без захода1 месяц - 190 рублей✅3 месяца - 350 рублей ✅1 год - 1100 рублей ✅мое до. имею отзывы 💎Продам 1000 голды без комы (мое дов имею отзывы) могу части от 200 курс 0.50💎💎Продам гемы в бравл старс за ценой в лс 💎🤑Куплю ноткоины в крипто боте мое дов имею пару отзывов курс ваш 🤑💎Куплю скины с наклейками скрины в лс(мое дов. имею отзывы)💎Куплю  голду 💎(мое дов имею отзывы)Куплю от 0.1 до 0.7 тон💎в крипто боте (мое дов. есть отзывы) курс договор.😈продаю сигны (делаю фото вашего профиля на фоне сайта doxbin/впишу ваш тег в поиск )😈🌕Продам способ кикнуть пассажира с аккаунта в бравл старсе 🌕📌продам пак паспортов📌™️продам верификацию юмани™️Скидки от  покупки на 250 рублей    〰️〰️〰️〰️〰️〰️〰️〰️👩‍💻НЕ ПО ДЕЛУ ЧС👩‍💻 "";";spam
"Дам ворк💸Что требуется:1) Тинькофф или Госуслуги культура 2) 14+ лет3) желание заработать 4) 10 минут вашего времени✅По всем вопросам в ЛС✅⚪️ТЕМЫ ФУЛЛ БЕЛЫЕ⚪️❌В ЛК НЕ ВХОЖУ❌Самые сладкие цены❤️ ;";spam
"Скупаю пушкинские карты ;";spam
"Ребята Скупаю сбер карты по 15к Для личного использования на 1 месяц Чисто личный кабинет Без арестов и займов Оплата сразу после проверки ;";spam
"✅ Скупаю пушкинские карты в срочном порядке! ✅⚠️5к - 4000р⚠️4к - 3000р⚠️3к - 2000р⚠️2к - 1000р⚠️1к - 600р⚡️ Писать в лс с пометкой #карта ⚡️ ;";spam
"💎 Скупаю проходки, плачу 500₽, все, что нужно это карта Тинькофф | 14+ 💳 ;";spam
"Подработка от 2к₽ в деньБез вложенийНе закладки ;";spam
"Всем здравствуйте!🫀Набираю людей для заработка, выплата реальная, не обман!В чем зaключaeтcя cуть, я пpедoстaвляю вaм удoбные услoвия, в свoю oчередь жду oответственных людейДля работы нужен лишь верифицированный AVIТO аккаунтОклад 2700 в день, выплата каждые 3 дня, этo не фиксированнo, за инициативность нaдбaвка Не хочу питать вас ложными надеждами и не правдивыми суммами, 100% онлайн заработокПишите, на связи 24/7@Sergoo010 ;";spam
"🔤🔤🔤🔤🔤🔤🪙Все у кого есть T-BANK🪙💯Есть для вас заработок на 2 мин ОПЛАТА 2500 СРАЗУ ПОСЛЕ ПОЛУЧЕНИЯ💯              ‼️‼️‼️‼️          👑ПРОХОДКИ👑        ⚠️ПИСАТЬ В ЛС⚠️             ✅✅✅✅✅ ;";spam
"💵 ЛЕГКИЕ СПОСОБЫ ЗАРАБОТКА ПО 500₽ В ДЕНЬ НА ВЫПОЛНЕНИИ ПРОСТЫХ ДЕЙСТВИЙ (НАПИСАНИЕ ОТЗЫВОВ, ПРОХОЖДЕНИЕ ОПРОСОВ) В ПР0ФИЛЕ 💵 ;";spam
"Бесплатный ПРЕМИУМ в моём описании. ;";spam
"‼️🛍Самый быстрый ворк в мире, куплю пушкинскую карту за 50% от баланса‼️🛍 ;";spam
"плачу 500-750р за за оформление дебетовой карты Т-банка ;";spam
"Кто хочет заработать 300₽ за 2 минуты в лс ;";spam
"Ищу людей на онлайн подработку. В лс. Строго 🇷🇺 от2к сутки!!!! ;";spam
"Ищу людей,заинтересованных в хорошем доп.доходе на удаленке.Краткосрочная занятость.За деталями пишите в ЛС ;";spam
"Срочно! Ищем менеджера для работы на Avito, Юла.💰 Удалённая подработка, нужен телефон или компьютер.💰 Пара часов в день.💰 Оплата по договоренности.Контакт - @Avitolog24HR ;";spam
"Ищем людей для перспективного проекта. Если вы целеустремлены зарабатывать хорошие дополнительные средства, свяжитесь со мной ;";spam
"Набираю людей на подработку. За час 400 рублей спокойно. От вас: банковская карта любой страны. НЕ ДРОП!!! ;";spam
"Ищу людей на подработкуУсловия: взаимопомощь, поддержка.От 60к в месяц спокойно.1-3 часа в день уделять.Работа удалённая, связанна с FunPay ;";spam
"Скупаю аккаунты Funpay.comЧТО ДОЛЖНО БЫТЬ НА НЕМ?➡️Отзывы , хотя бы 1➡️Дата регистрации не меньше чем 3 месяца назад 💬СРАЗУ КИДАТЬ В ЛС СКРИНШОТ ПРОФИЛЯ💬@MEPACIENT ;";spam
"Перерегистрирую ваши номера МТС на чужие паспортные данные под различные цели, пишите в лс ;";spam
"Есть возможность зарабатывать пассивно Минимум 200$ в неделюПишите, всё расскажем, всему научим. ;";spam
"⚡Куплю ваш funpay аккаунт по лучшей цене⚡20+ отзывов + рега от полугодаОплата только лолз холдом, скамеры мимо ;";spam
"ВAЖНO!!! СРOЧНO!!! ВAЖНO!!!Нужны ответственные люди на oнлaйн зaрaбoтoк! Вoзрaст 27+1-3 чaсa в дeнь 1100 $ В НEДEЛЮ Писать + в ЛС ;";spam
"ВAЖНO!!! СРOЧНO!!! ВAЖНO!!!Нужны ответственные люди на oнлaйн зaрaбoтoк! Вoзрaст 27+1-3 чaсa в дeнь 1300 $ В НEДEЛЮ Писать + в ЛС ;";spam
"Приветик Я занимаюсь таро уже 2 года, могу сделать расклад на бывшего молодого человека, так же на нынешнего, могу тщательно разобрать сны, что вас ждёт в далёком будущем.1 вопрос - 25 рублей 2 вопроса - 50 рублей и так далее@Zxxxssss7 ;";spam
"Ищу людей для зароботка, удаленная работа, по всем вопросам в личные сообщения ;";spam
"Ищу людей для заработка на онлайн основе в свободное время, за деталаями в личные сообщения ;";spam
"⚠️⚠️⚠️⚠️⚠️🔍Идет набор в кoмaнду 🔍Crypto Arbitrage 🔍Достаточно уделять 1-2 часа🔍Обучаю с полного 0 за 20% от чистого заработка🔍Зарабатываем от 90 USDT в сутки -Откройте для себя как дополнительный так и основной доход в новой сфере- Отличное комьюнити единомышленников и редкие условия в наше время ❗️ За детальной информацией пишите на основу: @liok_d ;";spam
"Ищу людeй, заuнтepeсовaнных в хopoшем доп.доxоде на удаленке. Нe пoлнaя зaнятoсть, от 21. По вопросам пишите в лс ;";spam
"Ищy людeй заuнтеpесованныx полyчaть дoп.дoxoд. Удаленно. Oт 21 вoзpаст. За подpобнoстями пuшuте в ЛС ;";spam
"Вceм привeт ищy пapтнepoв 20 плюс лeт Удaлённый зapaботок Зa подpобностями в ЛC ;";spam
"НУЖНЫ ЛЮДИ ДЛЯ ДОПОЛНИТЕЛЬНОГО ЗАРАБОТКАВозраст от 18+ Хороший пассивный доходПиши в ЛС ;";spam
"Здравствуйте, вас не интересует заработок с помощью номеров?Без какого-либо вклада, а выплата приходит под конец рабочего дня. Это абсолютно безопасно. Если не интересует, то прошу не кидать жалобу, спасибо за понимание. ;";spam
"Приветствую, набираю команду для пасивного заработка, все прозрачно и честно. Доход от 30 000 руб в неделю! За подробностями в лс. ;";spam
"СРОЧНО.Нужны люди для удаленного заработка.Частичная занятость.Детали в личные сообщения. ;";spam
"""Удаленная занятость, с хорошей прибылью 350$ в день.1-2 часа в день .Места ограничены. Ставь """"+"""" мне в  личные смс. "";";spam
"Кто хочет легко заработать? Тогда пишите в лс либо тут ответьте! ВНИМАТЕЛЬНО ПРОЧИТАЙТЕ!:Не каких Poшлых заданий! И т.д!Легкая работаДля людей:10-19 лет ;";spam
"Кто хочет легко заработать? Тогда пишите в лс либо тут ответьте ;";spam
"СРОЧНО КТО ХОЧЕТ ЗАРАБОТАТЬ 30 РУБ ЗА 10 МИНУТ. НУЖНО СКАЧАТЬ ПРИЛОЖЕНИЕ ИЗ ПЛЕЙМАРКЕТ. ;";spam
"приму номера мтс📞оплата 600₽💵писать - @unforgetablex⚡️у кого много знакомых с мтс , напишите тоже. за объем номеров буду платить большеприму номера мегафон📞оплата 300₽💵писать - @unforgetablex⚡️ ;";spam
"👍Свой Банк - Кредитка 0% .✅Одобрение за несколько секунд.✅ Бесплатное обслуживание карта навсегда и без условий.😍https://trk.ppdu.ru/click/fKRPux34?erid=2SDnje5Svrk&sub1=rek1SvoibankКредитка 0% - Бесплатная кредитная карта в Своем БанкеСвой Банк предлагает открыть кредитную карту с бесплатным обслуживанием. 💰 Платите только если пользуетесь деньгами. ✔️ Выгодная Кредитка 0%, снятие наличных ;";spam
"#ищу #помогу #онлайн#вакансия #втелефоне ❇️Дополнительный 3apaботоk для девушек 18+❇️Ищете возможность 3араб0тать без опыта? Тогда это предложение для вас!Требуются девушки для выполнения несложных заданий: • Работа 2-3 часа в день • Можно выполнять задания с телефона • Не требуется специальных навыковОт вас требуется только выполнять задания как исполнители. Оплата каждый день от 800 рублей, гарантировано!Чтобы узнать подробности, пишите в Telegram: @lenafommЦелевая аудитория: мамочки, студенты, пенсионеры, работники наймов. ;";spam
"📲 ПОДРАБОТКА 📲 Надоело сидеть в долгах? Нечем платить коммуналку и кредит?ЕСТЬ ВЫХОД Зарабатывай от 10.000₽ в месяц на простых заданиях с телефона!✅  без ведения соц.сетей✅  без продаж ✅  в любое свободное время За подробностями пиши в телеграм @Alina_Synkova ;";spam
"#рассылки #трафик #обучение #клиенты #ищуНАДОЕЛО СУТКАМИ СИДЕТЬ В ТЕЛЕФОНЕ?ДЕЛАЕШЬ, А РЕЗУЛЬТАТА НЕТ?🔠🔠🔠🔠🔠  🔠🔠🔠🔠❗️АВТОМАТИЗАЦИЯ 🟡🟡 Ежедневные заявки🟡 Трафик 🟡 Новые источники д0х0даЧто входит:▶️ Закрытый канал с обучением▶️ Набор программ для автоматизации ▶️ 25 готовых папок с базой чатов▶️ Бот по подбору чатов по ключевым словам (для поиска вашей ЦА)ВЕЧНАЯ ЛИЦЕНЗИЯ!!!Подробнее тут ▶️ ПРОГРАММЫ ;";spam
"⭐️Работа/подработка в образовательном проекте.⭐️📌 Девушки от 18 лет📌 График свободный (2-3 часа в день).📌 Доход от 30 000 рублей в первый месяц сотрудничества.💡Так же есть возможность получить обучение по разным онлайн профессиям.За подробностями пишите сюда @Milena18O27 ;";spam
"🔠🔠🔠🔠🔠🔠🔠🔠🔠🔠🔠🔠❕Собирaем командy работников в сфeре арбитpaжa криптовалют❕ Дoxoдность до 10% с кpyгaТребовaния:🔴Oт 18 лет 🔴Базовые знaния в крипте🔴Минимальный депoзит на любoй из пoпyлярных бирж oт 100$Yслoвия:🔴Рaбoтаетe полнocтью cамocтоятeльно, кpyтите наши cвязки между cвоими биpжaми. 🔴Нам платитe % с вaшeго чиcтoго дoхoдa зa нaши связки. 💬 Cвязь - @BTC_Daddy1 ;";spam
"⚪️⚫️⚪️⚪️⚪️⚫️ ⚪️⚫️⚫️⚫️⚫️⚫️     🔤🔤🔤🔤🔤 🔤 🔤🔤🔤🔤📣 Ищем работников в Тиму ❣️        ➡️График свободный 👈     ⚠️Рабочее время с 23:00⚠️🚨 школьники, женский пол и неадекваты мимо🚨💲Доход за одну смену от 700$💲📝обучаем всему с нуля главное голова не плечах✌☀️Работа полностью удаленная✔️✍️По всем вопросам писать сюда: @Krab8088 👍 ;";spam
"👍Куплю телефонию👍😎Рассмотрю все варианты🔋Писать только сюда: @H4KU88❗️❗️❗️ ;";spam
"📣 Ищем людей в команду по крипто арбитражу⏱ Онлайн работа, свободный график💵 Заработок ~ минимум $100 в день Бесплатное обучение! Не работаем с фейк биржами!Нужны вложения для работыПисать - @Voronnext ;";spam
"💸  РАБОТА БЕЗ ВЛОЖЕНИЙ  💸Предлагаю работу, подработку:🎯 Высокооплачиваемые вакансии🎯 Гибкий график🎯 Возможность карьерного роста   По переезду  либо же  иногородним  помогаем  :  -Жильем    - Проездом    -  Питанием  ✅ Работа  рядом  с домом  ✅Доплата  за  выполнение  плана  и бонусы  ✅Полное  обучение  а начале Все вопросы нашему Менеджеру 👇👇👇@Rabota_Y_Mexicanca111 ;";spam
"‼️ Пpедлaгаю pабoту любoму жeлaющeму, нужнo дocтавлять нaличные📈 Ecть кapьеpный poст, вoзможнo yвeличение вaшей cтaвки (пpи нaличии пpoдoлжитeльнoй и кaчecтвeннo выпoлнeннoй paбoты)💵 Дoxод в мeсяц в cpеднeм oт 5OO.ОOО pyблей🇷🇺 ЛЮБОЙ ГOPОД PФ (Кроме МСК , СПб)❇️ Зaдaча зaключaетcя в том, что вам нyжно зaбpaть нaличные деньги, чaсть ocтавляeтe ceбе, a ocтальнoe oтпpавляeте нaм. Bcё пpocто.🔑 Зaлог нe нyжен, тoлько докyменты подтвepждающиe личнoсть.Так же требуются дроповоды в этой сфере, с опытом работы!💼 Пoдpoбнee: @rabota_rf114 ;";spam
"ИЩУ ЛЮДЕЙ ДЛЯ УДАЛЕННОГО  ЗАРАБОТКАДля работы требуется телефон или компьютер💸Твой доход может составлять от 500$ в неделю, все зависит только от тебяКруглосуточная поддержка на всех этапах обученияОпытная командаНе нарко, не интим, не пирамиды, не вложения      ПО ВОПРОСАМ ПИСАТЬ @Work_OnlineA ;";spam
"🟪ЗАЛИВЫНА КАРТЫ,СЧЕТА  💳❗️КАРТЫ С БАЛАНСОМ ❗️БЕЛЫЙ ПЛАСТИК✅ДЕЛАЕМ КАРТЫ НА ВВАШИ СКАНЫ✅ВОССТАНОВЛЕНИЕ SIM-КАРТ✅ПРИМЕМ ГРЯЗИ РФ✅ДЕБЕТОВЫЕ КАРТЫ ВСЕХ СТРАН 🥝QIWI КОШЕЛЬКИ С БАЛАНСОМ🔥💵ФАЛЬШ КАЧЕСТВО 1К1🚨СберСпасибо ОТ 20.000 🟩РАБОТАЕМ ПО ВСЕМУ МИРУ🌐🟥ПРОВЕРЕНЫЙ СЕРВИС▫️🟨ОПЫТ БОЛЕЕ 3Х ЛЕТ▫️🔳ЕСТЬ ОТЗЫВЫ▫️⬇️⬇️⬇️@obnalichka_money⬆️⬆️⬆️ ;";spam
"🟡Ищем сотрудника на вакансию: Онлайн Администратор 🟡🔥Работа из дома⚡️От Вас требуется:Телефон на базе Android (обязательно)✅3-6ч свободного времени✅Желание зарабатывать✅От нас - Премии, Карьерный рост в компании, Обучение!Зарплата ежедневная 2500-4000 РУБ💸❗️Гражданство РФ    18+Пиши прямо сейчас! Места ограниченыПисать: 👉🏻 @yandex_manager9 ;";spam
"🤝 ‼️🅰️🅰️🅱️🅱️🅱️🅱️🅱️🅱️🅰️🅰️‼️Давно искал подработку в интернете🤍 на АВИТО 🤍              Тогда тебе к нам!!!      Заработок без особых усилий     Не займет много времени      Вам нужен только аккаунт                      на авито Заработай сам не живи  в долг !!Пиши🛒🛒🛒🛒🛒🛒🛒🛒🛒🛒 ;";spam
"📝 УДАЛЕННАЯ ПОДРАБОТКА С ТЕЛЕФОНА📲👉ОТ 4 OOO рублей в день✅❗️ВСЕ ЛЕГАЛЬНО!❗️СПРАВИТСЯ ЛЮБОЙ!❗️НУЖЕН ТОЛЬКО ТЕЛЕФОН!❗️НЕМНОГО СВОБОДНОГО ВРЕМЕНИ🚀Пишите в ЛС ;";spam
"﻿Есть темка на 5,000 наликом. Сделаем быстренько? Кто готов? ;";spam
"Подработка для всех Плачу от 12 тысяч в день ;";spam
"Срοчно нужны ρабοтниκи, οплата οт 70.000 в неделю, интеρесует? ;";spam
"💬🧑‍🚀 Возьму Ваш WhatsApp в аренду🇷🇺 регистрация не меньше 6 месяцев, WhatsApp должен иметь какую-либо активность чаты-группы и тд.❗️ Во время аренды, Вацап остается у Вас в личном пользовании💬💬Оплата за каждые 48 часов, от 2800RUB💲 до 3200RUB💲 📣 (также имеются бонусы за долгосрочную и порядочную работу и бонус за приглашенного друга в размере 500RUB🔊💬Веду набор порядочных и ответственных людей на долгосрочную работу❗️✅Обращаться ➡️  @Arenda_WhatsApp1 ✉️ ;";spam
"Быстрые деньги за роботу3-4 часа 15-20 тысячработа от 4 дней в неделю ;";spam
"﻿ВЕЧЕРОМ 3 тысячи за час твоего времени.Ничего сложного делать не нужно.Узнать подробности+в лс ;";spam
"🤍 Пассивный заработок НА АВИТО🤍Не займет много вашего времени,                                              всему научим БЕЗ вложений.😏                  📣        💵💵💵💵💵💵                     Выплаты на любые реквизиты РФ 💳Пишите ;";spam
"#ищу #вакансия #кураторСРОЧНО ТРЕБУЕТСЯ КУРАТОР В ОНЛАЙН-ШКОЛУ✔️График работы свободный 2-3 часа в день!✔️Нужeн tолько tелефон!✔️Доход от 3000Р в день                                                                                                           ОБЯЗАННОСТИ:Вeсти соцсeтиКонсультupoвatьОбрaбaтывaть входящие зaявкиВыдaвaть доступ к школеСВЯЗЬ СО МНОЙ @Anya170284 ;";spam
"Всем привет есть т$мка на вечер, ЗП от 4000тыс за 3-4 часа пиши поработаем в месте ;";spam
"⁠⁠⁠⁠⁠⁠⁠⁠⁠⁠Перейти на официальный сайт ;";spam
"7.500 за пару часов , просто ставь + в лс ;";spam
"✅✅✅✅✅💲 Возьму в аренду ваш 🛒АВИТО🛒 аккаунтЗа отзывы на аккаунте бонусы с доплатой, в зависимости от количества отзывов!✅ НЕ ЧЕРНУХА! (100% БЕЗОПАСНО)🚨 Оплата за аренду вашего аккаунта от 10000₽ + бонусы за отзывы💚 Связь по ссылке ниже🟢 @avito_rental ;";spam
"Есть пοстоянная рабοтаΟплата дοстοйная✔️Пοдойдет для всех желающих!Πο вопросам в ЛС ;";spam
"✅Продам Базы Все Гео- Финансовые пирамиды - Заявки на покупку недвижимости и ЖК-  МФО (заявки на займ)- должники- физ лица - банки и инвестиции - б/д врачей- терявшие и бады- ЛПР и директора- клиенты магазинов и супермаркетов- недвижимость- букмекерские конторы- страховые компании- интернет магазины- форекс и казино- новореги ип и ооо онлайн выгрузка и за любой период- сетевые млм компании- лиды под БФЛ и многое другое.Обращайтесь в лс подберем вам базу под ваш запрос.Гарант +.👉Связь: @Evgen_Bazz ;";spam
"Ищешь новую сферу деятельности или есть интерес приумножить свой доход? Приглашаем в команду it сферы, криптовалюты и обработки комп. информации! Сотрудничество под процент, на взаимовыгодных условиях. Не арбитраж крипты и не нарко. Можно с нуля, обучение будет. Ждем в лс. ;";spam
"🟥СРОЧНО НУЖНЫ ДЕНЬГИ ?🆘 Не хватает до зарплаты?✅ 0% на первый заем. Без справок и поручителей.От 1 OOO до 1OO OOO РУБЛЕЙ ! Только 18+💳 Одобрение 97% ❗️Пишите в ЛС❗️ ;";spam
"Срочно! Ищем менеджера для работы на Avito, Юла.💰 Удалённая подработка, нужен телефон или компьютер.💰 Пара часов в день.💰 Оплата по договоренности.Сюда - @Avitolog24HR ;";spam
"Легкий заработок от 20к р в день без обмана! Официально и законно! Возраст 18+! Спешите, предложение до 4 августа! Пишите только Россиянам и Белорусам в лс @FrolovUSDT. Не упустите свой шанс! ;";spam
"Есть подработка для каждого!Оплата 8000 рублейВремени вашего нужно 4 часа Всех нуждающихся жду в личныхhttps://t.me/hr_marina_pavlovna ;";spam
"✅ #️⃣1️⃣🔤🔤🔤🔤🔤🔤🔤🔤SMM PANEL🔃Cheapest, Fastest & Highest Quality SMM Panel 🔃📣Need a fast, cheap and reliable panel for all of your social media needs? Then look no further, Starpanel.io is here. TikTok🌐, Instagram🌐, YouTube🌐, Telegram🌐, Twitter🐦, Discord🌐, Threads, Kick 🖼, Onlyfans 📱and more!📣Examples ✔️📱1k Instagram likes for $0.007! 📱1k Instagram followers for $0.05📱1K Instagram no drop for only $0.17📱1k Telegram Members $0.27📱1k TikTok followers $0.90📱1k X/Twitter followers $0.20💰 With over 5000 services.  Our panel is maintained 24/7 meaning that all services work as expected with fast start and finish time, cheap services, always maintained services to make sure that everything goes smooth! 🌐Our support team has multiple ways of being contacted. You can contact our support through Telegram and tickets!👨‍💼Our prices are unbeatable, making it easy to sell our services anywhere and start earning! 💸💎 Minimum deposit 1$ ⏩Order now and start growing your social media today! We accept BTC📱, ETH📱, LTC💰, USDC💰, TON📱, USDT📱 , 50+ Cryptocurrencies, and PayPal📱. ⏪➡️ Starpanel.io ⬅️➡️ Starpanel.io ⬅️➡️ Starpanel.io ⬅️Smm panel, social media marketing, power likes , smma , e-commerce , PayPal SMM panel , telegram members, Twitter followers , mass dm , hq followers, instagram mass dm , discord mass dm, telegram members, botting., onlyfans subs, onlyfans, onlyfans management, onlyfans subscribers, YouTube live stream, YouTube watch time, botting panel,, Telegram premium members, SEO ;";spam
" Скупаем пушкинские балансы по новой системе ООО Открыли тестовые мп через которые идет процесс обналичиванияЗа полный баланс по получите до 4000рВыплаты производятся через счет ООО, и это гарантия того что нам не получится вас обмануть даже если мы этого захотимСвязь с нами @push_yoibot ;";spam
"КУПЛЮ ЛК РС АЛЬФА БАНК 💳НА ИП | ООО Либо кто готов открыть ИП/ООО может со мной заработать Тариф: Любой кроме специальный выборОплата: 15.000₽ (Вношу в гаранта)Связь 👉 @Director708 ;";spam
"#ищу #вакансия #требуется🟠🟠🟠 Ищy акmивныx, целеуcтpемленныx u оmвеmствeнныx кураторов для рабоmы uз дoмa.Bозмoжно cовмeщенuе с дeкpemом, yчёбoй или pабoтой. Тpебования 👇🟠Cтаршe 20 леm🟠Удeляmь 2-3 чаcа врeмени в дeнь🟠Стaбильный uнтеpнeт🟠Жeлaние обyчаmьсяПрeдocmaвляем:🟢Обyчeниe с нacmaвнuком 🟢Cвoбoдный гpaфuк🟢Дucтанционнo🟢Oплama oт 3000р✅ в день!☝️Koличecтво меcm огранuченo!Пишите 👇@PoluektovaMariaчmобы занять cвое меcmo ;";spam
"Ищу помощников с АйфономиНужны рабочие руки те у кого есть АйфонОплата 50-100$Никаких вложений, скама и прочего.Писать : @TimKuk_Work ;";spam
"🟠🟠ТРЕБУЮТСЯ ДЕВУШКИ НА УДАЛЕННУЮ РАБОТУ🟠🟠Для этого нужен: -телефон с интернетом -желание обучиться  -2-3 часа свободного времени Доход от 50.000₽ в месяц МЕСТА ОГРАНИЧЕНЫ💌 по всем вопросам обращаться @PoluektovaMaria ;";spam
"Кредитная карта Целый год без процентов Акция! Клиенту начисляется 500 рублей в течении 5 рабочих дней, после получения пластиковой карты и совершении транзакции. 365 дней без%%https://clck.ru/3BRfkL ;";spam
"#ищу #требуется #наудалёнку🟠🟠ТРЕБУЕТСЯ КУРАТОР В ОНЛАЙН ПРОЕКТ🟠🟠❗❗ДЕВУШКИ 20+!!!❗❗✅ОБУЧЕНИЕ ПРЕДОСТАВЛЯЕТСЯЗАНЯТОСТЬ 2 - 3 ЧАСА В ДЕНЬ💰ОТ 25000 - 35000₽ в месяц🟠Принимать входящие  зaявки от людей🟠Общение с клиентами, по готовому скрипту.🟠Выдавать дoступ к материалам Требований: желание обучиться!📎 Писать сюда: @PoluektovaMaria ;";spam
"Ищу человека для ответов на сообщения, подработка💜(от 500-3000₽ в день, зависит от свободного времени)Возраст не важен, объясню все лично🫶🏻 ;";spam
"ищу  человека  для ответов на сообщения в тг, подработка💜(от 500-3000₽ в день, зависит от свободного времени)Возраст не важен, объясню все лично🫶🏻 @slpgrvva ;";spam
"Подарю премку,или заплачу Девочке За небольшое задание В ЛС ;";spam
"🆎🆎🆎🆎🆎🆎🆎🆎🆎🆎🆎🆎🆎5️⃣0️⃣0️⃣0️⃣🆎🆎🆎🆎🆎🆎🆎🆎🆎🆎🆎🆎🆎🆎🆎🆎🆎🆎🆎🆎🆎🆎🆎 🆎🆎🆎🆎🆎🆎🆎🆎😁😁😁😁😁😁😁😁😁😁✉️Писать - @Work_OnlineA ✉️ ;";spam
"❤️Дам заработок❤️🔤🔤🔤Для тех у кого есть:💳 Пушкинская Карта😁 Тинькофф | Т-БанкВся информация в лс@AnGunLina ;";spam
"⚡️РАБОТА В ТВОЕМ ГОРОДЕ⚡️🇷🇺 💼Ты ответственный и пунктуальный человек и хочешь много зарабатывать,то тебе к нам!!!‼️ Без вложений🎯Опытные наставники💳Выплата наличкой сразу.❌не нарко💰3/П ОТ 20.000р В ДЕНЬ. Пиши сюда @katirina_manager ;";spam
"✅Авито для всех!!!🇷🇺Идёт набор сотрудников, для удаленной работы на платформе Авито!!!👍Данная вакансия без вложений!!!👌У нас все честно и  не какой чернухи,выплата ежедневно от 1000р. до 3000р в день, зависит от вас!!!🤝Работа под кураторством нашего опытного Авитолога!!!✅Работа для любого возраста,работать смогут даже школьники и студенты!!!✅Для удаленной работы потребуется, телефон или ПК с доступом в интернет!!!✅Мы даем возможность каждому, попробовать себя во фрилансе.✅Многие наши сотрудники за короткий срок вышли на доход более 100 тыс.рублей в месяц и сами стали опытными Авитологами.✅Прошу заметить, что работа без каких либо  вложений!!!🔐Если вы готовы попробовать себя во фрилансе, без вложений и опыта. Пишите на прямую нашему АВИТОЛОГУ, вам все подробнее обьяснят⬇️@Avitolog_Mariay@Avitolog_Mariay@Avitolog_Mariay ;";spam
"У кого проблему с YouTube, пишите в ЛС. Есть решение. В 2 клика ;";spam
"💥В ВЕРИФИКАЦИИ - ОТКАЗАНО 💥Знакомо? Нам- нет.📩Самые надёжный инструмент в округе даркнета.Наши услуги. Коротко.🍃-Готовые БА , Аккаунты (криптобиржы и др.)-Верификации на любых странах и гео-Видео отрисовка, фото отрисовка-Документы (id, права, паспорта)➕НАШЕЙ РАБОТЫ:•Наши отрисовки выглядит 1 в 1, не отличит никто.•Нет заезженных документов•Даем гарантию на приобретённые у нас аккаунты•Депозит на различных форумах⛪️ПРИГЛАШАЮ В ДОМ КАЧЕСТВЕННОЙ РАБОТЫ:@Doki_boss_project@Doki_boss_project@Doki_boss_projectтэги:куплю доки, куплю, нужен вериф, пройду вериф, верификация, БА, ЛК, аккаунт, отрисовка, дроп, гео, паспорт, айди, прода ;";spam
"""😄😄😄😄😄😄😄 😄😄😄😄😄😄😄😄✅⠀😄Требуется люди, от 18 лет, с любой страны😄с опытом и без опыта работы😄доход от 😄😄😄😄😄в день 😄с свободным временем 2-3ч в деньДля более подробной информации жми😄😄😄😄↘️РАБОТА Или пиши мне """"ХОЧУ РАБОТАТЬ""""😄😄😄😄 @olya_brova "";";spam
"#ищу #вакансия УДАЛЁННАЯ РАБОТА БЕЗ ОПЫТАТребования:🟣 Девушки от 18 лет.🟣 Свободное время 2-4 часа.Обязанности:🟣 Проходить опросы.🟣 Комментировать посты.🟣 Ставить лайки.🟣 Оставлять отзывы на разных сайтах.Оплата:🟣 От 500 рублей ежедневно.🟣 Зависит от выбранных вами заданий и от их количества.📲 Все подробности тут: @SvetlanaWorkBot ;";spam
"#ищу #вакансияИЩУ МЕНЕДЖЕРА ПО ПРОДАЖАМ УСЛУГ ОНЛАЙН-ШКОЛЫТребования:📌Девушка от 18 ЛЕТ.📌Опыт удалённой работы - не обязательно.📌Наличие телефона с хорошим интернетом.Обязанности:📌Обработка входящих сообщений.📌Переписки с клиентами.📌Консультации клиентов.📌1200₽ - 3000₽ рублей ежедневно.Если интересно, пиши сюда 👉 @lana_revenkova ;";spam
"""УДАЛЕННАЯ ЗАНЯТОСТЬ . Доход от 75.000р. в неделю.От Вас Необходимо полтора два часа в день. Осталось 7 мест. Ставьте """"+"""" В л.с "";";spam
"Ищу сотрудников для зароботка на удаленной основе, хороший еженедельный доход, 20+, все подробности в лс. ;";spam
"📌Вас приветствует Точка Контроля 📣Ищем сотрудников на ПОСТОЯННУЮ работу, на должность Менеджер по контролю за персоналом ОНЛАЙН!✔️Стабильный заработок  ✔️Высокая оплата труда ✔️Свободный график ➕Присоединяйся к нам!       Пиши мне в лс 💌 ;";spam
"Добрый день ,есть хорошая возможность подзаработать в сезон ,требований особых нет ,ставка 3800 ,детали в лс ;";spam
"есть небοльшая шабашка на паρу часов, 15 000 за 3 часа, пиши в лс ;";spam
"Я в поисках адекватных не пьющих ребят на подработку на неделю/Две ,з.п не обижу,умений никаких иметь не нужно,главное желание подзаработать, Так-же нужен водитель, или без прав но с умением передвигатся( в случае форс мажора) ;";spam
"Здраствуйте ,нужены пару человек на вакансию принеси подай ,подойдут и девушки так же ,по оплате ,графику договоримся ,студентам тоже можно ,интересно ? пиши ;";spam
"Предлагаю подзаработать уже сегодня ,приступаем к работе по факту согласования всех условий ,подойдут любые ,обучу каждого ,ничего сложного ,возраст не важен ;";spam
"есть возможно подзаработать,кому интересно ? ;";spam
"Всем привет,есть хороший вариант подзаработать за короткое время ,требований никаких нет ,ставка в день приятная от 3500 ,берем и парней и девушек,справится любой ,можно на постоянную основу ,детали в лс ;";spam
"Вакансия для всех возрастов.В сеть прачечнных,открыт набор персонала на разные должности.Оплата два раза в неделю.За подробностями в ЛС ;";spam
"Ищу людей для заработка на удаленной основе в свободное время, за деталаями в личные сообщения ;";spam
"Компания ищет активного сотрудника для работы через интернет. Основная работа занимает 3-4 часа в день Работа подходит студентам, мамам в декрете, домoxoзяйкам, пенсионерам и не только...Зарплата: от 60000р. ;";spam
"Ищу людей для сотрудничества на удалёнке, много времени не занимает + хороший доп.доход.Пиши + в личку ;";spam
"Ищу партнеров, кому интересен дополнительный  пассивный заработок, хорошая еженедельная прибыль, дистанционный формат, за деталями пишите в лс ;";spam
"Здравствуйте! Я предлагаю заработок в сфере криптовалют все деталu в лc ;";spam
"Ищу партнеров, кому интересен дополнительный  пассивный заработок, хорошая еженедельная прибыль, дистанционный формат, за подробностями  пишите в лс ;";spam
"""Удаленная занятость, с хорошей прибылью 350$ в день.1-2 часа в день .Места ограничены. Ставь """"+"""" мне в  личные смс. "";";spam
"ищу людей с Украины которые хотят зарабатывать на продаже чатов и выполнении заданий.(фриланс) ;";spam
"⚪️⚫️⚪️⚪️⚪️⚫️  ⚫️⚪️⚪️⚪️⚫️⚪️⚫️⚫️⚪️⚪️⚪️⚪️ ⚪️обучаю фрилансу, стану твои личным куратором, направлю на нужное русло! зарабатывая на сайте, получая за это доходы в день +1000₽, доказательства есть! ⚫️⚪️⚪️⚪️⚪️⚪️⚫️⚪️⚪️:⚫️⚫️⚫️⚪️моя личка — @dsd_33xD ;";spam
"Ищу людей которые хотят подзаработать на своем номереПодробности в лс ;";spam
"Кто хочет подзаработать пишите в лс ;";spam
"Ищем сотрудников на выгοдных услοвиях, пиши в ЛС. ;";spam
"✨ Ищем сотрудников для работы в Telegram! ✨ Хотите стать частью нашей команды и работать с интересными проектами? Пишите в личные сообщения для подробной информации! 🚀📲 @Ev_wwl01 ;";spam
"Преветик🧸🎀Я куратор, девочка фрилансер, если хочешь зарабатывать в месяц 10000 тыс тогда пиши мне я обучу фрилансу ты будешь работать, сама работа легка, напиши мне в лс если бан то реакцию поставь я сама напишу! 💝🫂Я ЖДУ ИМЕННО ТЕБЯ💗💋❤️🧸🎀💝🫂 ;";spam
"кто хочет подзаработать, пишите в лс ;";spam
"Людии, есть онлайн работа фриланс(кз), не хотите? ;";spam
"!Срочно нужны сотрудники на удалённую работу онлайн! Легально! Без схем, скама и т.п. -Только удаленно (ПК, телефон)-Свободный график (выбираете сами)-Оплата ежедневно по факту (на счет, от 2**$)-Комфортные условия труда (бонусы, рефералы, премии)-Поддержка на всех этапах сотрудничества (опытные наставники, дружный коллектив)Спешите присоедениться к команде профессионалов! Пишите в ЛС. ;";spam
"🌐Точка Контроля ищет Менеджера по контролю за персоналом ОНЛАЙН!➡️Что мы предлагаем:• Свободный график• Высокая оплата труда• Стабильная работа• Удаленный формат✉️Пишите в лс, чтобы узнать больше! ;";spam
"❗️❗️❗️Робота онлайн, легально, kрипта❗️Ищу сотрудников в команду 🤝🏼Oт нaс:🟢Гибкий графиk🟢Выплаты каждую неделю 🟢Пapу чаcов в деньОт ваc:✅Доcтуп k интернетy✅Желание pости✅Возраст 18+✅Паpy часов в день💵Больше информации? Пиши в лс🤝🏼💵 ;";spam
"РАБОТА НА ДОМУ ОНЛАЙН✨Зарплата от 100 до 1000🔹Работа максимально простая – нужен только телефон и желание зарабатывать.🔹строго от 14 лет 💸Ваш заработок сразу идет на карту – никаких задержек или скрытых условий! 💸😜Гибкий график – работай в удобное для тебя время и столько, сколько хочешь!😜💡Всё честно и прозрачно – более тысячи довольных сотрудников! Проверено лично!💡Если заинтересован то писать мне:SKALARNOE_YRAWNENIE ;";spam
"МАКЕТ (сообщение для рассылки)#ищу #помогу Привет, ищу сотрудников на удалённую работу❤️ Опыт работы тут не важен❗ Что от вас требуется: 🤍 умение пользоваться Telegram  🤍хорошо вести диалог с клиентом В чем суть работы? 🤍только лишь обработка заявок от клиентов, которые будут вам поступать Работа подходит абсолютно для всех, времени занимает не много: от 1 до двух часов! Все что нужно: 🤍доступ в интернет 🤍свободное время Присоединяйся! По вопросам в ЛС❣️ ;";spam
"Веду поиск людей, заинтересованных в получении хорошего доп.дохода на удаленке. Частичная занятость, от 20лет. Детали в лс ;";spam
"Всем здравствуйте!🫀Набираю людей для заработка, выплата реальная, не обман!В чем зaключaeтcя cуть, я пpедoстaвляю вaм удoбные услoвия, в свoю oчередь жду oответственных людейДля работы нужен лишь верифицированный AVIТO аккаунтОклад 2700 в день, выплата каждые 3 дня, этo не фиксированнo, за инициативность нaдбaвка Не хочу питать вас ложными надеждами и не правдивыми суммами, 100% онлайн заработокПишите, на связи 24/7@Sergoo010 ;";spam
"Подработка от 2к₽ в деньБез вложенийНе закладки ;";spam
"😜 Арeндa старых 🇷🇺WHАTSAРР до 2023г. До 10$(900₽)/день.😊 Арeнда верифицированных ABИТO-до 70$(6300₽)/день.💳 Oбнaл пушкинских карт 😋 Покупаем Проходки/Е-сим Т-Банк😌 Выкуп TG акков старых🔥 И многое другое..! (NotCoin,Верификации,Госключ,Мтс Лимиты и прочее!)👍 Нашему проекту более полугода. Репутация - на высшем уровне! Мы не посредники, а прямые скупы - поэтому у нас самая высокая цена!✉️ Наш канал (розыгрыш 90тыс₽):👉   @whatsapp_rulez 🤖 Бoт, если у вас СпамБлок ,вся информация по нашим услугам:👉   @whatsapprentspam_bot ;";spam
"ищем сотрудников  удалённая  работа арбитраж пиши в лс ;";spam
"Предложение подзаработать быстро отМожно прост осоощнить от этои  8000 за 4 часа, пишите в лс ;";spam
"Предложение подзаработать быстро от  8000 за 4 часа, пишите в лс ;";spam
"если нужна нормальная подработка пишите дам возможность подзаработать ;";spam
"Ищем сотрудников 20+ удаленная деятельность.Приятный дополнительный заработок. Кому интересно: Пишите в ЛС ;";spam
"привет, не хочешь подзаработать? я ищу людей для работы, и цель твоей работы будет точно такая же! ты даёшь свой номер админу, потом сидишь 10 минут в сети и тебе приходят 2 кода Коды нужны для регистрации на сайте. Админам платят сайты за зарегистрированных пользователей, а нам за то что мы находим номера для регистрации на сайтах. Когда будут приходить коды, ты должен(а) будешь быть в сети минут 10. После этого админ даст тебе ссылку на группу, где и происходит вся работа) за каждый номер тебе будут платить 50₽ (иногда 75₽), с номером все будет хорошо, я сама так же попала туда) очень выгодный и хороший заработок, поэтому очень советую не упустить такую возможность💗 ;";spam
"Свободная вакансия з свοбοдным графиκοм и ЗΠ οт 15тыс в день, детали в лс ;";spam
"Ищу людeй, заинтeрeсованных в хoрoшем доп.доходе на удаленке. Не полная занятость, от 21. По вопросам пишите в ЛС ;";spam
"Ищу людей,заинтересованных в хорошем доп.доходе на удаленке.Краткосрочная занятость.За деталями пишите в ЛС ;";spam
"• Ищу целеустремленных людей в наш проект Мы предоставляем:-Удалённую работу с мобильного/ПК-Быстрое обучение от наших менторов-Заработок от 700$ в неделюЗаинтересованных жду в личке! ;";spam
"#ищу #удаленно #работаТРЕБУЮТСЯ РЕБЯТА|МУЖЧИНЫ-ЖЕНЩИНЫ ДЛЯ РАБОТЫ ОНЛАЙНвозраст 18+❗️ (не продажи, не валюта)➤Оплата достойная➤Можно как подработка (совмещение)➤Без опытаПо вопросам  + в личку! ;";spam
"кто хочет немного и хорошо подзаработать легально и многовато, пишите в лс всё подробно расскажу, платить вкладывать ничего не надо, от 18 лет! ;";spam
"📣 Нужна подработка ❓🔎 Ищем активных людейУ нас есть свежие вакансии  для вас! Гибкий график и выгодные для вас условия.Оклад от 5000💸Присоединяйтесь к нам! ✉️ ;";spam
"""Привет. Хочешь подзаработать? Тогда, у меня к тебе есть предложение.Условия❗:1. больше 14 лет2.нету дебетовой карты от Тинькофф.Если эти 2 условия соблюдены, то тебе ко мне. Пиши:""""Дальше"""", если заинтересовались "";";spam
"Есть вакансии в команду, средняя от 150к, привлечение клиентов юр лиц в банк, в личку подробно ;";spam
"💸 Есть очень легкая работа 💸🎁 5000₽ за 5 минут ( может даже больше ) 🎁❗️ От 14 лет, только 🇷🇺 ❗️⚠️ Заработок полностью чистый и прозрачный, вложений не требуется! ⚠️СВЯЗЬ 👉 @montasonta ;";spam
"Ищу людей на онлайн подработку. В лс. Строго 🇷🇺 от2к сутки!!!! ;";spam
"Всем доброго времени суток! Я бы хотела предложить вам работу без вложения в телеграмме (отзывы имеются)Коллектив всегда поможет, а заработок по номерам, я вступила вчера а заработала уже 200+Это абсолютно безопасно поверьте) Заинтересовался? Пиши -@Aska204 ;";spam
"💗ПОДРАБОТКА В ТВОЁМ ГОРОДЕ (Не удаленка)😀Требования:💗14+ (возможно рассмотрение кандидатов младшего возраста) 💗Наличие смартфона, мобильного интернета и рабочей камеры 💗Желание работать, умение говорить на русском языке 😀Условия:💗Свободный график💗Средняя зп 1-3к в день + премия💗Карьерный рост😀Задачи: проводить опросы среди людей ;";spam
"Нyжeн допoлнительный зaрабoток? Пиши мнe есть вариант подработки с ежедневной оплатой 7тыс р ;";spam
"Есть подработка, можно совмещать с основной работой/учёбой, ничего сложного всему обучаем, оплата ежедневная 6тыс р, возможны авансы.Пишите в лс ;";spam
"Ищу человека для ответов на сообщения, подработка ❤(от 500-3000 в день, зависит от свободного времени) Возраст не важен, объясню все лично💞@kittwixo ;";spam
"Есть обучающий материал по трейдингу,абсолютно вся основа для обучения,кому интересно пишите,скину просто так ;";spam
"""🔥🔥Задание на 5 минут🔥🔥💣💣Плачу:50₽ 25грн💣💣💰💰Задание: перейти в бота и сделать пару пунктов(инструкцияю выдам)💰💰 "";";spam
"Кто заработок хочет без вложений ;";spam
"Дам работу без вложений  с 14+(нужна будет только карточка😀) ;";spam
"У КОГО ЕСТЬ ТИНЬКОФФ ЗАПЛАЧУ ЗА ПАРУ ДЕЙСТВИЙ! 350 РУБЛЕЙ СРАЗУ! ;";spam
"Ребята Скупаю сбер карты по 15к Для личного использования на 1 месяц Чисто личный кабинет Без арестов и займов Оплата сразу после проверки ;";spam
"✅ Скупаю пушкинские карты в срочном порядке! ✅⚠️5к - 4000р⚠️4к - 3000р⚠️3к - 2000р⚠️2к - 1000р⚠️1к - 600р⚡️ Писать в лс с пометкой #карта ⚡️ ;";spam
"😍Платим 50₽ за 2 смски для регистрации в Fonbet (ставки на спорт) 😍🤪От вас нужен: не зарегистрированный номер в этом сервисе🤪🥳Оплата на следующий день, если номер прошел🥳Писать в лсОтзывы(Вам и Вашему номеру ничего не будет, мне нужны просто номера для получения фрибетов, вам плачу просто процент с выплат своих, верификацию прохожу на свои данные) ;";spam
"СРОЧНО КТО ХОЧЕТ ЗАРАБОТАТЬ 80 РУБ ЗА 10 МИНУТ. НУЖНО СКАЧАТЬ ПРИЛОЖЕНИЕ ИЗ ПЛЕЙМАРКЕТ.ЕСЛИ БАН СТАВЬ РЕАКЦИЮ И ДОБАВЛЯЙ В КОНТАКТЫ ;";spam
"Кто хочет заработать отпишите в личку ;";spam
"кого интересует работа без вложений, без курсов?(от 500р в день)  пишите в лс, всё обьясню @karinxvv ;";spam
"ищу работу без вложений, писать в лс ;";spam
"Нужен человек который будет делать скрины 10 скринов- 400р20 скринов - 950р,40 скринов - 2500р, бесплатно, без вложений ;";spam
"нужны люди для ответов на сообщения! от 500 рублей в день,зависит от вашего свободного времени.пишите в лс!всё подробно объясню! ;";spam
"НЕ ЗНАЕТЕ КАК НАЧАТЬ ФИНАНСИРОВАТЬ СЕБЯ С НУЛЯ? мы компания по заработку для подростков, приглашаем вас в нашу компанию по заработку в которой вы можете получать от 500₽ в день. как? - карточки на маркетплейсах, мы предоставляем уроки, а то есть возможность заработать с нуля прямо сейчас если вы согласны на данное предложение, напишите плюс всего хорошего 🤗 ;";spam
"💼Ищу работников для удаленной работы (Вбив за %)👨‍💻Работаем по Америке🇺🇸(Carding)🌐Гео не важно⚙️Ворк белый🗓Работа по пару часов в день1.500💵-2.000💵в день💻Писать 🚫ВОЗДУХАНЫ И СКАМЕРСАНТЫ МИМО❕✉️✉️ПИСАТЬ ПО ПОВОДУ ЗАКАЗА 📣 @alex_card387❗️‼️ПИСАТЬ ТОКА ПО ЗАКАЗУ БЕЗ ЛИШНИХ ВОПРОСОВ‼️ ;";spam
"📣📣📣📣📣⚠️👁👁👁📌📌📌 ПОДОЙДУТ ВСЕ ОПЕРАТОРЫ ➡️ ПЛАЧУ ДЕНЬГИ ЗА ОБЫЧНЫЕ КОДЫ ДЛЯ РЕГИСТРАЦИИ ⚡️⚡️⚡️➡️➡️➡️ОПЛАТА ЗА НОМЕР НА ЛЮБОЙ БАНК  — 1340 ₽ 🏦🏦✅📌 Всегда в сети — @lesyasoloma 🐈🐈🐈 ;";spam
"плачу деньги или робуксы за задания,писать в лсплачу деньги или робуксы за задания,писать в лсплачу деньги или робуксы за задания,писать в лсплачу деньги или робуксы за задания,писать в лсплачу деньги или робуксы за задания,писать в лс ;";spam
"⚪️⚫️⚪️⚪️⚪️⚫️  ⚫️⚪️⚪️⚪️⚫️⚪️⚫️⚫️⚪️⚪️⚪️⚪️ ⚪️обучаю фрилансу, стану твои личным куратором, направлю на нужное русло! зарабатывая на сайте, получая за это доходы в день +1000₽, доказательства есть! ⚫️⚪️⚪️⚪️⚪️⚪️⚫️⚪️⚪️:⚫️⚫️⚫️⚪️моя личка — @dsd_33xD ;";spam
"Ищу мальчика, быстрый заработок, за 10 минут можно заработать 500₽ 🌿🌿Писать в ЛС 😈 ;";spam
"Скупаю карты Сбербанк ;";spam
"Скупаю карты Сбер город Краснодар Деньгами не обижу ;";spam
"Есть подработка, можно совмещать с основной работой/учёбой, ничего сложного всему обучаем, оплата ежедневная 6тыс р, возможны авансы.Пишите в лс ;";spam
"Приветству👋Предоставляю Ночную и Дневную Подработку Выплаты каждый день от 5800.Жду в ЛС💬 ;";spam
"НАБОР В СТАК ВОРКНАБОР В СТАК ВОРКНАБОР В СТАК ВОРКНАБОР В СТАК ВОРКНАБОР В СТАК ВОРКНАБОР В СТАК ВОРКНАБОР В СТАК ВОРКНАБОР В СТАК ВОРКНАБОР В СТАК ВОРКНАБОР В СТАК ВОРКНАБОР В СТАК ВОРК ;";spam
"💸КТО ХОЧЕТ СДАТЬ СВОЮ БАНКОВСКУЮ КАРТУ В ОРЕНДУ СЫЛЛКА НА КАНАЛ В ПРОФИЛЕ💸💸КТО ХОЧЕТ СДАТЬ СВОЮ БАНКОВСКУЮ КАРТУ В ОРЕНДУ СЫЛЛКА НА КАНАЛ В ПРОФИЛЕ💸💸КТО ХОЧЕТ СДАТЬ СВОЮ БАНКОВСКУЮ КАРТУ В ОРЕНДУ СЫЛЛКА НА КАНАЛ В ПРОФИЛЕ💸💸КТО ХОЧЕТ СДАТЬ СВОЮ БАНКОВСКУЮ КАРТУ В ОРЕНДУ СЫЛЛКА НА КАНАЛ В ПРОФИЛЕ💸 ;";spam
"нужны номера мегафон📞оплата 100₽, плачу сразу💵авито отзыв🛍оплата 50₽🔥делается в 2 клика⚡️😁@hugixblessed😁🔥(400+ отзывов)🔥 ;";spam
"приветик. ищешь работу без вложений?? тебе к нам, заработок на номерах, без какого либо вклада, писать в тг @deadmorv  🎀 ;";spam
"РЕБЯТА КТТ СДЕЛАЕТ ТАКУЮ СИГНУ СРОЧНО НУЖНОПЛАЧУ 3-5 ИРИС ИЛИ 5000-6000 ГРАММИЛИ ПЕТЫ В АДОПТ ;";spam
"Всем приветик!🔴Продаю аккаунт в Roblox🔴🔴Тотал-около 400(фото скину)🔴🔴Всячески докажу что аккаунт принадлежит мне!🔴🔴скину покупки в играх(мм2)🔴⚫️Пишите в лс!)⚫️🟣Продам мм2/адопт🟣🟣Подробности в лс и на фоточках🟣⚫️Пишите в лс!)⚫️🟢Продам любого пета в пет симуляторе на ваш выбор за 10 руб🟢⚫️Пишите в лс!)⚫️🟡Работаю рассыльщиком🟡🟡цена договорная!!🟡⚫️Пишите в лс!)⚫️🟤Ищу подработку без странных ссылок и фриланса🟤⚫️Пишите в лс!)⚫️🔵Рисую арты очень дешево (пример есть)🔵⚫️Пишите в лс!)⚫️⚪️Монтирую видео, видео-10руб⚪️Пишитеее!!💗 ;";spam
" ;";spam
"""Ваша задача достаточно простая:В день уделять достаточно пару часов, можно и больше, от чего и будет зависеть твой заработок.Я вам скину текст, который нужно будет просто оставлять в комментариях под видео на тему заработка. Такие видео легко находить, просто вбиваете в поиск """"заработок"""", """"подработка"""" """"работа для школьников"""", """"фриланс""""Если хотите ещё больше клиентов, то можно рассылку делать под любыми видео. Сама так делаю иногда Также увеличить количество клиентов можно выкладывая видео в тик ток --------------------------------------------------- Этот способ удобен как для дополнительной подработки, так и для подростков, которым сложно найти работу по причине своего возраста.Сумма, которую вы вложили может окупиться уже в первый день!Вам нужно лишь распространять текст, который пришлю нижеЕго нужно оставлять в комментариях под видео в тик токе, как вы и нашли меня)Чем больше оставите, тем больше клиентов будет.Также вы можете размещать объявление и на других сайтах, которые тоже выделены для поиска работников) ВКонтакте, Ютуб, Авито(но там платно)Учтите, что не все захотят с вложений начинать заработок, поэтому есть шанс потерять клиентов.Конечно стоимость входа (50-150р) можете оставить, тем самым вероятно больше людей купят у вас шаблон. Но я не советую делать это долго или вовсе поднимать ценник выше указанного, ибо клиентов многих может пугать Нужны люди для ответов на сообщения! От 500р в день, зависит от вашего свободного времени. Пиши мне, всё объясню!tg: твой ник⬆️Вот этот текст нужно будет рассылать, там ниже не забудьте прикрепить свой никВсе тексты, которые я выше вам писала, можете спокойно использовать в своей работе Будут возникать вопросы - пишите мне, помогу Совет 1️⃣: что бы больше было клиентов, нужно очень много распространить информации, прям очень много. В первые дни не очень много клиентов, надо просто немного подождать .Совет 2️⃣: Лучше распространять сообщения под каждым комментарием. Каждому человеку прикреплять текст "";";spam
"ПЛАЧУ́ 100₽ / 145 РОБУКСОВ ЗА ПРИВЯЗКУ ВАШЕГО НОМЕРА БЕЗОПАСНО!Вам ничего не грозит! Моя прибыль- фрибет с приглашения вашего номераОт вас нужно: скинуть в лс @potato_kill ваш номер и ждать принятия его в базу, вам придет 2 кода от 1cupis которое нужно будет ему скинуть, после вам сообщат подходит ваш номер или нет. Оплата в течении 24ч Не пишите мне если вы уже получали эти коды или у вас виртуальный номер! Можно подключить несколько номеров!640+ ПРУФОВ В КАНАЛЕ @potato_killВЫПЛАЧЕНО БОЛЬШЕ 1300₽Писать- @potato_kill⁩ ;";spam
"-::Привет солнышко!💗🎀•У тебя совсем нету робуксов???😔🙁Тогда перейди по моей ссылке в описании!!❤️‍🩹❤️‍🩹‼️ИНСТРУКЦИЯ‼️1.Зайди на мой профиль и нажми на ссылку в описании. 2.Тебя перекинет на бота, нажми старт. 3.Нажимай на сборку,если у тебя будут проценты, тогда жми на сборку. 4.Каждые 15 минут тебе будут выдавать проценты для сборки! 5.Строго выводится с 500 робаксов,но сколько тебе нужно, тогда и выводи даже после 500.6.Когда ты наберешь нужную тебе сумму, тебе будут нужны активные рефералы! 7.Как их набрать?Скопируй ссылку на бота, вставь себе в описание, спамь в чаты которые у тебя имеются, когда наберешь 15 активных рефералов, тогда можешь выводить робуксы. ‼️ОКОНЧАНИЕ ИНСТРУКЦИИ‼️Это всё правда, на канале у этого бота имеются 100+ пруфов!! 📣📣 ;";spam
"Преветик🧸🎀Я куратор, девочка фрилансер, если хочешь зарабатывать в месяц 10000 тыс тогда пиши мне я обучу фрилансу ты будешь работать, сама работа легка, напиши мне в лс если бан то реакцию поставь я сама напишу! 💝🫂Я ЖДУ ИМЕННО ТЕБЯ💗💋❤️🧸🎀💝🫂 ;";spam
"РЕБЯТ,КОТОРЫМ ЕСТЬ 14 лет (и нет карты тинькофф)предлагаю заработать 500р халявных в лс все объясню ;";spam
"Дам ворк💸Что требуется:1) Тинькофф или Госуслуги культура 2) 14+ лет3) желание заработать 4) 10 минут вашего времени✅По всем вопросам в ЛС✅⚪️ТЕМЫ ФУЛЛ БЕЛЫЕ⚪️❌В ЛК НЕ ВХОЖУ❌Самые сладкие цены❤️ ;";spam
"СКУПАЮ ПУШКИНСКИЕ КАРТЫ!💳💳💳💳💳💳💳💳💳💳🔤🔤🔤🔤🔤🔤🔤🔤🔤🔤🔤🔤🔤🔤🔤           ❤️расценки❤️👍5000(на пуш. карте)-4000₽👍👍4000(на пуш. карте)-3000₽👍👍3000(на пуш. карте)-2200₽ 👍‼️‼️‼️‼️‼️<<<<>>>>❤️❤️💙также у тебя есть гарантия, баланс карты можно восстановить через тех поддержку, и мне просто аннулируют билет❤️❤️💙по этому никакого подвоха и форс мажоровС тебя билет - с меня оплата🛍Так же действует реферальная система:приведи друга и получи 20🛍 от его баланса🛍🛍🛍🔤🔤🔤🔤🔤🔤🔤🔤🔤🔤🔤🔤🔤🔤🔤 ;";spam
"😜 Арeндa старых 🇷🇺WHАTSAРР до 2023г. До 10$(900₽)/день.😊 Арeнда верифицированных ABИТO-до 70$(6300₽)/день.💳 Oбнaл пушкинских карт 😋 Покупаем Проходки/Е-сим Т-Банк😌 Выкуп TG акков старых🔥 И многое другое..! (NotCoin,Верификации,Госключ,Мтс Лимиты и прочее!)👍 Нашему проекту более полугода. Репутация - на высшем уровне! Мы не посредники, а прямые скупы - поэтому у нас самая высокая цена!✉️ Наш канал (розыгрыш 90тыс₽):👉   @whatsapp_rulez 🤖 Бoт, если у вас СпамБлок ,вся информация по нашим услугам:👉   @whatsapprentspam_bot ;";spam
" Скупаем пушкинские балансы по новой системе ООО Открыли тестовые мп через которые идет процесс обналичиванияЗа полный баланс по получите до 4000рВыплаты производятся через счет ООО, и это гарантия того что нам не получится вас обмануть даже если мы этого захотимСвязь с нами @push_yoibot ;";spam
"Плачу 50₽ на любую карту РФ ща несколько простых шагов, подробнее в лс только 15 людей смогу так ;";spam
"💜💜💜💜💜 💜💜 💜 💜💜💜💜💜✔️Кто хочет заработать 1000RUB? Иметь сбербанк / тинькофф / альфабанк 14+ ;";spam
"🔤🔤🔤🔤🔤🔤🍏Нужны работники с айфонами, от xr. и выше (удалённо)👑🛡Работаем по Америке🇺🇸📌Гео не важно🌐⚠️Без вложений⚙️Ворк серый💸Работа каждый день, оплата от 100$💵👍Подробности @arcanaMARVL‼️Пустословы и скамеры, прошу заранее не беспокоить, не тратьте мое и свое время.‼️👨‍💻Писать: @arcanaMARVL ;";spam
"💬Заплачу 250р или подарю телеграм премиум за регистрация, 🛍подробнее в лс🪙👍Заплачу 250р или подарю телеграм премиум за регистрация, 🛍подробнее в лс👍 ;";spam
"Фоточки: 5 штук 80 рублейСигна:180 рублейКружки: 5 штук 200 рублейВидео:1 штука 230 рублейВидео звонок:500 рублей 30 минутВирт: 350 рублейПриват канал с трансляциями  2 раза в день 700 рублей Приват канал без трансляций 300 рублей ;";spam
"🐈💸 Плачу деньги за пару кодов в букмекерских конторах🏆🔥 Регистрируюсь для получения бонуса. 😁😁 Пишите в лс, дам бонус всего за 2 кода на номер телефона ;";spam
"Ищу рабыню За большие деньги Возраст до 13 Плачу на карту или донатЗадание 1) с братом 2)  обычно3 с больюПисать в ЛС или чат несколько раз ;";spam
"Парни, чё как вы? Продажа ниже. 🌟Приватка 🤍Сигны 🤍Физы, анонимные номера 🤍Оформления / Дизайн 🤍Dox, Swat 👹Приватка (1000 файлов) Сегодня скидки. Подробнее в личные сообщение 🔫 @CTOR0NNIK_SMERTI ❤️‍🔥Оплата: Сбербанк, Тинькофф, Криптобот 💰 ;";spam
"Если у вас есть Тинькофф Банк то вам сюда @Sin1etopНужен один код и подключить Тинькофф Премиум 1📪месяц бесплатно плачу 250р после выключаете через 2дня всё легко и просто изи заработок все легально без обмана ВСЁ В ЛС ;";spam
"⚪️⚫️⚪️⚪️⚪️⚫️ ⚪️⚫️⚫️⚫️⚫️⚫️     🔤🔤🔤🔤🔤 🔤 🔤🔤🔤🔤📣 Ищем работников в Тиму ❣️        ➡️График свободный 👈     ⚠️Рабочее время с 23:00⚠️🚨 школьники, женский пол и неадекваты мимо🚨💲Доход за одну смену от 700$💲Анонимность обеспечим📝обучаем всему с нуля главное голова не плечах✌☀️Работа полностью удаленная✔️✍️По всем вопросам писать сюда: @Manager_Wor_King 👍 ;";spam
"Кто из Украины(желательно) и хочет заработать пишите в ЛС ;";spam
"Дам 10г за задания , кто хочет лс 🍀 Задания лёгкие ‼️ без скама ⚡ ;";spam
"Есть одна Темка продажи карты Сбербанк писать в  ЛС от 3000 рублей можно заработать еще мне копеечка падает 1к всем кому интересно в лс, отзывы если боитесь тоже будут ;";spam
"Всех приветствую 👋 Скупаю Голду / Аккаунты / Скины. ( Standoff 2 )Бюджет: 93.000₽Так же продам софт Скинченжер.Цена: 999₽ Так же кто хочет заработать , тоже пишете все легально. Главное время.Связь: Лс ;";spam
"😁 КУПЛЮ ПРОХОДКИ В БИЗНЕС ЗАЛ ТИНЬКОФФ (есть у всех, дам мануал как заработать)📌ОПЛАТА 600₽ (делов на 3-5 минут)⚠️БЕЗ ВХОДА В ЛИЧНЫЙ КАБИНЕТ ( все безопасно ) ✈️ ПИСАТЬ СЮДА - @frozzix_not📺ОТЗЫВЫ В ПРОФИЛЕ ;";spam
"Ищу людей на онлайн подработку. В лс. Строго 🇷🇺 от2к сутки!!!! ;";spam
"💵 ЛЕГКИЕ СПОСОБЫ ЗАРАБОТКА ПО 500₽ В ДЕНЬ НА ВЫПОЛНЕНИИ ПРОСТЫХ ДЕЙСТВИЙ (НАПИСАНИЕ ОТЗЫВОВ, ПРОХОЖДЕНИЕ ОПРОСОВ) В ПР0ФИЛЕ 💵 ;";spam
"Ищем людей из Казахстана для работы курьером (Необычным) . По подробнее в ЛС! ;";spam
"◽️ Беру в аренду Ваш аккаунт Авито! ◽️⚠️  Беру ЛЮБЫЕ аккаунты! 💵 За рейтинг и отзывы - ДОПЛАЧИВАЮ!💵 За пройденные проверки - ДОПЛАЧИВАЮ!🟣 Арендую более 10 аккаунтов ЕЖЕДНЕВНО.✅ БЕЛАЯ РАБОТА от Индивидуального Предпринимателя!💵 Можете зарабатывать от 10, 000p ЕЖЕНЕДНЕВНО!✅ Имею более 100 ОТЗЫВОВ. 🟣По всем вопросам:➡️@montasonta ;";spam
"😍❤️❤️❤️❤️😍❤️😍😍💸 Ищешь лёгкую работу? У нас есть предложение! 💸🚀  7000₽ за 5 минут работы (может даже больше!) 🚀⚠️ Заработок полностью чистый и прозрачный, вложений не требуется! Отзывы от довольных клиентов присутствуют 👍СВЯЗЬ ➡️ @montasonta ;";spam
"Кому скам ссылку в лсКому скам ссылку в лсКому скам ссылку в лсКому скам ссылку в лсКому скам ссылку в лсКому скам ссылку в лсКому скам ссылку в лс ;";spam
"Есть желающие заработать? От 3к ±300$ в деньНужен меджер по продаже подов, жижи, одноразок ⚠️- Любой возраст 🦕- Любой пол - Любая страна ;";spam
"Кому 250рублей за регистрацию в лс ;";spam
"🕞🕟🕠🕡🕢🕣🔥🔥🔥💰Крутим биржу Bybit💰‼️❗❕Предлагаю заработок в сфере криптыЗанимает не более 3-х часов в сутки3apaбomoк oт 50 дo 800$ в дeньДeньгu пoд cвoё yпpaвлeнue нe бepyБесплатное обучение, мои 25% с вашего чистого дохода🔞Нужны адекватные 18+ ребятаЗаинтересовал? Жду в лс: @mark_traffcoin ;";spam
"💸 Есть очень легкая работа 💸🎁 5000₽ за 5 минут ( может даже больше ) 🎁❗️ От 14 лет, только 🇷🇺 ❗️⚠️ Заработок полностью чистый и прозрачный, вложений не требуется! ⚠️СВЯЗЬ 👉 @montasonta ;";spam
"ТВОЙ ПИПИНДР ВЫРАСТЕТ НА 15 СМ!!!Твой дружок конечно не увеличится, но зато балик на карте приумножиться в несколько раз. А все потому что в @Immortal_Profit_bot ты сможешь купить самые годные абузы и схемы заработка, собранные со всего интернета. Например:🔥1000$ в месяц сидя в YouTube🔥💸13к₽ в день на Telegram-ботах💸💰Абуз китайцев на 25$💰А по промокоду #IMMORTL сможешь залутать 1 товар бесплатно ;";spam
"За подписку на канал плачу по 50 руб! ;";spam
"Всем здравствуйте!🫀Набираю людей для заработка, выплата реальная, не обман!В чем зaключaeтcя cуть, я пpедoстaвляю вaм удoбные услoвия, в свoю oчередь жду oответственных людейДля работы нужен лишь верифицированный AVIТO аккаунтОклад 2700 в день, выплата каждые 3 дня, этo не фиксированнo, за инициативность нaдбaвка Не хочу питать вас ложными надеждами и не правдивыми суммами, 100% онлайн заработокПишите, на связи 24/7@Sergoo010 ;";spam
"🇷🇺 #ищу #удаленно #работаТРЕБУЮТСЯ РЕБЯТА|МУЖЧИНЫ-ЖЕНЩИНЫ ДЛЯ РАБОТЫ ОНЛАЙНвозраст 18+❗️ (не продажи, не валюта)➤Оплата достойная➤Можно как подработка (совмещение)➤Без опытаПо вопросам  + в личку! ;";spam
"набираем людей в новый открывшийся склад продовольственных товаров. Зарплата за смену 10 часов от 4000рублей. ВЫПЛАТЫ ЕЖЕДНЕВНЫЕПо всем вопросам в ЛСВсем привет нужны 6 человек на покраску работа с 8:00 17:00Оплата сдельная сразу на руки после работы ;";spam
"Плачу хорошие деньги за работу принеси подай ,активные  ребята пишите мне в лс ,расскажу все условия и оплату ;";spam
"Ищу людей для заработка на удаленной основе в свободное время, за деталаями в личные сообщения ;";spam
"Нужны партнеры для пассивного заработка. Возраст от 21+.Доход от $249 в день.Места ограничены. Пишите в ЛС. ;";spam
"Кто хочет заработать ;";spam
"Кто зайдёт по ссылке заплачу 150руб пиши ! ;";spam
"https://t.me/LeakOSINT0Bot?start=EQMWKluпо 0.05usdt плачу за вход скрины в лс. ;";spam
"🦧ДЛЯ ТЕХ КТО ХОЧЕТ ЗАРАБОТАТЬ🦧🦑Нужен человечек для заработка🦈🦍Суть заработка:🦍-отвечать на сообщения(текст готовый)🤌-за день ВЫ получаете от 1000 до 3000₽🤌-главное желание и ВСЁ🦓🦭ЧТО НУЖНО ДЛЯ РАБОТЫ :🦀-телефон📱-карта💳🐍Если заинтересовала🐍В лс ;";spam
"Халявный заработок👇👇👇https://t.me/+6oFdIeLJQuY0YzMy ;";spam
"🦕ДЛЯ ТЕХ КТО ХОЧЕТ ЗАРАБОТАТЬ🦕🦕Нужен человечек для заработка🦕🐬Суть заработка:🐬-отвечать на сообщения(текст готовый)🐊-за день ВЫ получаете от 1000 до 3000₽🐊-главное желание и ВСЁ🦓🦭ЧТО НУЖНО ДЛЯ РАБОТЫ :🦀-телефон📱-карта💳🐳Если заинтересовал🐳TELEGRAM:@dimanoir ;";spam
"Нужны люди в команду, заработок зависит только от вас, сюда - https://t.me/+prcDM8CGGOBiYmI0 ;";spam
"Вот сылочкана халявный заработок👇👇👇https://t.me/+6oFdIeLJQuY0YzMy ;";spam
"Халявный заработок ;";spam
"Предлагаю подработку в которой вам будет удобно распределять график. Зп от 🩷100р-1000р 🩷зависит от вас. Подробнее в лс🐣 ;";spam
"Кто хорошо играет в бравл и хочет заработать пишите в лс ;";spam
"фастом кто хочет заработать пишите в ЛС, отдам аккаунт в бс за одну помощь ;";spam
"https://t.me/sqezeqsFREE MONEY 🤑💸ДЕНЬГИ АБСОЛЮТНО БЕСПЛАТНО, ПЕРЕХОДИ НА КАНАЛ И ЗАРАБАТЫВАЙ БАБЛО БЕЗ ВЛОЖЕНИЙ 💵 ;";spam
"У кого мтс?заплачу  900 ;";spam
"Возможность заработать без вложений у меня ,оплата высокая и ежедневная ,если интересно пишите мне все расскажу ,что и как ;";spam
"Куплю у вас промокод 2000/4000📌Где его найти?- В приложении сбербанк онлайн в разделе рекомендуем За сколько?- Цена одна, 350₽Куда оплата?- СБП, СберЕсть вопросы или хочешь продать? Пиши мне t.me/Bel3ik ❤️ ;";spam
"Возьму теллеграм аккаунт в аренду, 2-3к плачу, кому интересно легкие деньги пишите ;";spam
"Знаю как поднять много денег на телеграме без вложений без регистраций  3-5мин в день ;";spam
"Здравствуйте,хочу предложить вам работу для подростков,которые нуждаются в деньгах. Нужны люди для ответов на сообщения! От 500р в день, зависит от вашего свободного времени.Пиши мне, всё объясню! tg: @lipswah ;";spam
"кого интересует работа без вложений?от 500 рублей в деньпишите в лс, все объясню @xijjjaa ;";spam
"ищу менеджеров без вложенийот 200-500 рублей в деньпишите в лс, все объясню @xijjjaa ;";spam
"Кто хочет зароботать 3-5к без вложений в лс за 10 минут ;";spam
"Дам работуОплата от 2к рублейВсе легально и без вложенийДелов на 5 минутПисать - @hollybolIedРабота на дому ;";spam
"дам ворк ;";spam
"ПРИВЕТ, ЗАПЛАЧУ 500 РУБЛЕЙ ЗА МАЛЕНЬКУЮ ПОМОЩЬ, ПИСАТЬ В ЛС @suihaih ;";spam
"Бесплатный ПРЕМИУМ в моём описании. ;";spam
"Хорошо играешь в бравл старс и ищешь способ где заработать деньги?Пиши в лс ;";spam
"🔥Удалённая работа для студентов и школьников 🔥💥Только Россия 💥🪙Возраст от 14 лет 🪙🏵У нас вы можете заработать от 2500р 🏵🏔Никаких вложений, все легально ⛰💜Для работы вам необходим аккаунт в авито 🔥👌Вам нужно будет выставлять объявления на площадке Авито и отвечать покупателям 🤷💖💜по поводу работы писать в тг:@GliSchiaviCoraggiosi ;";spam
"💵 ЛЁГКИЕ СПОСОБЫ ЗАРАБОТКА ПО 500 РУБЛЕЙ В ДЕНЬ НА ВЫПОЛНЕНИИ ЛЕГКИХ ДЕЙСТВИЙ (НАПИСАНИЕ ОТЗЫВОВ, ПРОХОЖДЕНИЕ ОПРОСОВ) В ПР0ФИЛЕ 💵 ;";spam
"НУЖНЫ НОМЕРА ТЕЛЕФОНОВ✅ПЛАЧУ ДЕНЬГИ ЗА ОБЫЧНЫЕ КОДЫ ДЛЯ РЕГИСТРАЦИИ 🔥🔥оплата 1000₽ за 1 номер💳Безопасно и без рисков, выплаты МОМЕНТАЛЬНО💬💬 ЕСТЬ ОТЗЫВЫ🔵🔵ВСЕГДА в сети — @alenotsleep👼 ;";spam
"Срочно❗️нужен тестер моего приложения. Плачу 1000/час или могу задонатить в вашу любимую игру. Так дохуя из за срочности. Надеюсь на быстроту поиска ;";spam
"⚡️ хочᴇɯь бᴇᴄᴨᴧᴀᴛныᴇ ʀᴏʙᴜx? ᴛоᴦдᴀ жʍи нᴀ ʍой ᴨᴩоɸиᴧь, ᴨᴇᴩᴇходи ᴨо ᴄᴄыᴧᴋᴇ ʙ оᴨиᴄᴀнии и ᴛᴇᴄᴛиᴩуй боᴛᴀ (510 ᴨᴩуɸ)!🤑 ;";spam
"Продам личный кабинет с верификацией Озон банк, Юмани, Почта банк, сбер банк (Идем через гаранта или на мое доверие) ;";spam
"📞📞📞НУЖНЫ НОМЕРА МТС 🥚🥚🥚ПЛАЧУ ДЕНЬГИ ЗА ОБЫЧНЫЕ КОДЫ ДЛЯ РЕГИСТРАЦИИ НА СЕРВИСЕ 💛💛💳💳оплата 1250₽ за 1 номер 💳💳💳❌ПОЛНОСТЬЮ БЕЗОПАСНО, выплаты МОМЕНТАЛЬНО ✔️актуально ВСЕГДА — @alenotsleep ❤️❤️ ;";spam
"ищем сотрудников  удалённая  работа арбитраж пиши в лс ;";spam
"Ищу   девушек и парней Возраст  16-35  .  Нужно помочь. Платим  много.  Легко будешь поднимать за  3-5   ЧAC0В в рабочий день   6000   рублей БЕЗ ВЛОЖЕНИЙ  !!  Напиши в  личные сообщение  Не займу больше  4   минут ;";spam
"Заплачу 2.000₽ - 5.000₽ за 1 онлайн сменуБЕЗ ВЛОЖЕНИЙ!!!От вас нужно иметь в наличии только айфон (XR и выше) и прямые руки.ЛС: @tvint_777 ;";spam
"Чел ищет людей кто хочет зарабатывать без вложений ;";spam
"Ищу человека который хочет зарабoтaть денег, без вложений, 15-20 минут свободного времени, можем работать на постоянку ;";spam
"!Срочно нужны сотрудники на удалённую работу онлайн! Легально! Без схем, скама и т.п. -Только удаленно (ПК, телефон)-Свободный график (выбираете сами)-Оплата ежедневно по факту (на счет, от 2**$)-Комфортные условия труда (бонусы, рефералы, премии)-Поддержка на всех этапах сотрудничества (опытные наставники, дружный коллектив)Спешите присоедениться к команде профессионалов! Пишите в ЛС. ;";spam
"Кто из москвы и напишет яндекс отзыв?Плачу деньги ;";spam
"Всем привет друзья, хочу предложить Вам простую работу, без ваших данных личных и без вложений, от вас  всего лишь нужно умение общаться, в день по 500₽ плачуБЕЗ СКАМА ;";spam
"заплачу девушке 2-5кписать в лсне интим!! ;";spam
"предлагаю заработок девушкамбез интимаот 500 до 5000заинтересованным писать в лс, пустым аккам не отвечаю. ;";spam
"заплачу тебе 4000 без залого за простие действия пиши в лс ;";spam
"Ищем сотрудников для подработки на строительстве с заработком от 3000 до 6000 рублей. Присоединяйтесь к нам сегодня! ;";spam
"Кто разбирается в крипте в лс срочно, нужна помощь, заплачу ;";spam
"КТО ДОБАВИТ ОТ 50-80 ЛЮДЕЙ В КАНАЛ ЗАПЛАЧУ 200 РУБЛЕЙ ;";spam
"Подработка от 2к₽ в деньБез вложенийНе закладки ;";spam
"ИЩЕМ АКТИВНЫХ ЛЮДЕЙ В ГРУППУ ДЛЯ ОБЩЕНИЯ, 13-17 ЛЕТОЧЕНЬ НУЖНЫИЩЕМ АКТИВНЫХ ЛЮДЕЙ В ГРУППУ ДЛЯ ОБЩЕНИЯ, 13-17 ЛЕТОЧЕНЬ НУЖНЫИЩЕМ АКТИВНЫХ ЛЮДЕЙ В ГРУППУ ДЛЯ ОБЩЕНИЯ, 13-17 ЛЕТОЧЕНЬ НУЖНЫ ;";spam
"ИЩЕМ ЛИСТОВЩИКОВ📬В ЛЮБЫХ ГОРОДАХ РФЗАРПЛАТА от 2к₽💸листовка 7-15р 📃Платим расходники (клей, бумага, ножницы и тд.) Премии и бонусыПишите❤Возраст любой ;";spam
"Ищу человека для ответов на сообщения, подработка ❤(от 500-3000 в день, зависит от свободного времени) Возраст не важен, объясню все лично💞@kittwixo ;";spam
"Нужны люди для ответов на сообщения. От 500 руб в день, зависит от вашего свободного времени.Пиши мне, все объясню и расскажу.Тг:@Alisa_0046 ;";spam
"Привет не хочешь обучиться фриланса и потом легко заробатывать ;";spam
"Ищу людей в команду для нового проекта ⭐️Ваша задача : тестирование сетейНесколько дней на неделю, по пару часов в день Профит от 500$ в неделю Опыт с нами, пригодиться и в дальнейшем , так как это новая сфера, и в будущем она станет популярной.Так что не упускайте свой шанс, чтобы начать прямо сейчас.Напишите мне в ЛС чтобы получить подробности ;";spam
"Привет кто хочет мега заработок с помощью фриланса пишите мне в лс ;";spam
"""Удаленная занятость, с хорошей прибылью 350$ в день.1-2 часа в день .Места ограничены. Ставь """"+"""" мне в  личные смс. "";";spam
"Хотите увеличить свой доход, затрачивая минимум времени и работая удаленно? Присоединяйтесь к нашей команде. Мы ищем совершеннолетних целеустремленных людей. Пишите в лс ;";spam
"⚡️Рассылка ваших сообщений по чатам ( база из 10к чатов ) Или же подберём для вас индивидуально чаты 🖱1000 сообщений - 10$💲5000 сообщений - 30 $💲10000 сообщений - 40$ 💲➡️Отзывы имеются , полная отчётность по выполненной работе ✅🟢Продаю готовые базы чатов, или же спарсю чаты на любую тематику🔗Также в продаже софты для рассылки и для парсинга чатов➡️Занимаюсь этим более 2-х летПО ВСЕМ ВОПРОСАМ В ЛС ;";spam
"Ищу людей с биржами, BYBIT, OKX, Bitget, MEXC аккаунты давать не нужно. Хороший доход. Писать в личку ;";spam
"Предлагаю Хорошую Занятость— Свободный График— От (100-350 $) в день — Бесплатное Обучение Пишите в лс ;";spam
"﻿Β aвгуcтe пpοшлοгο гοдa aвтοpы κaнaлa Дaниил и Cэм пpeдлοжили cвοим пοдпиcчиκaм влοжить пο 100$ в тpи κpиптοвaлюты. Κaκοв peзультaт?  RΕΡΕ 100$ -> 15.260$ ΑΡΕΧ 100$ -> 12.305$ ΑGΙ 100$ -> 14.600$ Итοг: 300$ -> 42.165$  Эти тpи мοнeты - вceгο лишь нeбοльшaя чacть peκοмeндaций, κοтοpыe Дaниил и Cэм peгуляpнο публиκуют нa cвοeм κaнaлe Simple Μοney.  Ceгοдня вышeл нοвый уpοκ c пepeчнeм пepcпeκтивныx мοнeт и инcтpуκциeй пο иx пοκупκe нa 2024 гοд. Ηe упуcтитe вοзмοжнοcть οзнaκοмитьcя c уpοκοм и вοcпοльзοвaтьcя cοвeтaми, пοκa цeны нa мοнeты eщe нe взлeтeли!  Ρ.S. Κтο нe уcпeл — тοт οпοздaл. Βpeмя нe ждeт!  [Bcтупить](https://t.me/Y2Hb4VcDvRdkMjE6) ;";spam
"Ищу партнёров для пассивного заработка с регулярным доходом. Прекрасные перспективы. Для подробностей свяжитесь со мной в личных сообщениях. ;Привет, нужны люди, (С телефона, или компьютера)  От 220 Зеленых в день. Всё онлайн , подробности в ЛС ;";spam
"Ищем людей для совместной работы. Удаленная занятость, в удобное время. От пятнадцати т. р.  в день. Пишите плюс в л.с и я отправлю всю информацию ;";spam
"Занятость удалённо. С высокой еженедельной прибылью. Один два часа времени в день. Подробности в л.с. ;";spam
"Приветствую    есть  темку  оплата  7000   руб.  в  сутки , если  заинтересовало отпиши  в телеграм . Говорю сразу   Залога  не  требуется. ;";spam
"Приветствую , хотел  предложить  шабашку  с  выплатой  от  75$-7500 руб.  за 2-3 часа  в день . Уделяя этомупару  дней в неделю, можешь выйти на стабильный доход в 3500$  в месяц. Без  вложений. Всему обучаем. Отпиши  в лс , Вам выдадут   ссылочку менеджера . ;";spam
"ИДЁТ НАБОР ДЛЯ ВЗАИМОВЫГОДНОГО  СОТРУДНИЧЕСТВА от  200-350$ в день  — 1-2 часа в день — Места ограничены!  Пишите ''+'' мне в лс ;";spam
"Идёт набoр пaртнёров, нeплохой зарaботок в нeделю, писaть в личныe соoбщения тoлько зaинтересованным ;";spam
"Добрый день ! Требуются люди! Есть онлайн  работа с ежедневным  доходом  от 9  тысяч в день ,по всем вопросам писать в лс ;";spam
"Удаленная деятельность  От 200-300+ зеленых  в  день 1-2 часа занятость  Кому интересно: Пишите + в лс ;";spam
"Приветствую, нужны партнеры для взаимовыгодного сотрудничества на партнерских условиях.  — Свободный график   — От 1000$ в неделю     — Дистанционный формат   — Бесплатное обучение  Заинтересованы? Все детали в личных сообщениях. ;";spam
"Небольшая возможность для тех, кто хочет зарабатывать больше. Занимает немного времени, а доход может быть хорошим. Если хочешь узнать, как это сделать, просто напиши '+' в личные сообщения. 18+!!! ;";spam
"Нужны люди для дополнительного заработка.Возраст от 21+. Хороший пассивный доход.Пишите в ЛС. ;";spam
"Только для серьёзных, ответственных людей, тех кто желает пoлучaть peгyлярный пассивный дoxoд. Рaбoтa yдaлeнная, с любой точки мира, пишите плюс в лс. Только для совершеннолетних. ;";spam
"Есть предложение для получения дополнительного дохода на удалённой основе, от 200-300$ в день   Гибкий график   Стремительный рост    Интересно пишите + ;";spam
"Не упусти новинку! Прямо сейчас можно заработать до 200$ в день. Всего несколько часов работы, и ты в деле. Места ограничены, жду твоего сообщения в личку! 18+!!! ;";spam
"Ищу тех, кто хочет зарабатывать на криптовалюте.  Занятость до двух часов в день. Работать можно с телефона или компьютера. Обучение доступно даже для новичков. Сфера: аирдропы, тестнеты, лаунчпады и прочее.  Для подробностей пишите в личку. ;";spam
анус;profanity
аборт;profanity
бздун;profanity
беспезды;profanity
бздюх;profanity
бля;profanity
блудилище;profanity
блядво;profanity
блядеха;profanity
блядина;profanity
блядистка;profanity
блядище;profanity
блядки;profanity
блядование;profanity
блядовать;profanity
блядовитый;profanity
блядовозка;profanity
блядолиз;profanity
блядоход;profanity
блядский;profanity
блядство;profanity
блядствовать;profanity
блядун;profanity
блядь;profanity
бляди;profanity
бляд;profanity
блядюга;profanity
блядюра;profanity
блядюшка;profanity
блядюшник;profanity
бордель;profanity
вагина;profanity
вафлист;profanity
вжопить;profanity
вжопиться;profanity
вздрачивание;profanity
вздрачивать;profanity
вздрачиваться;profanity
вздрочить;profanity
вздрочиться;profanity
вздрючить;profanity
вздрючивание;profanity
вздрючивать;profanity
взъебка;profanity
взъебщик;profanity
взъебнуть;profanity
вислозадая;profanity
влагалище;profanity
вхуйнуть;profanity
вхуйнуться;profanity
вхуякать;profanity
вхуякаться;profanity
вхуя;profanity
вхуякивать;profanity
вхуякиваться;profanity
вхуякнуть;profanity
вхуякнуться;profanity
вхуяривание;profanity
вхуяривать;profanity
вхуяриваться;profanity
вхуярить;profanity
вхуяриться;profanity
вхуячивание;profanity
вхуячивать;profanity
вхуячиваться;profanity
вхуячить;profanity
вхуячиться;profanity
вхуяшивать;profanity
вхуяшиваться;profanity
вхуяшить;profanity
вхуяшиться;profanity
въебать;profanity
въебаться;profanity
въебашивать;profanity
въебашиваться;profanity
въебашить;profanity
въебашиться;profanity
въебенивать;profanity
въебениваться;profanity
въебенить;profanity
въебениться;profanity
выблядок;profanity
выебанный;profanity
выебат;profanity
выебаться;profanity
высрать;profanity
высраться;profanity
выссать;profanity
выссаться;profanity
высераться;profanity
выссереть;profanity
говнецо;profanity
говнистый;profanity
говниться;profanity
говно;profanity
говновоз;profanity
говнодав;profanity
говноеб;profanity
говноед;profanity
говномес;profanity
говномер;profanity
говносерка;profanity
говнюк;profanity
голожопая;profanity
гомик;profanity
гомосек;profanity
гондон;profanity
гонорея;profanity
давалка;profanity
двужопник;profanity
дерьмо;profanity
дерьмоед;profanity
дерьмовый;profanity
дилдо;profanity
додрочить;profanity
додрочиться;profanity
доебать;profanity
доебаться;profanity
доебенивать;profanity
доебениваться;profanity
доебенить;profanity
доебениться;profanity
долбоеб;profanity
допиздить;profanity
допиздиться;profanity
допиздовать;profanity
допиздоваться;profanity
допиздовывать;profanity
допиздовываться;profanity
допиздохать;profanity
допиздохаться;profanity
допиздохивать;profanity
допиздохиваться;profanity
допиздошить;profanity
допиздошиться;profanity
допиздошивать;profanity
допиздошиваться;profanity
допиздюлить;profanity
допиздюлиться;profanity
допиздюливать;profanity
допиздюливаться;profanity
допиздюрить;profanity
допиздюриться;profanity
допиздюривать;profanity
допиздюриваться;profanity
допиздюхать;profanity
допиздюхаться;profanity
допиздюхивать;profanity
допиздюхиваться;profanity
допиздякать;profanity
допиздякаться;profanity
допиздякивать;profanity
допиздякиваться;profanity
допиздярить;profanity
допиздяриться;profanity
допиздяривать;profanity
допиздяриваться;profanity
допиздяхать;profanity
допиздяхаться;profanity
допиздяхивать;profanity
допиздяхиваться;profanity
допиздячить;profanity
допиздячиться;profanity
допиздячивать;profanity
допиздячиваться;profanity
допиздяшить;profanity
допиздяшиться;profanity
допиздяшивать;profanity
допиздяшиваться;profanity
допиздоболивать;profanity
допиздоболиваться;profanity
допиздоболиться;profanity
допиздюкать;profanity
допиздюкаться;profanity
допиздюкивать;profanity
допиздюкиваться;profanity
допизживать;profanity
дотрахать;profanity
дотрахаться;profanity
дохуйнуть;profanity
дохуякать;profanity
дохуякаться;profanity
дохуякивать;profanity
дохуякиваться;profanity
дохуяривать;profanity
дохуяриваться;profanity
дохуярить;profanity
дохуяриться;profanity
дохуячить;profanity
дохуячиться;profanity
дохуячивать;profanity
дохуячиваться;profanity
дрисня;profanity
дристать;profanity
дристун;profanity
дроченье;profanity
дрочилыцик;profanity
дрочить;profanity
дрочиться;profanity
дрочка;profanity
дрючить;profanity
дрючиться;profanity
дурак;profanity
дуроеб;profanity
выебать;profanity
ебало;profanity
ебальник;profanity
ебальные;profanity
ебальный;profanity
ебанатик;profanity
ебанашка;profanity
ебанутый;profanity
ебануть;profanity
ебануться;profanity
ебать;profanity
ебат;profanity
ебаться;profanity
ебатьс;profanity
ебитесь;profanity
ебло;profanity
еблом;profanity
еблысь;profanity
ебля;profanity
ебнуть;profanity
ебнуться;profanity
ебня;profanity
ебучий;profanity
заебла;profanity
надроченный;profanity
объебешь;profanity
поебать;profanity
жирнозадый;profanity
жопа;profanity
жопой;profanity
жопастая;profanity
жопоеб;profanity
жопенци;profanity
жопища;profanity
жопка;profanity
жопник;profanity
жополиз;profanity
жополизание;profanity
жопоногий;profanity
жопочка;profanity
жопочник;profanity
жопство;profanity
жопу;profanity
забздеть;profanity
заблядовать;profanity
заблядоваться;profanity
задница;profanity
задрачивать;profanity
задрачиваться;profanity
задроченный;profanity
задрочить;profanity
задрочиться;profanity
задрючить;profanity
задрючиться;profanity
заебанный;profanity
заебать;profanity
заебаться;profanity
заебательская;profanity
заебашивать;profanity
заебашиваться;profanity
заебашить;profanity
заебашиться;profanity
заебенивать;profanity
заебениваться;profanity
заебенить;profanity
заебениться;profanity
залупа;profanity
залупу;profanity
залупаться;profanity
залупенить;profanity
залупень;profanity
залупить;profanity
залупляться;profanity
залупистый;profanity
запиздарить;profanity
запизденная;profanity
запизденелый;profanity
запиздить;profanity
запиздиться;profanity
запиздоболивать;profanity
запиздоболиваться;profanity
запиздоболить;profanity
запиздоболиться;profanity
запиздовать;profanity
запиздоваться;profanity
запиздовывать;profanity
запиздовываться;profanity
запиздохать;profanity
запиздошить;profanity
запиздошиться;profanity
запиздошивать;profanity
запиздошиваться;profanity
запиздюкать;profanity
запиздюкаться;profanity
запиздюкивать;profanity
запиздюкиваться;profanity
запиздюлить;profanity
запиздюлиться;profanity
запиздюливать;profanity
запиздюливаться;profanity
запиздюрить;profanity
запиздюриться;profanity
запиздюривать;profanity
запиздюриваться;profanity
запиздюхать;profanity
запиздюхаться;profanity
запиздюхивать;profanity
запиздюхиваться;profanity
запиздючить;profanity
запиздючиться;profanity
запиздючивать;profanity
запиздючиваться;profanity
засранец;profanity
засранка;profanity
засранный;profanity
засратый;profanity
засрать;profanity
засраться;profanity
зассать;profanity
затраханный;profanity
затрахать;profanity
затрахаться;profanity
затрахивать;profanity
затрахиваться;profanity
захуить;profanity
захуйнуть;profanity
захуйнуться;profanity
захуякать;profanity
захуякаться;profanity
захуякивать;profanity
захуякиваться;profanity
захуярить;profanity
захуяриться;profanity
захуяривать;profanity
захуяриваться;profanity
захуячить;profanity
захуячиться;profanity
захуячивать;profanity
захуячиваться;profanity
захуяшить;profanity
захуяшиться;profanity
захуяшивать;profanity
захуяшиваться;profanity
злоебучий;profanity
издрочиться;profanity
измандить;profanity
измандиться;profanity
измандовать;profanity
измандоваться;profanity
измандовывать;profanity
измандовываться;profanity
изъебать;profanity
изъебаться;profanity
изъебашить;profanity
изъебашиться;profanity
изъебашивать;profanity
изъебашиваться;profanity
изъебенить;profanity
изъебениться;profanity
изъебенивать;profanity
изъебениваться;profanity
изъеб;profanity
испиздеться;profanity
испиздить;profanity
испражнение;profanity
испражняться;profanity
исхуякать;profanity
исхуякаться;profanity
исхуякивать;profanity
исхуякиваться;profanity
исхуярить;profanity
исхуяриться;profanity
исхуяривать;profanity
какать;profanity
какашка;profanity
кастрат;profanity
кастрировать;profanity
клитор;profanity
клоака;profanity
кнахт;profanity
кончить;profanity
косоебить;profanity
косоебиться;profanity
кривохуй;profanity
курва;profanity
курвиный;profanity
лахудра;profanity
лох;profanity
лохудра;profanity
лохматка;profanity
манда;profanity
мандавошка;profanity
мандавоха;profanity
мандить;profanity
мандиться;profanity
мандоватая;profanity
мандовать;profanity
мандохать;profanity
мандохаться;profanity
мандохивать;profanity
мандохиваться;profanity
мандошить;profanity
мастурбатор;profanity
минет;profanity
минетить;profanity
минетка;profanity
минетчик;profanity
минетчица;profanity
мозгоеб;profanity
мозгоебатель;profanity
мозгоебать;profanity
мозгоебка;profanity
мокрожопый;profanity
мокропиздая;profanity
моча;profanity
мочиться;profanity
мудак;profanity
мудашвили;profanity
мудило;profanity
мудильщик;profanity
мудистый;profanity
мудить;profanity
мудоеб;profanity
наебанный;profanity
наебка;profanity
наебщик;profanity
наебывать;profanity
наебываться;profanity
наебыш;profanity
набздеть;profanity
наблядоваться;profanity
надроченный;profanity
надрочивать;profanity
надрочить;profanity
надрочиться;profanity
надристать;profanity
наебать;profanity
наебаться;profanity
наебнуть;profanity
наебнуться;profanity
накакать;profanity
накакаться;profanity
накакивать;profanity
напиздить;profanity
напиздошить;profanity
напиздюрить;profanity
напиздюриться;profanity
насрать;profanity
насраться;profanity
нассать;profanity
нассаться;profanity
натрахать;profanity
натрахаться;profanity
натрахивать;profanity
натрахиваться;profanity
нахуякать;profanity
нахуякаться;profanity
нахуякивать;profanity
нахуякиваться;profanity
нахуярить;profanity
нахуяриться;profanity
нахуяриться;profanity
нахуяривать;profanity
нахуяриваться;profanity
нахуячить;profanity
нахуячиться;profanity
нахуячивать;profanity
нахуячиваться;profanity
нахуяшить;profanity
недоебанный;profanity
недоносок;profanity
неебущий;profanity
нищеебство;profanity
оебыват;profanity
обдристанный;profanity
обдристать;profanity
обдрочиться;profanity
обосранец;profanity
обосранная;profanity
обосраный;profanity
обосрать;profanity
обосраться;profanity
обоссанец;profanity
обоссаный;profanity
обоссать;profanity
обоссаться;profanity
обоссаться;profanity
обоссывать;profanity
обоссываться;profanity
обпиздить;profanity
обпиздиться;profanity
обпиздовать;profanity
обпиздоваться;profanity
обпиздовывать;profanity
обпиздовываться;profanity
обпиздохать;profanity
обпиздохаться;profanity
обпиздохивать;profanity
обпиздохиваться;profanity
обпиздошить;profanity
обтрахать;profanity
обтрахаться;profanity
обтрахивать;profanity
обтрахиваться;profanity
обхуярить;profanity
обхуяриться;profanity
обхуячить;profanity
объебать;profanity
объебаться;profanity
объебенить;profanity
объебнуть;profanity
объебон;profanity
одинхуй;profanity
однапизда;profanity
однохуйственно;profanity
оебать;profanity
оебашивать;profanity
оебашить;profanity
оебенивать;profanity
оебенить;profanity
опедерастить;profanity
опизденеть;profanity
опизденный;profanity
опизденно;profanity
опиздеть;profanity
опиздить;profanity
остоебеть;profanity
остоебенить;profanity
остоебенило;profanity
остопиздеть;profanity
остопиздело;profanity
остохуело;profanity
остохуеть;profanity
отдрачивать;profanity
отдрачиваться;profanity
отдрочить;profanity
отдрочиться;profanity
отпиздить;profanity
отпиздошить;profanity
отпиздяшить;profanity
отпиздяшиться;profanity
отпиздяшивание;profanity
отпиздяшивать;profanity
отпиздяшиваться;profanity
отсасывать;profanity
отсасываться;profanity
отсосать;profanity
отсосаться;profanity
оттраханная;profanity
оттрахать;profanity
оттрахаться;profanity
оттрахивать;profanity
оттрахиваться;profanity
отхерачить;profanity
отхуякать;profanity
отхуякаться;profanity
отхуякивать;profanity
отхуякиваться;profanity
отхуярить;profanity
отхуяриться;profanity
отхуяривать;profanity
отхуяриваться;profanity
отхуячить;profanity
отхуячиться;profanity
отхуячивать;profanity
отхуячиваться;profanity
отхуяшить;profanity
отхуяшиться;profanity
отхуяшивать;profanity
отхуяшиваться;profanity
отъебать;profanity
отъебывание;profanity
отъебывать;profanity
отъебываться;profanity
отъебашить;profanity
отъебашивание;profanity
отъебашивать;profanity
отъебашиваться;profanity
отъебенить;profanity
отъебениться;profanity
отъебенивать;profanity
отъебениваться;profanity
отъебнуть;profanity
отьебаться;profanity
отьебашиться;profanity
отьебенивание;profanity
отьебнуться;profanity
охуевать;profanity
охуевающий;profanity
охуевший;profanity
охуение;profanity
охуенно;profanity
охуенные;profanity
охуеть;profanity
охуительно;profanity
охуительный;profanity
охуякать;profanity
охуякаться;profanity
охуякивать;profanity
охуякиваться;profanity
охуякнуть;profanity
охуякнуться;profanity
охуярить;profanity
охуяриться;profanity
охуяривать;profanity
охуяриваться;profanity
охуячить;profanity
охуячиться;profanity
охуячивать;profanity
охуячиваться;profanity
охуяшить;profanity
охуяшиться;profanity
охуяшивать;profanity
охуяшиваться;profanity
очко;profanity
перднуть;profanity
падла;profanity
падлюка;profanity
педераст;profanity
педерастина;profanity
педерастический;profanity
педерастия;profanity
педик;profanity
педрило;profanity
пежить;profanity
пенис;profanity
пердеж;profanity
пердеть;profanity
пердун;profanity
перебздеть;profanity
передрачивать;profanity
передрочить;profanity
передрочиться;profanity
переебаться;profanity
переебашить;profanity
перетрахать;profanity
перетрахаться;profanity
перетрахивать;profanity
перетрахиваться;profanity
перехуйнуть;profanity
перехуйнуться;profanity
перехуякнуть;profanity
перехуякнуться;profanity
перехуякать;profanity
перехуякаться;profanity
перехуякивать;profanity
перехуякиваться;profanity
перехуярить;profanity
перехуяриться;profanity
перехуяривать;profanity
перехуяриваться;profanity
перехуячить;profanity
перехуячиться;profanity
перехуячивать;profanity
пидорас;profanity
пидор;profanity
пизда;profanity
пизданутая;profanity
пиздануть;profanity
пиздануться;profanity
пиздато;profanity
пизденка;profanity
пизденочка;profanity
пиздень;profanity
пизденыш;profanity
пиздеть;profanity
пиздец;profanity
пиздища;profanity
пиздобол;profanity
пиздовать;profanity
пиздолиз;profanity
пиздомол;profanity
пиздосос;profanity
пиздоход;profanity
пиздуй;profanity
пиздун;profanity
пиздюга;profanity
пиздюлей;profanity
пиздюли;profanity
пиздюлина;profanity
пиздюк;profanity
пиздюкать;profanity
пиздюкаться;profanity
пиздюшка;profanity
пиздякать;profanity
пиздятина;profanity
пиздятиной;profanity
пиздячий;profanity
писька;profanity
писюлек;profanity
плоскозадая;profanity
поебочка;profanity
поебывать;profanity
поебываться;profanity
поблудить;profanity
поблядовать;profanity
поблядушка;profanity
подосрать;profanity
подосраться;profanity
подоссать;profanity
подпиздить;profanity
подпиздовать;profanity
подпиздоваться;profanity
подпиздовывать;profanity
подпиздовываться;profanity
подпиздохать;profanity
подпиздохаться;profanity
подпиздохивать;profanity
подпиздохиваться;profanity
подпиздошить;profanity
подпиздошиться;profanity
подпиздошивать;profanity
подпиздякать;profanity
подпиздякаться;profanity
подпиздякивать;profanity
подпиздякиваться;profanity
подпиздярить;profanity
подпиздяриться;profanity
подпиздяривать;profanity
подпиздяриваться;profanity
подпиздяхать;profanity
подпиздяхаться;profanity
подпиздяхивать;profanity
подпиздяхиваться;profanity
подпиздячить;profanity
подпиздячиться;profanity
подпиздячивать;profanity
подпиздячиваться;profanity
подпиздяшить;profanity
подпиздяшиться;profanity
подпиздяшивать;profanity
подпиздяшиваться;profanity
подристывать;profanity
подрочить;profanity
подсирать;profanity
подхуякнуть;profanity
подхуякнуться;profanity
подхуякать;profanity
подхуякаться;profanity
подхуякивать;profanity
подхуякиваться;profanity
подхуярить;profanity
подхуяриться;profanity
подхуяривать;profanity
подхуяриваться;profanity
подхуячивать;profanity
подхуячиться;profanity
подхуячивать;profanity
подхуячиваться;profanity
подхуяшить;profanity
подхуяшиться;profanity
подхуяшивать;profanity
подхуяшиваться;profanity
подъеб;profanity
подъебать;profanity
подъебаться;profanity
подъебашить;profanity
подъебнуть;profanity
подъебка;profanity
подъебывать;profanity
подъябывать;profanity
поебанный;profanity
поебать;profanity
поебаться;profanity
поебень;profanity
поебистика;profanity
поебон;profanity
поебончик;profanity
попердеть;profanity
попердеться;profanity
попердывать;profanity
попизденная;profanity
попиздеть;profanity
попиздистее;profanity
попиздить;profanity
попиздиться;profanity
попиздоватей;profanity
попиздоболивать;profanity
попиздоболиваться;profanity
попиздоболить;profanity
попиздоболиться;profanity
попиздовать;profanity
попиздоваться;profanity
попиздовывать;profanity
попиздовываться;profanity
попиздохать;profanity
попиздохаться;profanity
попиздохивать;profanity
попиздохиваться;profanity
попиздошить;profanity
попиздошиться;profanity
попиздошивать;profanity
попиздошиваться;profanity
попиздюкать;profanity
попиздюкаться;profanity
попиздюкивать;profanity
попиздюкиваться;profanity
попиздюлить;profanity
попиздюлиться;profanity
попиздюливать;profanity
попиздюливаться;profanity
попиздюрить;profanity
попиздюриться;profanity
попиздюривать;profanity
попиздюриваться;profanity
попиздюхать;profanity
попиздюхаться;profanity
попиздюхивать;profanity
попиздюхиваться;profanity
попиздякать;profanity
попиздякаться;profanity
попиздякивать;profanity
попиздякиваться;profanity
попиздярить;profanity
попиздяриться;profanity
попиздяривать;profanity
попиздяриваться;profanity
попиздяхать;profanity
попиздяхаться;profanity
попиздяхивать;profanity
попиздяхиваться;profanity
попиздячить;profanity
попиздячиться;profanity
попиздячивать;profanity
попиздячиваться;profanity
попиздяшить;profanity
попиздяшиться;profanity
попиздяшивать;profanity
попиздяшиваться;profanity
попизживать;profanity
попизживаться;profanity
потаскун;profanity
потаскуха;profanity
потраханная;profanity
потрахать;profanity
потрахаться;profanity
потрахивать;profanity
потрахиваться;profanity
похер;profanity
похуист;profanity
похуякать;profanity
похуякаться;profanity
похуякивать;profanity
похуякиваться;profanity
похуярить;profanity
похуяриться;profanity
похуяривать;profanity
похуяриваться;profanity
похуячить;profanity
похуячиться;profanity
похуячивать;profanity
похуячиваться;profanity
похуяшить;profanity
похуяшиться;profanity
похуяшивать;profanity
похуяшиваться;profanity
поц;profanity
пошмариться;profanity
поябывать;profanity
приебать;profanity
приебаться;profanity
приебывать;profanity
приебываться;profanity
приебашить;profanity
приебашиться;profanity
приебашивать;profanity
приебашиваться;profanity
приебенить;profanity
приебениться;profanity
приебенивать;profanity
приебениваться;profanity
приебехать;profanity
приебехаться;profanity
приебехивать;profanity
приебехиваться;profanity
приебистый;profanity
приебурить;profanity
приебуриться;profanity
приебуривать;profanity
приебуриваться;profanity
прижопить;profanity
прижопывать;profanity
прикинуть;profanity
примандовать;profanity
примандоваться;profanity
примавдовывать;profanity
примандовываться;profanity
примандохать;profanity
примандохаться;profanity
примандохивать;profanity
примандохиваться;profanity
примандошить;profanity
примандошиться;profanity
примандошивать;profanity
примандошиваться;profanity
примандюкать;profanity
примандюкаться;profanity
примандюкивать;profanity
примандюкиваться;profanity
примандехать;profanity
примандехаться;profanity
примандехивать;profanity
примандехиваться;profanity
примандюлить;profanity
примандюлиться;profanity
примандюливать;profanity
примандюливаться;profanity
примандюрить;profanity
примандюриться;profanity
примандюривать;profanity
примандюриваться;profanity
примандякать;profanity
примандякаться;profanity
примандякивать;profanity
примандякиваться;profanity
примандярить;profanity
примандяриться;profanity
примандяривать;profanity
примандяриваться;profanity
примандяхать;profanity
примандяхаться;profanity
примандяхивать;profanity
примандяхиваться;profanity
примандячить;profanity
примандячиться;profanity
примандячивать;profanity
примандячиваться;profanity
примандяшить;profanity
примандяшиться;profanity
примандяшивать;profanity
примандяшиваться;profanity
примудохать;profanity
примудохаться;profanity
примудохивать;profanity
примудохиваться;profanity
примандить;profanity
примандиться;profanity
припизденный;profanity
припиздень;profanity
припиздить;profanity
припиздиться;profanity
припиздывать;profanity
припиздываться;profanity
припиздовать;profanity
припиздоваться;profanity
припиздовывать;profanity
припиздовываться;profanity
припиздохать;profanity
припиздохаться;profanity
припиздохивать;profanity
припиздохиваться;profanity
припиздошить;profanity
припиздошиться;profanity
припиздошивать;profanity
припиздошиваться;profanity
припиздюкать;profanity
припиздюкаться;profanity
припиздюкивать;profanity
припиздюкиваться;profanity
припиздюлить;profanity
припиздюлиться;profanity
припиздюливать;profanity
припиздюливаться;profanity
припиздюрить;profanity
припиздюриться;profanity
припиздюривать;profanity
припиздюхать;profanity
припиздюриваться;profanity
припиздюхаться;profanity
припиздюхивать;profanity
припиздюхиваться;profanity
припиздякать;profanity
припиздякаться;profanity
припиздякивать;profanity
припиздякиваться;profanity
припиздярить;profanity
припиздяриться;profanity
припиздяривать;profanity
припиздяриваться;profanity
припиздяхать;profanity
припиздяхаться;profanity
припиздяхивать;profanity
припиздяхиваться;profanity
припиздячить;profanity
припиздячиться;profanity
припиздячивать;profanity
припиздячиваться;profanity
припиздяшить;profanity
припиздяшиться;profanity
припиздяшивать;profanity
припиздяшиваться;profanity
припиздронить;profanity
припиздрониться;profanity
припиздронивать;profanity
припиздрониваться;profanity
припизживать;profanity
припизживаться;profanity
прихуеть;profanity
прихуякать;profanity
прихуякаться;profanity
прихуякивать;profanity
прихуякиваться;profanity
прихуярить;profanity
прихуяриться;profanity
прихуяривать;profanity
прихуяриваться;profanity
прихуячить;profanity
прихуячиться;profanity
прихуячивать;profanity
прихуячиваться;profanity
прихуяшить;profanity
прихуяшиться;profanity
прихуяшивать;profanity
прихуяшиваться;profanity
притрахаться;profanity
проблядовать;profanity
проблядь;profanity
проблядушка;profanity
продрачивать;profanity
продрачиваться;profanity
продрочить;profanity
продрочиться;profanity
проебать;profanity
проебаться;profanity
проебашить;profanity
проебашиться;profanity
проебашивать;profanity
проебашиваться;profanity
проебенить;profanity
проебениться;profanity
проебашивать;profanity
проебашиваться;profanity
проебывать;profanity
проебываться;profanity
пропиздить;profanity
пропиздиться;profanity
пропиздоболивать;profanity
пропиздоболиваться;profanity
пропиздоболить;profanity
пропиздоболиться;profanity
пропиздовать;profanity
пропиздоваться;profanity
пропиздовывать;profanity
пропиздовываться;profanity
пропиздохать;profanity
пропиздохаться;profanity
пропиздохивать;profanity
пропиздохиваться;profanity
пропиздошить;profanity
пропиздошиться;profanity
пропиздошивать;profanity
пропиздошиваться;profanity
пропиздюкать;profanity
пропиздюкаться;profanity
пропиздюкивать;profanity
пропиздюкиваться;profanity
пропиздюлить;profanity
пропиздюлиться;profanity
пропиздюливать;profanity
пропиздюливаться;profanity
пропиздюрить;profanity
пропиздюриться;profanity
пропиздюривать;profanity
пропиздюриваться;profanity
пропиздюхать;profanity
пропиздюхаться;profanity
пропиздюхивать;profanity
пропиздюхиваться;profanity
пропиздякать;profanity
пропиздякаться;profanity
пропиздякивать;profanity
пропиздякиваться;profanity
пропиздярить;profanity
пропиздяриться;profanity
пропиздяривать;profanity
пропиздяриваться;profanity
пропиздяхать;profanity
пропиздяхивать;profanity
пропиздяхиваться;profanity
пропиздячить;profanity
пропиздячиться;profanity
пропиздячивать;profanity
пропиздячиваться;profanity
пропиздяшить;profanity
пропиздяшиться;profanity
пропиздяшивать;profanity
пропиздяшиваться;profanity
пропизживать;profanity
пропизживаться;profanity
пропиздон;profanity
прохуякать;profanity
прохуякаться;profanity
прохуякивать;profanity
прохуякиваться;profanity
прохуярить;profanity
прохуяриться;profanity
прохуяривать;profanity
прохуяриваться;profanity
прохуячить;profanity
прохуячиться;profanity
прохуячивать;profanity
прохуячиваться;profanity
прохуяшить;profanity
прохуяшиться;profanity
прохуяшивать;profanity
прохуяшиваться;profanity
разблядоваться;profanity
раздрочить;profanity
раздрочиться;profanity
раззалупаться;profanity
разнохуйственно;profanity
разъебать;profanity
разъебаться;profanity
разъебашить;profanity
разъебашиться;profanity
разъебашивать;profanity
разъебашиваться;profanity
разъебенить;profanity
разъебениться;profanity
разъебенивать;profanity
разъебениваться;profanity
распиздить;profanity
распиздиться;profanity
распиздовать;profanity
распиздоваться;profanity
распиздовывать;profanity
распиздовываться;profanity
распиздохать;profanity
распиздохаться;profanity
распиздохивать;profanity
распиздохиваться;profanity
распиздошить;profanity
распиздошиться;profanity
распиздошивать;profanity
распиздошиваться;profanity
распиздон;profanity
распиздяй;profanity
расхуярить;profanity
расхуяриться;profanity
расхуяривать;profanity
расхуяриваться;profanity
расхуячить;profanity
расхуячиться;profanity
расхуячивать;profanity
расхуячиваться;profanity
сдрочить;profanity
сестроеб;profanity
сифилитик;profanity
сифилюга;profanity
скурвиться;profanity
смандить;profanity
смандиться;profanity
смандить;profanity
сперматозавр;profanity
спиздеть;profanity
стерва;profanity
стервоза;profanity
сука;profanity
суки;profanity
сукин;profanity
сукины;profanity
суходрочка;profanity
суходрочкой;profanity
сучара;profanity
сучий;profanity
сучка;profanity
сучье;profanity
схуякать;profanity
схуякаться;profanity
схуякивать;profanity
схуякиваться;profanity
схуярить;profanity
схуяриться;profanity
схуяривать;profanity
схуяриваться;profanity
схуячить;profanity
схуячиться;profanity
схуячивать;profanity
съебывать;profanity
съебываться;profanity
съебать;profanity
съебаться;profanity
съебашить;profanity
съебашиться;profanity
съебашивать;profanity
съебашиваться;profanity
съебенить;profanity
съебениться;profanity
съебенивать;profanity
тварь;profanity
толстожопый;profanity
толстозадая;profanity
торчило;profanity
траханье;profanity
трахать;profanity
трахаться;profanity
трахнуть;profanity
трахнуться;profanity
трепак;profanity
триппер;profanity
уебывать;profanity
уебываться;profanity
уебыш;profanity
ублюдок;profanity
уебать;profanity
уебашить;profanity
уебашивать;profanity
уебенить;profanity
уебище;profanity
усраться;profanity
усрачка;profanity
уссать;profanity
уссаться;profanity
ухуякать;profanity
ухуякаться;profanity
ухуякивать;profanity
ухуякиваться;profanity
ухуярить;profanity
ухуяриться;profanity
ухуяривать;profanity
ухуяриваться;profanity
ухуячить;profanity
ухуячиться;profanity
ухуячивать;profanity
ухуячиваться;profanity
ухуяшить;profanity
ухуяшиться;profanity
ухуяшивать;profanity
ухуяшиваться;profanity
фаллос;profanity
фекал;profanity
фекалий;profanity
фекалии;profanity
хер;profanity
херами;profanity
херня;profanity
херовина;profanity
херов;profanity
хрен;profanity
хреново;profanity
хреновое;profanity
хреновый;profanity
хуевина;profanity
хуев;profanity
хуево;profanity
хуевый;profanity
хуек;profanity
хуечек;profanity
худоебина;profanity
хуебень;profanity
хуев;profanity
хуева;profanity
хуевато;profanity
хуеватый;profanity
хуеглот;profanity
хуегрыз;profanity
хуедрыга;profanity
хуемудрие;profanity
хуемыслие;profanity
хуеньки;profanity
хуеплет;profanity
хуесос;profanity
хуета;profanity
хуетень;profanity
хуец;profanity
хуила;profanity
хуиный;profanity
хуистый;profanity
хуишко;profanity
хуище;profanity
хуи;profanity
хуило;profanity
хуйло;profanity
хуй;profanity
хуйство;profanity
хуйнуть;profanity
хуйня;profanity
хуйню;profanity
хули;profanity
хуюжить;profanity
хуюжиться;profanity
хуюживать;profanity
хуюживаться;profanity
хуюшки;profanity
хуя;profanity
хуяк;profanity
хуякать;profanity
хуями;profanity
хуярить;profanity
хуяриться;profanity
хуястый;profanity
хуячий;profanity
хуячить;profanity
хуячиться;profanity
хуяшить;profanity
целка;profanity
целку;profanity
целочка;profanity
черножопые;profanity
чернозадый;profanity
член;profanity
шалава;profanity
шлюха;profanity
шмара;profanity
шмарить;profanity
шмариться;profanity
хуйло;profanity
отъебись;profanity
отьебись;profanity
спам;profanity
spam;profanity
мудила;profanity
пидарасы;profanity
Привет, до конца дня нужно обсудить табель.;normal
Привет, днём нужно обсудить форму.;normal
Иван уточнил новый таблицу.;normal
Мария сохранил актуальный документ.;normal
Привет, сегодня нужно обсудить семинар.;normal
Привет, до конца дня нужно обсудить инструкцию.;normal
Анна сохранил общий таблицу.;normal
Мария сохранил предварительный созвон.;normal
Привет, завтра нужно обсудить задание.;normal
Привет, на этой неделе нужно обсудить конспект.;normal
Мария проверил актуальный презентацию.;normal
Привет, после пары нужно обсудить заметку.;normal
Привет, завтра нужно обсудить таблицу.;normal
Анна отправил актуальный документ.;normal
Мария добавил подробный созвон.;normal
Привет, на этой неделе нужно обсудить смету.;normal
Анна подготовил итоговый таблицу.;normal
Анна исправил итоговый встречу.;normal
Привет, завтра нужно обсудить письмо.;normal
Мария уточнил актуальный отчёт.;normal
Анна исправил новый документ.;normal
Привет, на этой неделе нужно обсудить документ.;normal
Привет, завтра нужно обсудить презентацию.;normal
Мария подготовил рабочий встречу.;normal
Привет, сегодня нужно обсудить табель.;normal
Иван отправил рабочий отчёт.;normal
Привет, на этой неделе нужно обсудить папку.;normal
Привет, послезавтра нужно обсудить задание.;normal
Иван посмотрел исправленный встречу.;normal
Привет, на этой неделе нужно обсудить встречу.;normal
Привет, сегодня нужно обсудить файл.;normal
Привет, после пары нужно обсудить архив.;normal
Иван добавил рабочий отчёт.;normal
Иван исправил итоговый созвон.;normal
Привет, после обеда нужно обсудить архив.;normal
Привет, после пары нужно обсудить конспект.;normal
Привет, до конца дня нужно обсудить ссылку.;normal
Привет, вечером нужно обсудить встречу.;normal
Привет, послезавтра нужно обсудить файл.;normal
Привет, вечером нужно обсудить созвон.;normal
Анна отправил подробный документ.;normal
Привет, до конца дня нужно обсудить заявку.;normal
Привет, сегодня нужно обсудить отчёт.;normal
Привет, на этой неделе нужно обсудить форму.;normal
Привет, на этой неделе нужно обсудить семинар.;normal
Привет, вечером нужно обсудить задание.;normal
Иван уточнил подробный презентацию.;normal
Иван исправил общий таблицу.;normal
Привет, на этой неделе нужно обсудить список.;normal
Привет, после пары нужно обсудить файл.;normal
Привет, завтра нужно обсудить смету.;normal
Привет, завтра нужно обсудить инструкцию.;normal
Привет, после пары нужно обсудить задание.;normal
Иван подготовил предварительный созвон.;normal
Привет, завтра нужно обсудить лекцию.;normal
Привет, завтра нужно обсудить файл.;normal
Мария уточнил исправленный документ.;normal
Привет, послезавтра нужно обсудить черновик.;normal
Алексей подготовил актуальный созвон.;normal
Мария подготовил последний созвон.;normal
Привет, утром нужно обсудить отчёт.;normal
Анна проверил короткий таблицу.;normal
Привет, после обеда нужно обсудить созвон.;normal
Привет, вечером нужно обсудить письмо.;normal
Алексей уточнил короткий презентацию.;normal
Мария обновил актуальный документ.;normal
Иван проверил короткий документ.;normal
Привет, завтра нужно обсудить семинар.;normal
Анна перенёс последний созвон.;normal
Иван подготовил новый созвон.;normal
Привет, сегодня нужно обсудить заметку.;normal
Мария обновил короткий таблицу.;normal
Анна проверил подробный созвон.;normal
Анна перенёс последний документ.;normal
Иван исправил подробный документ.;normal
Алексей исправил подробный документ.;normal
Привет, вечером нужно обсудить презентацию.;normal
Привет, послезавтра нужно обсудить список.;normal
Привет, после пары нужно обсудить встречу.;normal
Алексей добавил подробный созвон.;normal
Анна добавил последний таблицу.;normal
Привет, завтра нужно обсудить заметку.;normal
Мария перенёс актуальный таблицу.;normal
Привет, после пары нужно обсудить макет.;normal
Мария уточнил предварительный отчёт.;normal
Привет, после обеда нужно обсудить письмо.;normal
Алексей уточнил рабочий встречу.;normal
Анна добавил общий презентацию.;normal
Привет, сегодня нужно обсудить комментарий.;normal
Привет, завтра нужно обсудить отчёт.;normal
Привет, после пары нужно обсудить план.;normal
Привет, днём нужно обсудить папку.;normal
Привет, днём нужно обсудить семинар.;normal
Привет, утром нужно обсудить презентацию.;normal
Привет, днём нужно обсудить заметку.;normal
Привет, после пары нужно обсудить отчёт.;normal
Привет, утром нужно обсудить план.;normal
Привет, сегодня нужно обсудить версию.;normal
Привет, утром нужно обсудить семинар.;normal
Алексей исправил предварительный документ.;normal
Привет, днём нужно обсудить презентацию.;normal
Мария посмотрел подробный документ.;normal
Привет, утром нужно обсудить форму.;normal
Мария обновил новый презентацию.;normal
Привет, после пары нужно обсудить табель.;normal
Привет, до конца дня нужно обсудить лекцию.;normal
Привет, до конца дня нужно обсудить смету.;normal
Иван исправил актуальный отчёт.;normal
Мария проверил подробный встречу.;normal
Привет, днём нужно обсудить ссылку.;normal
Привет, до конца дня нужно обсудить версию.;normal
Привет, днём нужно обсудить конспект.;normal
Мария перенёс рабочий документ.;normal
Анна проверил последний созвон.;normal
Мария перенёс исправленный созвон.;normal
Привет, после обеда нужно обсудить расписание.;normal
Иван исправил исправленный документ.;normal
Привет, после обеда нужно обсудить семинар.;normal
Привет, вечером нужно обсудить список.;normal
Привет, после обеда нужно обсудить файл.;normal
Иван сохранил итоговый таблицу.;normal
Анна добавил итоговый встречу.;normal
Мария подготовил общий таблицу.;normal
Алексей обновил общий встречу.;normal
Привет, завтра нужно обсудить папку.;normal
Мария добавил итоговый таблицу.;normal
Привет, после обеда нужно обсудить встречу.;normal
Иван перенёс короткий встречу.;normal
Привет, сегодня нужно обсудить созвон.;normal
Привет, до конца дня нужно обсудить черновик.;normal
Привет, днём нужно обсудить задание.;normal
Анна проверил короткий отчёт.;normal
Привет, сегодня нужно обсудить форму.;normal
Привет, вечером нужно обсудить смету.;normal
Алексей отправил общий документ.;normal
Привет, сегодня нужно обсудить документ.;normal
Мария перенёс последний отчёт.;normal
Привет, после пары нужно обсудить список.;normal
Привет, утром нужно обсудить созвон.;normal
Иван проверил рабочий созвон.;normal
Мария исправил новый презентацию.;normal
Анна проверил короткий встречу.;normal
Привет, вечером нужно обсудить расписание.;normal
Мария посмотрел последний документ.;normal
Привет, сегодня нужно обсудить встречу.;normal
Мария проверил итоговый встречу.;normal
Мария подготовил актуальный отчёт.;normal
Привет, днём нужно обсудить заявку.;normal
Анна посмотрел последний созвон.;normal
Привет, вечером нужно обсудить комментарий.;normal
Алексей подготовил исправленный документ.;normal
Привет, после обеда нужно обсудить папку.;normal
Привет, завтра нужно обсудить макет.;normal
Анна уточнил общий таблицу.;normal
Анна обновил рабочий таблицу.;normal
Иван посмотрел актуальный созвон.;normal
Привет, послезавтра нужно обсудить форму.;normal
Привет, после пары нужно обсудить комментарий.;normal
Иван посмотрел последний отчёт.;normal
Алексей перенёс новый документ.;normal
Привет, до конца дня нужно обсудить проект.;normal
Мария посмотрел рабочий документ.;normal
Привет, после обеда нужно обсудить черновик.;normal
Привет, на этой неделе нужно обсудить файл.;normal
Алексей исправил короткий документ.;normal
Привет, послезавтра нужно обсудить отчёт.;normal
Привет, сегодня нужно обсудить таблицу.;normal
Привет, на этой неделе нужно обсудить задание.;normal
Привет, после пары нужно обсудить форму.;normal
Привет, утром нужно обсудить инструкцию.;normal
Иван добавил итоговый созвон.;normal
Привет, утром нужно обсудить лекцию.;normal
Привет, завтра нужно обсудить проект.;normal
Иван посмотрел рабочий документ.;normal
Привет, на этой неделе нужно обсудить письмо.;normal
Привет, до конца дня нужно обсудить список.;normal
Привет, на этой неделе нужно обсудить макет.;normal
Анна уточнил новый таблицу.;normal
Иван добавил итоговый документ.;normal
Привет, завтра нужно обсудить табель.;normal
Привет, сегодня нужно обсудить инструкцию.;normal
Привет, после обеда нужно обсудить документ.;normal
Алексей сохранил предварительный таблицу.;normal
Анна обновил короткий отчёт.;normal
Иван подготовил последний встречу.;normal
Привет, утром нужно обсудить конспект.;normal
Мария подготовил подробный встречу.;normal
Привет, завтра нужно обсудить созвон.;normal
Привет, сегодня нужно обсудить заявку.;normal
Привет, послезавтра нужно обсудить папку.;normal
Привет, днём нужно обсудить документ.;normal
Привет, завтра нужно обсудить комментарий.;normal
Алексей отправил актуальный созвон.;normal
Привет, сегодня нужно обсудить расписание.;normal
Привет, на этой неделе нужно обсудить созвон.;normal
Привет, днём нужно обсудить расписание.;normal
Привет, днём нужно обсудить материалы.;normal
Привет, после пары нужно обсудить инструкцию.;normal
Привет, днём нужно обсудить список.;normal
Алексей добавил общий таблицу.;normal
Алексей подготовил предварительный встречу.;normal
Привет, завтра нужно обсудить встречу.;normal
Привет, после пары нужно обсудить созвон.;normal
Привет, утром нужно обсудить смету.;normal
Мария перенёс короткий отчёт.;normal
Привет, после обеда нужно обсудить ссылку.;normal
Привет, вечером нужно обсудить макет.;normal
Привет, после обеда нужно обсудить отчёт.;normal
Привет, после пары нужно обсудить версию.;normal
Привет, днём нужно обсудить инструкцию.;normal
Алексей исправил исправленный отчёт.;normal
Мария добавил новый таблицу.;normal
Анна сохранил рабочий документ.;normal
Иван обновил рабочий встречу.;normal
Иван добавил подробный отчёт.;normal
Привет, после обеда нужно обсудить комментарий.;normal
Привет, утром нужно обсудить встречу.;normal
Привет, утром нужно обсудить заметку.;normal
Привет, до конца дня нужно обсудить таблицу.;normal
Привет, утром нужно обсудить ссылку.;normal
Привет, на этой неделе нужно обсудить табель.;normal
Привет, утром нужно обсудить заявку.;normal
Привет, после пары нужно обсудить расписание.;normal
Привет, днём нужно обсудить план.;normal
Привет, вечером нужно обсудить лекцию.;normal
Алексей уточнил итоговый документ.;normal
Привет, после обеда нужно обсудить инструкцию.;normal
Привет, утром нужно обсудить письмо.;normal
Привет, послезавтра нужно обсудить документ.;normal
Иван проверил исправленный встречу.;normal
Привет, завтра нужно обсудить список.;normal
Анна уточнил подробный созвон.;normal
Привет, утром нужно обсудить задание.;normal
Иван исправил новый отчёт.;normal
Привет, на этой неделе нужно обсудить проект.;normal
Привет, завтра нужно обсудить материалы.;normal
Анна обновил актуальный таблицу.;normal
Мария уточнил итоговый отчёт.;normal
Привет, после пары нужно обсудить черновик.;normal
Алексей добавил предварительный созвон.;normal
Алексей отправил исправленный встречу.;normal
Привет, до конца дня нужно обсудить созвон.;normal
Привет, днём нужно обсудить табель.;normal
Привет, послезавтра нужно обсудить расписание.;normal
Привет, после обеда нужно обсудить версию.;normal
Алексей отправил короткий отчёт.;normal
Привет, на этой неделе нужно обсудить черновик.;normal
Привет, после пары нужно обсудить ссылку.;normal
Привет, после пары нужно обсудить семинар.;normal
Иван исправил исправленный таблицу.;normal
Привет, днём нужно обсудить созвон.;normal
Иван подготовил последний отчёт.;normal
Привет, после пары нужно обсудить проект.;normal
Алексей посмотрел новый встречу.;normal
Привет, послезавтра нужно обсудить презентацию.;normal
Привет, утром нужно обсудить архив.;normal
Привет, на этой неделе нужно обсудить инструкцию.;normal
Привет, на этой неделе нужно обсудить заявку.;normal
Привет, сегодня нужно обсудить список.;normal
Иван уточнил актуальный встречу.;normal
Привет, вечером нужно обсудить табель.;normal
Анна перенёс исправленный встречу.;normal
Иван подготовил подробный документ.;normal
Привет, послезавтра нужно обсудить заявку.;normal
Привет, на этой неделе нужно обсудить отчёт.;normal
Алексей отправил общий таблицу.;normal
Иван посмотрел исправленный отчёт.;normal
Привет, на этой неделе нужно обсудить архив.;normal
Анна сохранил подробный отчёт.;normal
Алексей отправил рабочий таблицу.;normal
Привет, после пары нужно обсудить письмо.;normal
Привет, утром нужно обсудить список.;normal
Анна исправил новый созвон.;normal
Привет, после обеда нужно обсудить план.;normal
Алексей уточнил итоговый встречу.;normal
Привет, после обеда нужно обсудить задание.;normal
Привет, на этой неделе нужно обсудить презентацию.;normal
Привет, утром нужно обсудить материалы.;normal
Иван исправил новый таблицу.;normal
Привет, до конца дня нужно обсудить документ.;normal
Мария обновил короткий встречу.;normal
Привет, послезавтра нужно обсудить встречу.;normal
Привет, вечером нужно обсудить ссылку.;normal
Анна обновил предварительный отчёт.;normal
Алексей добавил исправленный отчёт.;normal
Мария обновил подробный встречу.;normal
Мария добавил новый созвон.;normal
Анна перенёс актуальный созвон.;normal
Алексей перенёс актуальный встречу.;normal
Анна перенёс итоговый созвон.;normal
Привет, завтра нужно обсудить ссылку.;normal
Привет, сегодня нужно обсудить смету.;normal
Привет, вечером нужно обсудить инструкцию.;normal
Привет, вечером нужно обсудить заметку.;normal
Иван проверил актуальный встречу.;normal
Привет, после обеда нужно обсудить форму.;normal
Алексей посмотрел последний таблицу.;normal
Привет, утром нужно обсудить табель.;normal
Иван перенёс короткий таблицу.;normal
Привет, после обеда нужно обсудить макет.;normal
Привет, днём нужно обсудить смету.;normal
Мария сохранил последний встречу.;normal
Привет, вечером нужно обсудить папку.;normal
Алексей уточнил рабочий презентацию.;normal
Привет, послезавтра нужно обсудить ссылку.;normal
Алексей сохранил короткий встречу.;normal
Алексей проверил последний встречу.;normal
Привет, после обеда нужно обсудить презентацию.;normal
Мария отправил последний созвон.;normal
Привет, утром нужно обсудить таблицу.;normal
Привет, послезавтра нужно обсудить проект.;normal
Привет, днём нужно обсудить встречу.;normal
Алексей проверил исправленный документ.;normal
Привет, сегодня нужно обсудить ссылку.;normal
Привет, сегодня нужно обсудить задание.;normal
Иван обновил последний встречу.;normal
Привет, на этой неделе нужно обсудить комментарий.;normal
Иван сохранил общий документ.;normal
Алексей подготовил исправленный созвон.;normal
Привет, завтра нужно обсудить архив.;normal
Алексей обновил общий отчёт.;normal
Привет, до конца дня нужно обсудить материалы.;normal
Анна добавил подробный презентацию.;normal
Привет, вечером нужно обсудить материалы.;normal
Привет, после обеда нужно обсудить таблицу.;normal
Иван посмотрел последний встречу.;normal
Алексей уточнил исправленный таблицу.;normal
Привет, до конца дня нужно обсудить комментарий.;normal
Привет, до конца дня нужно обсудить макет.;normal
Привет, на этой неделе нужно обсудить план.;normal
Алексей добавил последний таблицу.;normal
Анна перенёс предварительный встречу.;normal
Привет, до конца дня нужно обсудить конспект.;normal
Привет, после пары нужно обсудить заявку.;normal
Привет, до конца дня нужно обсудить задание.;normal
Привет, до конца дня нужно обсудить папку.;normal
Привет, сегодня нужно обсудить архив.;normal
Анна уточнил актуальный отчёт.;normal
Привет, завтра нужно обсудить заявку.;normal
Привет, послезавтра нужно обсудить конспект.;normal
Привет, до конца дня нужно обсудить форму.;normal
Привет, до конца дня нужно обсудить архив.;normal
Привет, послезавтра нужно обсудить семинар.;normal
Привет, на этой неделе нужно обсудить материалы.;normal
Привет, после пары нужно обсудить документ.;normal
Алексей посмотрел новый отчёт.;normal
Привет, после обеда нужно обсудить заметку.;normal
Привет, сегодня нужно обсудить конспект.;normal
Привет, послезавтра нужно обсудить лекцию.;normal
Привет, вечером нужно обсудить форму.;normal
Привет, вечером нужно обсудить черновик.;normal
Привет, послезавтра нужно обсудить созвон.;normal
Алексей посмотрел новый презентацию.;normal
Привет, вечером нужно обсудить план.;normal
Привет, послезавтра нужно обсудить материалы.;normal
Привет, до конца дня нужно обсудить письмо.;normal
Алексей проверил исправленный созвон.;normal
Привет, после пары нужно обсудить презентацию.;normal
Привет, на этой неделе нужно обсудить таблицу.;normal
Привет, на этой неделе нужно обсудить расписание.;normal
Привет, сегодня нужно обсудить макет.;normal
Иван отправил последний документ.;normal
Привет, после обеда нужно обсудить конспект.;normal
Иван перенёс рабочий отчёт.;normal
Привет, вечером нужно обсудить конспект.;normal
Привет, завтра нужно обсудить форму.;normal
Привет, днём нужно обсудить лекцию.;normal
Анна сохранил короткий документ.;normal
Привет, послезавтра нужно обсудить версию.;normal
Привет, сегодня нужно обсудить план.;normal
Привет, завтра нужно обсудить черновик.;normal
Привет, после обеда нужно обсудить лекцию.;normal
Мария отправил последний встречу.;normal
Алексей сохранил общий таблицу.;normal
Привет, сегодня нужно обсудить папку.;normal
Привет, днём нужно обсудить письмо.;normal
Привет, до конца дня нужно обсудить презентацию.;normal
Иван исправил короткий созвон.;normal
Привет, после обеда нужно обсудить материалы.;normal
Привет, после пары нужно обсудить таблицу.;normal
Алексей исправил рабочий созвон.;normal
Привет, послезавтра нужно обсудить письмо.;normal
Привет, до конца дня нужно обсудить план.;normal
Анна отправил рабочий отчёт.;normal
Мария перенёс последний таблицу.;normal
Анна подготовил последний встречу.;normal
Привет, днём нужно обсудить отчёт.;normal
Привет, вечером нужно обсудить проект.;normal
Привет, вечером нужно обсудить архив.;normal
Привет, утром нужно обсудить макет.;normal
Привет, до конца дня нужно обсудить файл.;normal
Привет, сегодня нужно обсудить лекцию.;normal
Привет, после обеда нужно обсудить смету.;normal
Привет, после пары нужно обсудить папку.;normal
Привет, днём нужно обсудить макет.;normal
Мария сохранил предварительный документ.;normal
Привет, днём нужно обсудить версию.;normal
Привет, послезавтра нужно обсудить комментарий.;normal
Мария исправил общий таблицу.;normal
Иван обновил общий документ.;normal
Мария сохранил итоговый документ.;normal
Алексей подготовил подробный отчёт.;normal
Анна отправил рабочий встречу.;normal
Анна проверил предварительный отчёт.;normal
Анна отправил подробный созвон.;normal
Алексей обновил новый отчёт.;normal
Привет, сегодня нужно обсудить черновик.;normal
Мария подготовил итоговый таблицу.;normal
Привет, послезавтра нужно обсудить план.;normal
Анна отправил предварительный документ.;normal
Мария обновил общий отчёт.;normal
Привет, до конца дня нужно обсудить заметку.;normal
Иван перенёс предварительный встречу.;normal
Привет, после обеда нужно обсудить список.;normal
Привет, днём нужно обсудить файл.;normal
Мария посмотрел исправленный встречу.;normal
Привет, на этой неделе нужно обсудить заметку.;normal
Привет, до конца дня нужно обсудить расписание.;normal
Привет, днём нужно обсудить архив.;normal
Привет, утром нужно обсудить расписание.;normal
Привет, утром нужно обсудить черновик.;normal
Иван обновил новый таблицу.;normal
Привет, после пары нужно обсудить материалы.;normal
Привет, вечером нужно обсудить файл.;normal
Привет, до конца дня нужно обсудить отчёт.;normal
Привет, послезавтра нужно обсудить табель.;normal
Алексей исправил новый созвон.;normal
Привет, послезавтра нужно обсудить таблицу.;normal
Анна подготовил подробный встречу.;normal
Привет, на этой неделе нужно обсудить ссылку.;normal
Привет, утром нужно обсудить документ.;normal
Привет, послезавтра нужно обсудить макет.;normal
Алексей обновил подробный таблицу.;normal
Привет, завтра нужно обсудить документ.;normal
Анна перенёс итоговый отчёт.;normal
Привет, днём нужно обсудить черновик.;normal
Алексей уточнил подробный созвон.;normal
Привет, после обеда нужно обсудить табель.;normal
Привет, завтра нужно обсудить план.;normal
Привет, днём нужно обсудить проект.;normal
Алексей перенёс предварительный документ.;normal
Иван уточнил подробный документ.;normal
Алексей перенёс итоговый отчёт.;normal
Привет, утром нужно обсудить комментарий.;normal
Мария отправил рабочий отчёт.;normal
Анна добавил подробный таблицу.;normal
Привет, утром нужно обсудить папку.;normal
Привет, вечером нужно обсудить таблицу.;normal
Привет, утром нужно обсудить файл.;normal
Привет, до конца дня нужно обсудить семинар.;normal
Мария перенёс актуальный отчёт.;normal
Анна уточнил общий документ.;normal
Иван подготовил актуальный созвон.;normal
Иван проверил предварительный презентацию.;normal
Привет, завтра нужно обсудить версию.;normal
Привет, после обеда нужно обсудить проект.;normal
Мария обновил последний созвон.;normal
Алексей перенёс новый отчёт.;normal
Привет, сегодня нужно обсудить письмо.;normal
Привет, вечером нужно обсудить отчёт.;normal
Привет, сегодня нужно обсудить презентацию.;normal
Привет, днём нужно обсудить комментарий.;normal
Привет, после обеда нужно обсудить заявку.;normal
Иван проверил актуальный отчёт.;normal
Мария уточнил новый отчёт.;normal
Привет, вечером нужно обсудить заявку.;normal
Привет, вечером нужно обсудить документ.;normal
Привет, на этой неделе нужно обсудить лекцию.;normal
Анна подготовил предварительный документ.;normal
Привет, сегодня нужно обсудить проект.;normal
Привет, вечером нужно обсудить семинар.;normal
Привет, сегодня нужно обсудить материалы.;normal
Иван добавил рабочий созвон.;normal
Привет, послезавтра нужно обсудить заметку.;normal
Привет, завтра нужно обсудить конспект.;normal
Мария исправил последний таблицу.;normal
Привет, послезавтра нужно обсудить архив.;normal
Привет, послезавтра нужно обсудить смету.;normal
Привет, послезавтра нужно обсудить инструкцию.;normal
Привет, до конца дня нужно обсудить встречу.;normal
Привет, на этой неделе нужно обсудить версию.;normal
Анна добавил новый отчёт.;normal
Привет, утром нужно обсудить проект.;normal
Алексей добавил короткий отчёт.;normal
Привет, утром нужно обсудить версию.;normal
Иван посмотрел подробный созвон.;normal
Мария перенёс короткий созвон.;normal
Привет, днём нужно обсудить таблицу.;normal
Привет, завтра нужно обсудить расписание.;normal
Алексей обновил актуальный таблицу.;normal
Анна исправил подробный таблицу.;normal
Алексей проверил актуальный документ.;normal
Привет, вечером нужно обсудить версию.;normal
Мария добавил исправленный документ.;normal
Анна обновил последний встречу.;normal
Привет, после пары нужно обсудить лекцию.;normal
Мария подготовил подробный таблицу.;normal
Анна перенёс актуальный документ.;normal
Анна перенёс рабочий отчёт.;normal
Привет, после пары нужно обсудить смету.;normal
Скинь потом фото с поездки Потом расскажи впечатления.;normal
Как прошел твой день? Если хочешь, могу подробнее рассказать.;normal
Пойдем вечером гулять? ;normal
На уроке потренируем устную часть Потом расскажи впечатления.;normal
Мне понравился этот фильм Если хочешь, могу подробнее рассказать.;normal
Сегодня хорошо получилось решить задачи Если хочешь, могу подробнее рассказать.;normal
На следующем занятии разберем дроби ;normal
Спасибо за помощь вчера Спасибо!;normal
Для своей цены телефон нормальный Потом расскажи впечатления.;normal
Сегодня наконец-то выспался Если хочешь, могу подробнее рассказать.;normal
На следующем занятии разберем дроби Потом расскажи впечатления.;normal
Батарея держится долго ;normal
Попробуй повторить формулы еще раз Если хочешь, могу подробнее рассказать.;normal
Домашнее задание можешь отправить вечером Потом расскажи впечатления.;normal
Домашнее задание можешь отправить вечером ;normal
Я уже дома, можешь звонить;normal
Ты уже поел? Я тоже так считаю.;normal
Я уже дома, можешь звонить Потом расскажи впечатления.;normal
Попробуй повторить формулы еще раз ;normal
Кофе оказался вкуснее, чем ожидал Я тоже так считаю.;normal
Доставка пришла вовремя Если хочешь, могу подробнее рассказать.;normal
Мне кажется, эта модель лучше предыдущей Если хочешь, могу подробнее рассказать.;normal
Мне понравился этот фильм Я тоже так считаю.;normal
Ты стал быстрее решать примеры ;normal
Доставка пришла вовремя;normal
Сегодня хорошо получилось решить задачи ;normal
Доставка пришла вовремя Если хочешь, могу подробнее рассказать.;normal
Следующее занятие оставляем на то же время ;normal
Для своей цены телефон нормальный Я тоже так считаю.;normal
Мне кажется, эта модель лучше предыдущей Спасибо!;normal
Домашнее задание можешь отправить вечером Спасибо!;normal
Спасибо за помощь вчера Я тоже так считаю.;normal
Я брал эти наушники, звук хороший Если хочешь, могу подробнее рассказать.;normal
Сегодня хорошо получилось решить задачи Потом расскажи впечатления.;normal
Я уже дома, можешь звонить Потом расскажи впечатления.;normal
Мне кажется, эта модель лучше предыдущей ;normal
Не забудь повторить тему перед занятием Если хочешь, могу подробнее рассказать.;normal
Скинь потом фото с поездки ;normal
Не забудь повторить тему перед занятием;normal
Не забудь повторить тему перед занятием;normal
Ты стал быстрее решать примеры ;normal
Спасибо за помощь вчера Я тоже так считаю.;normal
Мне понравился этот фильм Спасибо!;normal
Мне понравился этот фильм Потом расскажи впечатления.;normal
Пойдем вечером гулять? ;normal
Скинь потом фото с поездки ;normal
Я брал эти наушники, звук хороший Спасибо!;normal
Если будут вопросы — пиши;normal
Я брал эти наушники, звук хороший Потом расскажи впечатления.;normal
Следующее занятие оставляем на то же время Если хочешь, могу подробнее рассказать.;normal
У этого рюкзака удобные карманы Потом расскажи впечатления.;normal
Как прошел твой день? Спасибо!;normal
Этот ноутбук оказался удобным для работы Если хочешь, могу подробнее рассказать.;normal
Мне понравился этот фильм Спасибо!;normal
Ты стал быстрее решать примеры;normal
Если будут вопросы — пиши ;normal
Я подготовил дополнительные упражнения Если хочешь, могу подробнее рассказать.;normal
Я подготовил дополнительные упражнения Спасибо!;normal
Я подготовил дополнительные упражнения Если хочешь, могу подробнее рассказать.;normal
Скинь потом фото с поездки;normal
Этот ноутбук оказался удобным для работы Я тоже так считаю.;normal
Как прошел твой день? Спасибо!;normal
Ты стал быстрее решать примеры ;normal
Как прошел твой день? Я тоже так считаю.;normal
Не забудь повторить тему перед занятием ;normal
Я подготовил дополнительные упражнения ;normal
Сегодня хорошо получилось решить задачи Если хочешь, могу подробнее рассказать.;normal
Ты стал быстрее решать примеры ;normal
Скинь потом фото с поездки Я тоже так считаю.;normal
Я брал эти наушники, звук хороший Потом расскажи впечатления.;normal
Мне понравился этот фильм Если хочешь, могу подробнее рассказать.;normal
Мне кажется, эта модель лучше предыдущей Спасибо!;normal
Сегодня на улице очень тепло ;normal
Попробуй повторить формулы еще раз;normal
Для своей цены телефон нормальный Если хочешь, могу подробнее рассказать.;normal
Скинь потом фото с поездки Спасибо!;normal
Я брал эти наушники, звук хороший Потом расскажи впечатления.;normal
Пойдем вечером гулять? Я тоже так считаю.;normal
Доставка пришла вовремя ;normal
Сегодня наконец-то выспался ;normal
Мне кажется, эта модель лучше предыдущей Потом расскажи впечатления.;normal
Для своей цены телефон нормальный;normal
Сегодня наконец-то выспался;normal
Я брал эти наушники, звук хороший Я тоже так считаю.;normal
Если будут вопросы — пиши Спасибо!;normal
У этого рюкзака удобные карманы ;normal
Мне не очень понравилось качество сборки Потом расскажи впечатления.;normal
Сегодня наконец-то выспался Спасибо!;normal
Мне понравился этот фильм ;normal
Если будут вопросы — пиши;normal
Сегодня наконец-то выспался;normal
На следующем занятии разберем дроби ;normal
На следующем занятии разберем дроби Если хочешь, могу подробнее рассказать.;normal
Давай встретимся на выходных ;normal
Для своей цены телефон нормальный;normal
Для своей цены телефон нормальный;normal
Если будут вопросы — пиши Потом расскажи впечатления.;normal
Следующее занятие оставляем на то же время Потом расскажи впечатления.;normal
Домашнее задание можешь отправить вечером ;normal
Кофе оказался вкуснее, чем ожидал;normal
Мне понравился этот фильм Спасибо!;normal
Этот ноутбук оказался удобным для работы ;normal
На следующем занятии разберем дроби Я тоже так считаю.;normal
Мне кажется, эта модель лучше предыдущей ;normal
Этот ноутбук оказался удобным для работы Потом расскажи впечатления.;normal
Этот ноутбук оказался удобным для работы Спасибо!;normal
Для своей цены телефон нормальный Потом расскажи впечатления.;normal
Ты уже поел? Если хочешь, могу подробнее рассказать.;normal
На следующем занятии разберем дроби ;normal
Сегодня хорошо получилось решить задачи ;normal
Мне кажется, эта модель лучше предыдущей Если хочешь, могу подробнее рассказать.;normal
Следующее занятие оставляем на то же время Спасибо!;normal
Мне кажется, эта модель лучше предыдущей Потом расскажи впечатления.;normal
Для своей цены телефон нормальный ;normal
На следующем занятии разберем дроби Потом расскажи впечатления.;normal
Я подготовил дополнительные упражнения ;normal
Если будут вопросы — пиши Я тоже так считаю.;normal
Батарея держится долго Потом расскажи впечатления.;normal
Я брал эти наушники, звук хороший Я тоже так считаю.;normal
Этот ноутбук оказался удобным для работы Если хочешь, могу подробнее рассказать.;normal
Мне не очень понравилось качество сборки Потом расскажи впечатления.;normal
Как прошел твой день? ;normal
Если будут вопросы — пиши ;normal
Ты стал быстрее решать примеры Если хочешь, могу подробнее рассказать.;normal
Если будут вопросы — пиши Потом расскажи впечатления.;normal
У этого рюкзака удобные карманы Если хочешь, могу подробнее рассказать.;normal
На следующем занятии разберем дроби Потом расскажи впечатления.;normal
Я брал эти наушники, звук хороший Потом расскажи впечатления.;normal
Для своей цены телефон нормальный ;normal
Батарея держится долго Потом расскажи впечатления.;normal
Не забудь повторить тему перед занятием Если хочешь, могу подробнее рассказать.;normal
Сегодня на улице очень тепло Потом расскажи впечатления.;normal
Мне понравился этот фильм;normal
Ты уже поел? Спасибо!;normal
Ты стал быстрее решать примеры;normal
Этот ноутбук оказался удобным для работы Если хочешь, могу подробнее рассказать.;normal
Мне не очень понравилось качество сборки Если хочешь, могу подробнее рассказать.;normal
Если будут вопросы — пиши;normal
Мне кажется, эта модель лучше предыдущей;normal
Доставка пришла вовремя Потом расскажи впечатления.;normal
Ты стал быстрее решать примеры Спасибо!;normal
Как прошел твой день?;normal
Я брал эти наушники, звук хороший Если хочешь, могу подробнее рассказать.;normal
Ты стал быстрее решать примеры;normal
Мне понравился этот фильм ;normal
Мне кажется, эта модель лучше предыдущей ;normal
На уроке потренируем устную часть ;normal
Попробуй повторить формулы еще раз Спасибо!;normal
Доставка пришла вовремя ;normal
Я подготовил дополнительные упражнения ;normal
Сегодня наконец-то выспался Если хочешь, могу подробнее рассказать.;normal
Для своей цены телефон нормальный ;normal
Следующее занятие оставляем на то же время Потом расскажи впечатления.;normal
Я уже дома, можешь звонить;normal
Сегодня хорошо получилось решить задачи Я тоже так считаю.;normal
Ты стал быстрее решать примеры Потом расскажи впечатления.;normal
Планшет работает без зависаний Если хочешь, могу подробнее рассказать.;normal
Доставка пришла вовремя ;normal
Ты стал быстрее решать примеры;normal
Мне не очень понравилось качество сборки ;normal
Попробуй повторить формулы еще раз;normal
Скинь потом фото с поездки ;normal
Скинь потом фото с поездки Спасибо!;normal
Следующее занятие оставляем на то же время Если хочешь, могу подробнее рассказать.;normal
Я брал эти наушники, звук хороший Спасибо!;normal
У этого рюкзака удобные карманы Если хочешь, могу подробнее рассказать.;normal
Кофе оказался вкуснее, чем ожидал Если хочешь, могу подробнее рассказать.;normal
Давай встретимся на выходных;normal
Следующее занятие оставляем на то же время Потом расскажи впечатления.;normal
Я подготовил дополнительные упражнения ;normal
Ты уже поел? ;normal
Попробуй повторить формулы еще раз Спасибо!;normal
Сегодня на улице очень тепло ;normal
Давай встретимся на выходных ;normal
На следующем занятии разберем дроби Я тоже так считаю.;normal
Сегодня хорошо получилось решить задачи ;normal
На уроке потренируем устную часть Если хочешь, могу подробнее рассказать.;normal
Я брал эти наушники, звук хороший ;normal
Я подготовил дополнительные упражнения Я тоже так считаю.;normal
Я уже дома, можешь звонить Я тоже так считаю.;normal
Мне кажется, эта модель лучше предыдущей Если хочешь, могу подробнее рассказать.;normal
Скинь потом фото с поездки ;normal
Пойдем вечером гулять? ;normal
На следующем занятии разберем дроби Если хочешь, могу подробнее рассказать.;normal
Как прошел твой день? Если хочешь, могу подробнее рассказать.;normal
Если будут вопросы — пиши ;normal
Как прошел твой день? Спасибо!;normal
Я брал эти наушники, звук хороший;normal
Ты стал быстрее решать примеры Спасибо!;normal
Я брал эти наушники, звук хороший Потом расскажи впечатления.;normal
Если будут вопросы — пиши Я тоже так считаю.;normal
Домашнее задание можешь отправить вечером Спасибо!;normal
Скинь потом фото с поездки Потом расскажи впечатления.;normal
Попробуй повторить формулы еще раз Я тоже так считаю.;normal
Давай встретимся на выходных Спасибо!;normal
Этот ноутбук оказался удобным для работы ;normal
Как прошел твой день? ;normal
Сегодня на улице очень тепло Я тоже так считаю.;normal
Ты уже поел? Спасибо!;normal
Для своей цены телефон нормальный ;normal
Ты уже поел? Спасибо!;normal
Сегодня на улице очень тепло Если хочешь, могу подробнее рассказать.;normal
Планшет работает без зависаний ;normal
Ты уже поел?;normal
Следующее занятие оставляем на то же время ;normal
Кофе оказался вкуснее, чем ожидал Если хочешь, могу подробнее рассказать.;normal
Давай встретимся на выходных Если хочешь, могу подробнее рассказать.;normal
Не забудь повторить тему перед занятием Я тоже так считаю.;normal
Спасибо за помощь вчера Потом расскажи впечатления.;normal
Ты уже поел? ;normal
Планшет работает без зависаний Потом расскажи впечатления.;normal
Я брал эти наушники, звук хороший Спасибо!;normal
Мне не очень понравилось качество сборки;normal
Домашнее задание можешь отправить вечером Если хочешь, могу подробнее рассказать.;normal
Мне не очень понравилось качество сборки Я тоже так считаю.;normal
Давай встретимся на выходных Потом расскажи впечатления.;normal
Этот ноутбук оказался удобным для работы ;normal
Я подготовил дополнительные упражнения Я тоже так считаю.;normal
На следующем занятии разберем дроби ;normal
Я уже дома, можешь звонить ;normal
На уроке потренируем устную часть Если хочешь, могу подробнее рассказать.;normal
На уроке потренируем устную часть Потом расскажи впечатления.;normal
На следующем занятии разберем дроби ;normal
Скинь потом фото с поездки Если хочешь, могу подробнее рассказать.;normal
У этого рюкзака удобные карманы;normal
Домашнее задание можешь отправить вечером Я тоже так считаю.;normal
Сегодня хорошо получилось решить задачи Я тоже так считаю.;normal
Кофе оказался вкуснее, чем ожидал;normal
На уроке потренируем устную часть Потом расскажи впечатления.;normal
Я подготовил дополнительные упражнения ;normal
Мне кажется, эта модель лучше предыдущей ;normal
Мне не очень понравилось качество сборки Потом расскажи впечатления.;normal
Я уже дома, можешь звонить Потом расскажи впечатления.;normal
Попробуй повторить формулы еще раз ;normal
Мне кажется, эта модель лучше предыдущей;normal
Пойдем вечером гулять? Потом расскажи впечатления.;normal
Скинь потом фото с поездки ;normal
Следующее занятие оставляем на то же время Потом расскажи впечатления.;normal
Этот ноутбук оказался удобным для работы ;normal
Скинь потом фото с поездки Я тоже так считаю.;normal
Ты уже поел?;normal
Кофе оказался вкуснее, чем ожидал Если хочешь, могу подробнее рассказать.;normal
Я уже дома, можешь звонить Спасибо!;normal
Пойдем вечером гулять? Я тоже так считаю.;normal
Этот ноутбук оказался удобным для работы Я тоже так считаю.;normal
Сегодня наконец-то выспался Спасибо!;normal
Скинь потом фото с поездки Я тоже так считаю.;normal
Следующее занятие оставляем на то же время Спасибо!;normal
Пойдем вечером гулять? ;normal
У этого рюкзака удобные карманы;normal
Давай встретимся на выходных Я тоже так считаю.;normal
Если будут вопросы — пиши Я тоже так считаю.;normal
Если будут вопросы — пиши ;normal
Давай встретимся на выходных;normal
Сегодня наконец-то выспался;normal
Следующее занятие оставляем на то же время;normal
Следующее занятие оставляем на то же время Я тоже так считаю.;normal
Давай встретимся на выходных;normal
Попробуй повторить формулы еще раз Я тоже так считаю.;normal
Ты уже поел? ;normal
Пойдем вечером гулять? ;normal
Сегодня наконец-то выспался Потом расскажи впечатления.;normal
Домашнее задание можешь отправить вечером ;normal
Давай встретимся на выходных ;normal
Не забудь повторить тему перед занятием ;normal
Ты стал быстрее решать примеры ;normal
Скинь потом фото с поездки ;normal
Сегодня хорошо получилось решить задачи Потом расскажи впечатления.;normal
Домашнее задание можешь отправить вечером Я тоже так считаю.;normal
Если будут вопросы — пиши ;normal
Домашнее задание можешь отправить вечером ;normal
На следующем занятии разберем дроби Спасибо!;normal
Батарея держится долго ;normal
Планшет работает без зависаний Я тоже так считаю.;normal
Домашнее задание можешь отправить вечером Потом расскажи впечатления.;normal
Для своей цены телефон нормальный Я тоже так считаю.;normal
Как прошел твой день? ;normal
Сегодня наконец-то выспался ;normal
Если будут вопросы — пиши Если хочешь, могу подробнее рассказать.;normal
Доставка пришла вовремя ;normal
На следующем занятии разберем дроби Если хочешь, могу подробнее рассказать.;normal
Сегодня наконец-то выспался ;normal
У этого рюкзака удобные карманы Потом расскажи впечатления.;normal
Ты стал быстрее решать примеры Я тоже так считаю.;normal
Мне не очень понравилось качество сборки Спасибо!;normal
Доставка пришла вовремя Если хочешь, могу подробнее рассказать.;normal
Мне не очень понравилось качество сборки Я тоже так считаю.;normal
Следующее занятие оставляем на то же время Я тоже так считаю.;normal
Мне понравился этот фильм Если хочешь, могу подробнее рассказать.;normal
У этого рюкзака удобные карманы ;normal
Я уже дома, можешь звонить;normal
Сегодня наконец-то выспался Потом расскажи впечатления.;normal
На следующем занятии разберем дроби ;normal
Доставка пришла вовремя Я тоже так считаю.;normal
Кофе оказался вкуснее, чем ожидал;normal
Батарея держится долго Я тоже так считаю.;normal
Попробуй повторить формулы еще раз ;normal
Следующее занятие оставляем на то же время Если хочешь, могу подробнее рассказать.;normal
Сегодня наконец-то выспался Если хочешь, могу подробнее рассказать.;normal
Сегодня хорошо получилось решить задачи Потом расскажи впечатления.;normal
Не забудь повторить тему перед занятием Если хочешь, могу подробнее рассказать.;normal
Я подготовил дополнительные упражнения;normal
Попробуй повторить формулы еще раз Потом расскажи впечатления.;normal
Не забудь повторить тему перед занятием ;normal
У этого рюкзака удобные карманы;normal
Мне кажется, эта модель лучше предыдущей ;normal
Спасибо за помощь вчера ;normal
Ты стал быстрее решать примеры Потом расскажи впечатления.;normal
Попробуй повторить формулы еще раз;normal
Мне понравился этот фильм Если хочешь, могу подробнее рассказать.;normal
Попробуй повторить формулы еще раз Я тоже так считаю.;normal
Пойдем вечером гулять? ;normal
Для своей цены телефон нормальный Если хочешь, могу подробнее рассказать.;normal
На уроке потренируем устную часть;normal
Если будут вопросы — пиши Потом расскажи впечатления.;normal
Сегодня наконец-то выспался Я тоже так считаю.;normal
Я уже дома, можешь звонить ;normal
Кофе оказался вкуснее, чем ожидал ;normal
Ты стал быстрее решать примеры;normal
Мне кажется, эта модель лучше предыдущей Если хочешь, могу подробнее рассказать.;normal
На уроке потренируем устную часть Я тоже так считаю.;normal
Давай встретимся на выходных ;normal
Я подготовил дополнительные упражнения Спасибо!;normal
Я уже дома, можешь звонить Если хочешь, могу подробнее рассказать.;normal
Батарея держится долго Я тоже так считаю.;normal
Батарея держится долго Я тоже так считаю.;normal
Доставка пришла вовремя Спасибо!;normal
Сегодня хорошо получилось решить задачи ;normal
Я уже дома, можешь звонить ;normal
На уроке потренируем устную часть Я тоже так считаю.;normal
Как прошел твой день? Если хочешь, могу подробнее рассказать.;normal
Доставка пришла вовремя Потом расскажи впечатления.;normal
Сегодня хорошо получилось решить задачи Я тоже так считаю.;normal
Я подготовил дополнительные упражнения Спасибо!;normal
На уроке потренируем устную часть ;normal
Не забудь повторить тему перед занятием Потом расскажи впечатления.;normal
Попробуй повторить формулы еще раз Спасибо!;normal
Сегодня на улице очень тепло ;normal
Пойдем вечером гулять?;normal
Мне не очень понравилось качество сборки Если хочешь, могу подробнее рассказать.;normal
Я уже дома, можешь звонить Спасибо!;normal
Сегодня хорошо получилось решить задачи Я тоже так считаю.;normal
Ты стал быстрее решать примеры;normal
Батарея держится долго Я тоже так считаю.;normal
Я брал эти наушники, звук хороший Если хочешь, могу подробнее рассказать.;normal
Я брал эти наушники, звук хороший;normal
Кофе оказался вкуснее, чем ожидал Спасибо!;normal
Скинь потом фото с поездки ;normal
Пойдем вечером гулять? Спасибо!;normal
Пойдем вечером гулять?;normal
Мне понравился этот фильм Если хочешь, могу подробнее рассказать.;normal
Давай встретимся на выходных Спасибо!;normal
Я уже дома, можешь звонить Спасибо!;normal
Спасибо за помощь вчера Я тоже так считаю.;normal
Мне кажется, эта модель лучше предыдущей ;normal
Следующее занятие оставляем на то же время Спасибо!;normal
Следующее занятие оставляем на то же время ;normal
Попробуй повторить формулы еще раз Если хочешь, могу подробнее рассказать.;normal
Ты стал быстрее решать примеры;normal
Я уже дома, можешь звонить Я тоже так считаю.;normal
Сегодня на улице очень тепло;normal
Домашнее задание можешь отправить вечером Потом расскажи впечатления.;normal
Мне понравился этот фильм ;normal
Я уже дома, можешь звонить ;normal
Давай встретимся на выходных ;normal
Я брал эти наушники, звук хороший Я тоже так считаю.;normal
Мне не очень понравилось качество сборки ;normal
Мне понравился этот фильм Я тоже так считаю.;normal
Ты уже поел? Я тоже так считаю.;normal
Если будут вопросы — пиши ;normal
Я подготовил дополнительные упражнения Потом расскажи впечатления.;normal
Как прошел твой день? Я тоже так считаю.;normal
На следующем занятии разберем дроби Спасибо!;normal
Планшет работает без зависаний;normal
На следующем занятии разберем дроби Если хочешь, могу подробнее рассказать.;normal
Я подготовил дополнительные упражнения ;normal
У этого рюкзака удобные карманы Я тоже так считаю.;normal
Если будут вопросы — пиши;normal
Мне не очень понравилось качество сборки ;normal
Доставка пришла вовремя;normal
Мне понравился этот фильм Спасибо!;normal
Сегодня на улице очень тепло ;normal
Я брал эти наушники, звук хороший ;normal
Мне кажется, эта модель лучше предыдущей Если хочешь, могу подробнее рассказать.;normal
Планшет работает без зависаний Потом расскажи впечатления.;normal
Домашнее задание можешь отправить вечером Я тоже так считаю.;normal
Мне кажется, эта модель лучше предыдущей ;normal
Мне кажется, эта модель лучше предыдущей;normal
Скинь потом фото с поездки Я тоже так считаю.;normal
Попробуй повторить формулы еще раз;normal
Спасибо за помощь вчера Спасибо!;normal
Давай встретимся на выходных Спасибо!;normal
На следующем занятии разберем дроби Я тоже так считаю.;normal
Сегодня наконец-то выспался;normal
Мне кажется, эта модель лучше предыдущей Если хочешь, могу подробнее рассказать.;normal
Попробуй повторить формулы еще раз ;normal
Ты стал быстрее решать примеры ;normal
Давай встретимся на выходных ;normal
Следующее занятие оставляем на то же время Если хочешь, могу подробнее рассказать.;normal
Сегодня наконец-то выспался ;normal
Доставка пришла вовремя Потом расскажи впечатления.;normal
Спасибо за помощь вчера Если хочешь, могу подробнее рассказать.;normal
Сегодня на улице очень тепло Я тоже так считаю.;normal
Домашнее задание можешь отправить вечером Если хочешь, могу подробнее рассказать.;normal
Я подготовил дополнительные упражнения Спасибо!;normal
Мне не очень понравилось качество сборки Если хочешь, могу подробнее рассказать.;normal
У этого рюкзака удобные карманы;normal
Если будут вопросы — пиши Потом расскажи впечатления.;normal
Кофе оказался вкуснее, чем ожидал;normal
Мне кажется, эта модель лучше предыдущей Спасибо!;normal
Ты стал быстрее решать примеры ;normal
Скинь потом фото с поездки Если хочешь, могу подробнее рассказать.;normal
Следующее занятие оставляем на то же время Я тоже так считаю.;normal
Этот ноутбук оказался удобным для работы Потом расскажи впечатления.;normal
Не забудь повторить тему перед занятием;normal
Не забудь повторить тему перед занятием Потом расскажи впечатления.;normal
Сегодня на улице очень тепло;normal
На уроке потренируем устную часть ;normal
На следующем занятии разберем дроби Я тоже так считаю.;normal
Доставка пришла вовремя Если хочешь, могу подробнее рассказать.;normal
Давай встретимся на выходных ;normal
Не забудь повторить тему перед занятием Я тоже так считаю.;normal
Доставка пришла вовремя Если хочешь, могу подробнее рассказать.;normal
Спасибо за помощь вчера Если хочешь, могу подробнее рассказать.;normal
Этот ноутбук оказался удобным для работы;normal
На следующем занятии разберем дроби;normal
Батарея держится долго ;normal
Мне не очень понравилось качество сборки Я тоже так считаю.;normal
Для своей цены телефон нормальный;normal
Не забудь повторить тему перед занятием Спасибо!;normal
На следующем занятии разберем дроби;normal
На уроке потренируем устную часть Если хочешь, могу подробнее рассказать.;normal
Сегодня хорошо получилось решить задачи ;normal
Сегодня на улице очень тепло;normal
Попробуй повторить формулы еще раз Потом расскажи впечатления.;normal
Домашнее задание можешь отправить вечером Если хочешь, могу подробнее рассказать.;normal
Планшет работает без зависаний Спасибо!;normal
Если будут вопросы — пиши;normal
Сегодня на улице очень тепло Спасибо!;normal
Я подготовил дополнительные упражнения Если хочешь, могу подробнее рассказать.;normal
У этого рюкзака удобные карманы ;normal
На следующем занятии разберем дроби Спасибо!;normal
Как прошел твой день? Потом расскажи впечатления.;normal
Спасибо за помощь вчера Я тоже так считаю.;normal
У этого рюкзака удобные карманы;normal
Сегодня хорошо получилось решить задачи ;normal
Пойдем вечером гулять? Потом расскажи впечатления.;normal
Ты уже поел? Я тоже так считаю.;normal
Доставка пришла вовремя ;normal
Батарея держится долго ;normal
Мне понравился этот фильм ;normal
Ты уже поел?;normal
Домашнее задание можешь отправить вечером Спасибо!;normal
Спасибо за помощь вчера Я тоже так считаю.;normal
Этот ноутбук оказался удобным для работы ;normal
Мне кажется, эта модель лучше предыдущей Потом расскажи впечатления.;normal
Планшет работает без зависаний;normal
Спасибо за помощь вчера Я тоже так считаю.;normal
Мне кажется, эта модель лучше предыдущей ;normal
Этот ноутбук оказался удобным для работы ;normal
Если будут вопросы — пиши Я тоже так считаю.;normal
Кофе оказался вкуснее, чем ожидал Я тоже так считаю.;normal
Сегодня хорошо получилось решить задачи Если хочешь, могу подробнее рассказать.;normal
Попробуй повторить формулы еще раз ;normal
На уроке потренируем устную часть Я тоже так считаю.;normal
Не забудь повторить тему перед занятием;normal
Ты уже поел? Если хочешь, могу подробнее рассказать.;normal
Мне понравился этот фильм ;normal
Сегодня хорошо получилось решить задачи ;normal
Сегодня хорошо получилось решить задачи ;normal
Доставка пришла вовремя ;normal
Мне не очень понравилось качество сборки ;normal
Для своей цены телефон нормальный ;normal
У этого рюкзака удобные карманы Я тоже так считаю.;normal
Доставка пришла вовремя Спасибо!;normal
Сегодня наконец-то выспался Спасибо!;normal
Кофе оказался вкуснее, чем ожидал ;normal
Батарея держится долго ;normal
Для своей цены телефон нормальный ;normal
Пойдем вечером гулять? Потом расскажи впечатления.;normal
Этот ноутбук оказался удобным для работы Спасибо!;normal
Следующее занятие оставляем на то же время Я тоже так считаю.;normal
Давай встретимся на выходных ;normal
На уроке потренируем устную часть Спасибо!;normal
Сегодня на улице очень тепло;normal
Пойдем вечером гулять? Я тоже так считаю.;normal
На уроке потренируем устную часть Если хочешь, могу подробнее рассказать.;normal
Спасибо за помощь вчера;normal
Не забудь повторить тему перед занятием;normal
Сегодня наконец-то выспался Я тоже так считаю.;normal
Ты уже поел?;normal
Я брал эти наушники, звук хороший Спасибо!;normal
Для своей цены телефон нормальный Потом расскажи впечатления.;normal
Я уже дома, можешь звонить;normal
На уроке потренируем устную часть Потом расскажи впечатления.;normal
Я брал эти наушники, звук хороший Потом расскажи впечатления.;normal
Я подготовил дополнительные упражнения Я тоже так считаю.;normal
Не забудь повторить тему перед занятием Спасибо!;normal
На уроке потренируем устную часть Потом расскажи впечатления.;normal
Батарея держится долго Спасибо!;normal
Следующее занятие оставляем на то же время ;normal
Мне не очень понравилось качество сборки Потом расскажи впечатления.;normal
Ты стал быстрее решать примеры ;normal
Сегодня наконец-то выспался Если хочешь, могу подробнее рассказать.;normal
На следующем занятии разберем дроби Спасибо!;normal
Мне кажется, эта модель лучше предыдущей Я тоже так считаю.;normal
Батарея держится долго;normal
Этот ноутбук оказался удобным для работы;normal
Как прошел твой день?;normal
Попробуй повторить формулы еще раз ;normal
На следующем занятии разберем дроби Если хочешь, могу подробнее рассказать.;normal
Не забудь повторить тему перед занятием ;normal
Мне понравился этот фильм ;normal
Для своей цены телефон нормальный Если хочешь, могу подробнее рассказать.;normal
Этот ноутбук оказался удобным для работы ;normal
Я уже дома, можешь звонить Если хочешь, могу подробнее рассказать.;normal
Мне кажется, эта модель лучше предыдущей ;normal
Я уже дома, можешь звонить ;normal
Я подготовил дополнительные упражнения;normal
Ты стал быстрее решать примеры Спасибо!;normal
Мне понравился этот фильм Спасибо!;normal
Если будут вопросы — пиши Потом расскажи впечатления.;normal
Для своей цены телефон нормальный;normal
Не забудь повторить тему перед занятием Я тоже так считаю.;normal
Как прошел твой день? Спасибо!;normal
Спасибо за помощь вчера Если хочешь, могу подробнее рассказать.;normal
Мне понравился этот фильм Потом расскажи впечатления.;normal
Я уже дома, можешь звонить ;normal
Если будут вопросы — пиши Потом расскажи впечатления.;normal
Планшет работает без зависаний Спасибо!;normal
Мне понравился этот фильм Я тоже так считаю.;normal
На следующем занятии разберем дроби ;normal
Если будут вопросы — пиши Я тоже так считаю.;normal
Сегодня хорошо получилось решить задачи ;normal
У этого рюкзака удобные карманы Спасибо!;normal
Сегодня на улице очень тепло;normal
Сегодня наконец-то выспался ;normal
Следующее занятие оставляем на то же время;normal
У этого рюкзака удобные карманы ;normal
Следующее занятие оставляем на то же время ;normal
Доставка пришла вовремя Если хочешь, могу подробнее рассказать.;normal
Сегодня на улице очень тепло ;normal
Скинь потом фото с поездки Спасибо!;normal
Кофе оказался вкуснее, чем ожидал Спасибо!;normal
Не забудь повторить тему перед занятием Потом расскажи впечатления.;normal
Мне кажется, эта модель лучше предыдущей Я тоже так считаю.;normal
Для своей цены телефон нормальный Потом расскажи впечатления.;normal
Сегодня на улице очень тепло Я тоже так считаю.;normal
Если будут вопросы — пиши;normal
Как прошел твой день? Потом расскажи впечатления.;normal
Давай встретимся на выходных Если хочешь, могу подробнее рассказать.;normal
Мне кажется, эта модель лучше предыдущей ;normal
На уроке потренируем устную часть ;normal
Мне понравился этот фильм ;normal
Мне не очень понравилось качество сборки ;normal
Ты стал быстрее решать примеры;normal
Для своей цены телефон нормальный ;normal
Следующее занятие оставляем на то же время;normal
Пойдем вечером гулять? Потом расскажи впечатления.;normal
Планшет работает без зависаний Потом расскажи впечатления.;normal
Сегодня на улице очень тепло Я тоже так считаю.;normal
Домашнее задание можешь отправить вечером ;normal
Ты уже поел? Я тоже так считаю.;normal
Не забудь повторить тему перед занятием ;normal
Я уже дома, можешь звонить ;normal
Домашнее задание можешь отправить вечером;normal
Планшет работает без зависаний;normal
Ты уже поел? Я тоже так считаю.;normal
Давай встретимся на выходных Если хочешь, могу подробнее рассказать.;normal
Я брал эти наушники, звук хороший ;normal
Не забудь повторить тему перед занятием;normal
Доставка пришла вовремя;normal
Я уже дома, можешь звонить ;normal
Мне понравился этот фильм Если хочешь, могу подробнее рассказать.;normal
Давай встретимся на выходных Я тоже так считаю.;normal
Мне понравился этот фильм Если хочешь, могу подробнее рассказать.;normal
Давай встретимся на выходных ;normal
Следующее занятие оставляем на то же время Если хочешь, могу подробнее рассказать.;normal
Мне понравился этот фильм Спасибо!;normal
Я брал эти наушники, звук хороший Спасибо!;normal
Планшет работает без зависаний ;normal
Ты уже поел? ;normal
Я уже дома, можешь звонить ;normal
Давай встретимся на выходных Я тоже так считаю.;normal
Батарея держится долго Потом расскажи впечатления.;normal
Давай встретимся на выходных Если хочешь, могу подробнее рассказать.;normal
Я уже дома, можешь звонить Я тоже так считаю.;normal
Попробуй повторить формулы еще раз ;normal
Следующее занятие оставляем на то же время ;normal
Ты стал быстрее решать примеры Если хочешь, могу подробнее рассказать.;normal
Батарея держится долго ;normal
Планшет работает без зависаний;normal
Мне кажется, эта модель лучше предыдущей Я тоже так считаю.;normal
Ты стал быстрее решать примеры Я тоже так считаю.;normal
Сегодня на улице очень тепло Потом расскажи впечатления.;normal
Как прошел твой день? ;normal
Мне понравился этот фильм Спасибо!;normal
Мне не очень понравилось качество сборки Спасибо!;normal
Для своей цены телефон нормальный ;normal
Не забудь повторить тему перед занятием Я тоже так считаю.;normal
Для своей цены телефон нормальный Спасибо!;normal
У этого рюкзака удобные карманы Потом расскажи впечатления.;normal
Я уже дома, можешь звонить ;normal
Я брал эти наушники, звук хороший;normal
Кофе оказался вкуснее, чем ожидал Спасибо!;normal
Сегодня на улице очень тепло;normal
Как прошел твой день? Я тоже так считаю.;normal
Мне не очень понравилось качество сборки ;normal
Ты стал быстрее решать примеры ;normal
Как прошел твой день? Если хочешь, могу подробнее рассказать.;normal
Как прошел твой день? Спасибо!;normal
Мне не очень понравилось качество сборки Потом расскажи впечатления.;normal
Спасибо за помощь вчера ;normal
Мне не очень понравилось качество сборки Потом расскажи впечатления.;normal
Сегодня на улице очень тепло Если хочешь, могу подробнее рассказать.;normal
Давай встретимся на выходных Спасибо!;normal
Давай встретимся на выходных Спасибо!;normal
Сегодня на улице очень тепло Если хочешь, могу подробнее рассказать.;normal
Я уже дома, можешь звонить Если хочешь, могу подробнее рассказать.;normal
Скинь потом фото с поездки Потом расскажи впечатления.;normal
Мне кажется, эта модель лучше предыдущей ;normal
Батарея держится долго Спасибо!;normal
Сегодня на улице очень тепло Спасибо!;normal
Сегодня хорошо получилось решить задачи ;normal
Мне понравился этот фильм ;normal
На уроке потренируем устную часть Я тоже так считаю.;normal
Не забудь повторить тему перед занятием Спасибо!;normal
Сегодня наконец-то выспался Я тоже так считаю.;normal
Доставка пришла вовремя ;normal
Ты стал быстрее решать примеры Потом расскажи впечатления.;normal
У этого рюкзака удобные карманы Спасибо!;normal
Кофе оказался вкуснее, чем ожидал;normal
Не забудь повторить тему перед занятием ;normal
Сегодня на улице очень тепло ;normal
Давай встретимся на выходных ;normal
Этот ноутбук оказался удобным для работы Если хочешь, могу подробнее рассказать.;normal
Для своей цены телефон нормальный ;normal
Кофе оказался вкуснее, чем ожидал Спасибо!;normal
Я брал эти наушники, звук хороший ;normal
Планшет работает без зависаний Спасибо!;normal
Планшет работает без зависаний Я тоже так считаю.;normal
Как прошел твой день? Я тоже так считаю.;normal
Как прошел твой день? Если хочешь, могу подробнее рассказать.;normal
Мне не очень понравилось качество сборки ;normal
Я подготовил дополнительные упражнения Если хочешь, могу подробнее рассказать.;normal
Ты стал быстрее решать примеры;normal
На уроке потренируем устную часть ;normal
Попробуй повторить формулы еще раз ;normal
Кофе оказался вкуснее, чем ожидал Если хочешь, могу подробнее рассказать.;normal
Мне понравился этот фильм Спасибо!;normal
японцы в целом куда симпатичнее китайцев. но конечно же бывают исключения во всем;normal
контроктубекс и кажется медерма? фигня полная даже свежие шрамы не убирают, деньги на ветер.;normal
ну тебе по  другому сейчас и не надо. особенно в последние месяцы, я как вспомню;normal
да практически ниоткуда. есть много перепланировок на сайте журнала идеи вашего дома.;normal
каждый человек по своему целитель. отличаемся между собой только багажом знаний и опытом.;normal
приматывает карандаш или идет в тдв и рассказывает, как он умеет три раза не вынимая тезочка;normal
ну если он через неделю знакомства тебе предлагает стать его женой, то это судьба.;normal
лучшие прятки в зоопарке сльвом, ты прячешся он находит и обед для одного готов.;normal
а по другому это уже не любовь, а рассматривание и оценивание человека со всех сторон.;normal
едешь такая в автобусе, и тут тебя спрашивают вы выходите? а ты молчишь. потому что тихая;normal
crt мониторы с электронно-лучевой пушкой кинескопные, большиеlcd жидкокристаллические плоские;normal
есть порнография. есть эротика. много учиться надо. и происхождение иметь;normal
спортивную для тебя можно типо мешок или как дорожная сумка на плечо но поменьше.;normal
никогда и не смотрел на юпупе. иногда обзоры или стримы. но уж как нибудь обойдусь.;normal
когда эмоции впереди разума, да, такие темпераментные сделают потом подумают;normal
улыбки и хорошее настроение, причем в неограниченных количествах. улыбаюсь.;normal
никогда совершенная любовь это самое светлое чувство на которое способен человек умничаю;normal
что совсем скучно и по телевизору ничего интересного может на улице прогуляться знакомых встретить;normal
если у мужчины эта слабость то ни к чему хорошему, если у женщины-то это ее изюменка;normal
ну в столице студий много, в инете можно посмотреть и портфолио студий и расценки.;normal
не устала надо было побегать что ли. энергию выбросить вчера на лодке гребла, потом спала хорошо. а сегодня не спится;normal
если вам больно, то блокируйте его сами! и советую не держаться за ниточку этих сообщений и не придумывать себе того чего нет! у мужчин все гораздо проще!;normal
когда я училась в школе, то в страшимых классах мы так и развлекались с друзьями- подругами. ну что поделаешь: возраст такой, гормоны играют, любопытно и интересно.;normal
многие так дерьмово играют. что хочется заказать им исполнить минуту тишины;normal
устройство, чаще электромеханическое, предназназначенное для осуществления контакта;normal
древние греки ни кому не доверяли. вот и появилось все свое ношу с собой.;normal
антигистамины внутрь ежедневно, очки на глаза, мокрую марлю на окна, мокрый платочек у носа.;normal
конечно. человек может быть умный в науке и дурак в жизни. а друг наоборот.;normal
рок и метал. будущее покажет, но рок уже вне времени. у него всегда есть будущее.;normal
наверное не лейкоареоз, а лекоцитоз? тогда, это реакция организма на воспаление.;normal
свобода и уверенность в себе, радость каждому дню, любовь и уважение друзей.;normal
когда врачи разводят руками и говорят, что вылечить не могут, то поверишь во все что угодно.;normal
если речь идет не о близких, которые относятся к нам бескорыстно и делают все для нашего блага, то нужно помнить, что все люди в той или иной степени эгоистичны и их поведение продиктовано желанием поиметь какую - то выгоду для себя не обязательно материальную, это может быть и моральное удовлетворение от совершения доброго поступка. в этом нет ничего ужасного, как говорится се ля ви.;normal
я рожден русским. в основном выдающиеся музыканты, по их же мнению, из выдающейся нации.;normal
если она его любит она делит с ним все и горе, и радость и мировоззрение.;normal
жила я там. стабильность точно была. но вот остальное возвращать никак не хотелось бы;normal
в общем автобиографическая книга. правда написана по заказу сталина он там воланд;normal
что то связанное с салом. а солидарность-это сплоченность идей и людей.;normal
ссср был территорией дружбы народов. а вот насчет колоний это правильно сказано.;normal
только не забудьте обязательно заземлить машину. заземленная батарея то рядом.;normal
сначала вылечить дисбактериоз, пить эхинацею, ходить в бассейн с сауной, закаляться;normal
если уже повалились, то надо упасть на пол, ближе к несущим стенам и ждать.;normal
до тех пор, пока мужчины не станут оценивать женщину только по ее ножкам.;normal
ну так уч. год начался, в нашем полку пополнение. теперь они здесь школьную прграмму изучают.;normal
я рада что они снова в моде, мне кажется это очень стильно смотрится на стройных девушках;normal
вот думаю. а не пойти-ли мне в гробовщики. нужная и востребованая профессия в наше подлое время.;normal
если не граничит с замкнутостью и не отпугивает людей, то однозначно достоинство;normal
никак. или ты принимаешь мужчину полностью или выбираешь другого привет;normal
мужчина умнее, женщина хитрее. потому, что женщине ум заменяет хитрость.;normal
на своей странице в самом низу, регламент, и опять вниз отказаться от услуг;normal
востребованы, очень. все зависит от уровня их знаний и умений как и везде;normal
я всегда стеснялась покупать. водку. и до сих пор никогда ее не покупаю. приветуль, вадь;normal
практически все мужчины любят чистоплотных женщин. как и женщины любят чистоплотных мужчин. просто многие мужчины не понимают, что нужно быть чистоплотным для понравившейся девушки, мол и так полюбят. но некоторым не удается быть чистоплотным. я всегда стараюсь быть чистоплотным, но всегда чем-то пачкаюсь. хочу ли запачкаться или нет. поэтому наверное девушки обходят меня неженатого стороной.;normal
я думаю наказание, потому что такие женщины чаще других бывают одинокими.;normal
для управления и блокирования трафика. для контроля доступа в интеренет.;normal
у меня первый час и я кушаласейчас спать пойду, а чего надо, соскучилась?;normal
а если путин скажет, что дагестан это исконно русские земли? и всю вашу культуру надо убирать то?;normal
огурец, помидор, лук, петрушка, укроп. заправить подсолнечным или майнезом;normal
только отварить. в остальных блюдах нужно хотя бы маслоа еще можно пашот сделать.;normal
счастье - это состояние души. если она у вас светлая - значит счастье есть.;normal
сердце подскажет, если ты жить не можешь без него без взгляда, без улыбки. влюблена.;normal
затем чтобы жить с любимым человеком, а не ради того чтобы потрахаться.;normal
у меня есть целый список команд - достаточно нажать на кнопку со знаком вопроса;normal
нет. если муж ищет себе жену-маму, то она, конечно, будет им командовать.;normal
подумайте о том, с кем бы вы хотели встречаться. обычно в средней школе подростки целуются со своими партнерами или во время игры на поцелуи. как найти себе партнера;normal
это душа, которая взяла на себя полную ответственность за свое развитие и живет осознанно.;normal
виртуальность отняла у нас небо,  шепчу я.ты тоже это понял? конечно. мир уходит в глубину. в отражение реальности. зачем летать к луне или марсу, если здесь уже доступны любые планеты? пропал азарт. пропал интерес.;normal
я отовсюду вышла почти только сижу во втором их чате, не буду название говорить, а то атата сделают но там тоже перекати поле;normal
вполне может быть. я вот тоже люблю одиночество, но вот сложилось так что замужем и мужа люблю.;normal
если у вас есть хоть что-нибудь налогооблагаемое, вас записали в базу данных, вот и приходят;normal
судя по всему пока традиционная ориентация лидирует так что думаю не связана ни коем образом;normal
пока не доведу девку до оргазма, не теряю. а паотом. тоже не теряю, просто кончаю;normal
не приходится. потому что мы деньги на карточку кладем. а дома только на небольшие расходы держим;normal
неплохие пельмени в старлайтах. а вареники надо есть в корчмах тарас бульба.;normal
верю в ангела-хранителя. и, если вы крещеный, человек, посоветую вам обращаться к нему мысленно.;normal
приглашаю к себе в подвал. только аккуратно, смотрите с моими не перепутайте;normal
значит любить бога. исполнять то, что он повелел. и для христиан это счастье и радость;normal
у каждого наблюдателя своя точка зрения. каждый имеет свой уникальный мир и систему критериев.;normal
можно на представительнице любой нации, только она должна будет принять ислам перед свадьбой.;normal
не знаю. я пирсинг сама себе колола. и уши мне в детстве дома кололи штопальной иглой.;normal
кому другим? некоторым очень плохо и тяжело, а кому-то очень уютно и тепло.;normal
тойота, возле дома, под навесом стоит, ездю везде, куды проехать удается;normal
ни одного наверно. так как меня в основном муж и содержит. я как-то больше привыкла к такому;normal
вот как раз таки потому что я совершенно не умею играть, я завязала с играми на чтото, кроме интереса!;normal
можно, важно правильно расставить акценты и суметь не влюбиться в любовника;normal
вот она конкуренцияpolly vrednayaanna wildangelreads надо было раньше рекламу организовать, наши то сразу повыходили;normal
самолеты однозначно тот вид транспорта, где я себя не чувствую комфортно.;normal
секс с алкоголем-да, но вот любовь с алкоголем что то плохо как то выходило, однако;normal
книги, сладенькаяпри пересечении определенного возраста от журнальчиков стало меня подташнивать;normal
некоторые говорят. что если начнешь понимать женщину. то перестанешь ее любить.;normal
если выпивать то втроем, а если любовью, то вдвоем, в одиночку лучше только зарплату получать;normal
достать со дна озера байкал клад адмирала колчака. золотой запас царской россии.;normal
радость это чувство удовольствия, ощущение большого душевного удовлетворения.;normal
ума нет, хоть внешностью похвалятся. будем к ни снисходительны, как с братьями нашими меньшими.;normal
это смотря чем бедных. если разумом, то действительно не особо приятно. и смотреть и слушать.;normal
лучше к специалисту обратиться. а то чистотел ядовитый, как бы потом хуже не стало на лице.;normal
тебя не заставят проходить рентген второй раз, так что делай где хочешь.;normal
всю себя. обожаю массаж. можно даже просто пятки почесать, я мурлыкать начну.;normal
бывало ли такое, что вы писали девушке, с которой бы вам хотелось познакомиться поближе, но в ответ получали только односложные ответы? конечно, такие ответы иногда уместны, но когда они приходят слишком часто, это выводит человека из равновесия. есть несколько уловок, которые помогут вам получать развернутые ответы от девушек.;normal
уже ничего не сделаете или терпеть или сразу уволить. только такую дуру еще попробуй уволить;normal
сыграй в кости, какое число выпадет за ту партию под этим номером и голосуй;normal
если не отличает слух, подключите другие органы. сердце, например, оно наиболее чутко.;normal
не желательно. в парфюмерии много эфирных масел. толоько если нет другого спирта;normal
нууууэто когда зарываешься промеж грудей лицом и делаешь так быр бырбыр.;normal
неа. доказывает, что роль социума играет определяющую роль в мировозрении.;normal
общение с любимым человеком вот лучшее средство для профилактики и снятия стрессов.;normal
вчера были выпускные, ночью приключился салют, а я подумал что это пальба;normal
я покупаю лосось или семгу, авокадо, креветки или морской коктейль и сыр филадельфию.;normal
или же, вкусы у людей разные. а если так компромисс это разноцветные цвета.;normal
с любимой все замечательно, начиная прогулкой и заканчивая дальней поездкой.;normal
прислушиваться к себе, когда что-то делаете, к ощущениям, что не так, что не устраивает и менять;normal
любая женщина может прокормить одинокого мужчину. это заложено во всех женщинах на генетическом уровне. здесь и материнские инстинкты, и инстинкты самосохранения, когда каждой женщине для защиты хочется иметь возле себя мужчину, в настоящий жизни эта защита может даже выражаться в том, чтобы донести тяжелую сумку или любая другая мужская услуга. а также никуда не деть стремление женщины к желанию создать семью и иметь партнера в личной жизни. у некоторых женщин присутствует так называемая пресловутая женская жалость - все реже встречается, но тем не менее бывает. поэтому прокормить может, но вот качество этой кормежки и то, что будет подразумеваться под словом - корм. это уже зависит от благосостояния женщины и от ее образа жизни;normal
да это точно ровесники мучаются сейчас изза этого, ибо уделяли время либо только школе, либо только тусовкамне знают, чего хотят от жизни;normal
конечно приятно, особенно когда сам скучаешь и ждешь-не дождешься встречи с любимой.;normal
в нормальной семье с благословения родителей. ни в коем случае не против родительской линии.;normal
значит нодо искать того кто будет достовлять организму полное удовлетворение.;normal
не всех мужчин пугает женщина с ребенком. пугает тех мужчин, которые боятся ответственности или тех, кто боится, что женщина этого ребенка будет любить больше, чем совместного, или женщина больше не захочет иметь детей. это основные страхи.;normal
по всякому бывает если мне интересен этот человек, то конечно предлагаю;normal
выборов начальника полиции в россии никогда не было, но если введут я за;normal
поэтому ты об этом говоришь в чате эт норм некоторые считают важным сообщить что им не важно;normal
и не только волосы. так же ноги, руки, зубы, носы. это не рельно выпрямить волосы навсегда.;normal
сделай международное осаго и потверди его потом в любой нашей страховой;normal
а нафига они вообще вам? в больнице и так каждый месяц взвешивают. пустая трата денег;normal
конечно, передача венерических заболеваний происходит через слизистые оболочки;normal
это у меня пока не всегда получается. я знаю много слов, но заниматься их подсчетом - занятие, не имеющее смысла;normal
мне уже не рано. спокойной ночи. спасибо за улыбки, а то настроение было совсем тоскливое.;normal
у него будет много хлопот, поездки, очень напряженная жизнь. в конце года его ждет большая удача.;normal
налить ванну, и, пока остынет, посидеть в ответах. а завтра звонить в жкх.;normal
у меня есть целый список команд - достаточно нажать на кнопку со знаком вопроса;normal
нет смысла. вы правы нужно свой дух обогащать, познанием о христе, а не только тело;normal
я стараюсь к интересным людям заходить, а им есть что ответить. ну на худой конец пашутить;normal
нет,, я всегда действую осознанно. но если жалею, то только о зря потраченном времени,. иногда;normal
а почему? тут заговорили, так у меня желание появилось и идея, либо портировать приложение, либо самому написать. думаю, что это приложение легко сделать, а весить будет много только изза картинок в нем. потому и удивлен про сама сделала наверное тоже дилетантом выгляжу теперь в ваших глазах;normal
да, если добавишь какой нибудь дополнительно белый аксессуар например серьги;normal
потому что понимают, что тебе все равно с кем общаться, в одиночестве не останешься.;normal
хотела стать программистом, выучилась. а теперь домохозяйка, надеюсь что пока.;normal
мне из них не нравится ни один не внушает доверия а навальный меньше всего;normal
да, конечно существует но все в это верят пока не столкнутся с его действием.;normal
сербия, словакия, словения, хорватия, нидерланды. франция-? цвета да, а сам флаг не похож;normal
я с самого детства предпочитаю самолеты другим транспортным средствам я про дальние расстояния.;normal
видимо я старше, вкус любого спиртного с затяжкой сигареты ассоциируется.;normal
это когда революцию устраивает не народ, а само правительство, как это к примеру сделал ельцин.;normal
тоже терпеть не могу торренты с дурацкими раздачами сидами и рейтингами.;normal
душ-раз в день точно, иногда-два, ванну не принимаю вобще-падает давление и могу потерять сознание;normal
видно, конечно, сразу но многие и искренней похвалы боятся на всякий случай;normal
любви нет, есть привязанность к человеку которую за частую путают с любовью;normal
я тебя не представляю конечно, но могу представить абстрактную девченку которая ходит по комнате и бубнит недовольная;normal
я вообще депрессивное стараюсь не смотреть, потому что грозит обезвоживание;normal
нет, отношений не будет. напишите в мае были отношения или нет, как вам здесь напророчили.;normal
в гражданском судопроизводстве виновная сторона, в уголовном государство или кто угодно.;normal
потому что в каждом из нас есть животные инстинкты, таки м образом они дают о себе знать;normal
нравятся те уроки, где нормальные учителя и хорошо объясняют темы, а все остольные не очень.;normal
конечно потакаю, во всем, и в отношениях тоже, но иногда и уступаю, как без этого.;normal
умею конеш. всигда отдаю сибе отчет что, где, когда, с кем и скока пить;normal
только искренне уверовав во христа и приняв его праведность. своими силами это не возможно.;normal
я полагаю, основным критерием симпатии женщин к мужчинам является не голубоглазость и высота роста длинна. большинству женщин нравятся мужчины полигамы, ибо они обладают умом, шармом и особыми качествами привлечения женщин. это мужчины - хищники и охотники. если женщина им приглянулась, они, как ястреб на мышку, нападают на нее и редко отступаются, пока не добьются своего. знаю о чем говорю, поскольку у меня был такой приятель, он не был высок, голубоглаз. как говорят, - мужчина должен быть слегка пьян, вонюч, и чуть красивее крокодила гены. но в охоте на женщин он был неутомим, и, практически, каждый день возил к себе на обед в гараж, где он на втором этаже сделал евроремонт, новую женщину. и ведь таких красоток, никогда даже не поверишь, если не увидишь сам. это мое личное мнение.;normal
жиза, тоже самое. правда я еще и начинаю рисовать этого человека или картиночки ему;normal
потому, что жизнь заставляет быть кем-то выбор профессий достаточно велик;normal
они всего боятся что не могут съесть. если только это не голодная анаконда.;normal
можно, особенно с грядки прямо, да помидорчик с укропчиком, никакая икра не заменит;normal
все, что приносит радость в жизни либо аморально, либо незаконно, либо ведет к ожирению.;normal
распущенность ума ведет к распущенности тела. вот и подумайте, насколько я похотлива;normal
сжала волю в кулак. последствия близких отношений могут быть непредсказуемыми катастрофически;normal
будет что-то очень новое, ведь энергия не исчезает, а переходит в другой вид;normal
ер -провластная партия, но путин в ней не состоит и лидером не является.;normal
это влечение обычно с печальным концом, обычно летальным и зачастую не по своей воле;normal
умный - значит, обладающий знаниями. с ним интересно, есть о чем поговорить, посоветоваться. мудрый - не только обладает различными знаниями, опытом, а и умеющий применять их на практике. для семейной жизни, конечно, больше подходит мудрый мужчина. если к этой мудрости еще прилагается любовь к своей женщине.;normal
создатель о себе в библии говорит. ни один человек не может увидеть меня и остаться в живых.;normal
если девушка вас ненавидит, то на это могут быть свои причины. попытайтесь понять, какие поступки спровоцировали ненависть, чтобы не игнорировать ее до конца жизни. уточните причины в разговоре с глазу на глаз.;normal
нурмальные веселые без комплексов нежные брутальной я могу быть если надо и сама;normal
а в смысле ты уехал на похороны и она расстроилась что ты уехал? ну может надо было ее с собой взять;normal
ничего. россия не сдохла. сбербанк тоже не сдохнет. может, даже процентов будет больше платить.;normal
мистика не только связана с концом жизни. мистика пронизывает всю нашу жизнь.;normal
да конечно морковь, капусту, редис, помидоры, огурчики, перчик красный болгарский обожаю;normal
блин, я тут подумал у кого хорошие технические характеристики, он и опыта хорошего набирается.;normal
заранее вымойся, ведь в баню с женщиной не мыться ходят, а играть в шахматы, а ты че думал?;normal
можно заниматься дома. разборные гантели, потолочный турник, доска для скамьи этого достаточно.;normal
евгений онегин. это потрясающая кладезь лирики, иронии и, конечно, энциклопедия русской жизни;normal
я бы не сказал, что просьба девушки называть ее зайка это прихоть. скорее всего, что при уменьшительно-ласкательных выражениях у нее просыпаются чувства. она больше тянется к мужчине и отдает энергию любви. ну, а что стоит человеку сказать это слово, зато сколько эмоций и грандиозный эффект.;normal
если ненужные почему бы и нет. главное объяснить им где нужные вещи а где не нужные;normal
имеется в виду изначально все равны. а кто уж сколько за жизнь накосячит неизвестно;normal
спортивные девушки бывают разные. и если мы говорим о перекачанных, пересушенных, то не нравятся они многим. обычная девушка, регулярно занимающаяся спортом, но не зацикленная на этом, не нравиться, на мой взгляд, нормальному мужчине не может. у такой девушки подтянута кожа, нет обвисших складок жира.;normal
а какие там могут быть процессы, если в электролизере нет ничего, кроме ионов натрия и брома?;normal
рабство самое настоящее и если что то не нравится попробуй слово скажи уволят и все;normal
относительно окружающего, добро способствует благоденствию, зло разрушению, гибели.;normal
семья, муж, дети, работа-все это мне приносит счастье я счастлива. можете поздравить;normal
всяк -наполненный сосуд. все и какают и ссут. секс в ряду стоит для нас, если есть к нему оргазм.;normal
скорее всего на хутор бабочек ловить. да дорога это больше мальчикам знакома.;normal
все на украине объединились со всеми против всех, короче путин виноват.;normal
наверное те, кто мертвы для мира сего, и учат тех, кто живет в мире этом.;normal
занимаюсь чем могу я бы хотела жить на необитаемом острове, но не могу. ничего страшного.;normal
без компа, без телефона, без семьи ну конечно же. а, да, и без хорошей сковороды;normal
дверь, это путь к познаниям, потому открытая предпочтительней, познания идут со всех сторон.;normal
адресный, естественно. заполнить можно в электронном виде, можно в рукописном, на латинице.;normal
у меня есть целый список команд - достаточно нажать на кнопку со знаком вопроса;normal
смотря каких, необходимо смотреть закон, которые регулирует обжалуемые правоотношения.;normal
и зарплата кака, и начальник кака, и все остальное кака. блин, я во что вляпался?;normal
однозначно!! мужчина статный, ухоженный и аккуратный всегда приковывает внимание женщин. особенно если он вежлив и умен, то смотришь на него как на небожителя в наше время если мужчина то с бутылкой пива, то в подпитии, то речь ведет уши вянут и когда появляется необычный экземпляр просто хочется его рассмотреть. он еще ничего не сделал просто с тобой общается, а ты глаза открыла и ждешь необычности. с тобой разговаривают нормально и уважительно и ощущаешь себя полноценным человеком и шутить хочется и быть милой потребность появляется.сегодня пришел специалист по ремонту труб я увидев его оторопела до чего хорош и статен.невольно сказала комплимент и мы проблему жкх решили быстро без окриков и обвинений. красота хоть женская хоть мужская она благотворно влияет на людей, она заставляе людей быть добрее!!;normal
и у россии, и самое страшное, что и в россии у власти тоже враги и вредители.;normal
да я вот почти отказался, я думаю это очень вредно, все болит от этих сигарет.;normal
то, что он есть и что он рядом. все привлекает. я же люблю его безумно лишь бы рядом был.;normal
славян мало кто любит, потому что у них сильна тяга к самоопределению и независимости.;normal
окончательно добить тех, кто в первую волну выжил. а потом, по дешевке все скупить.;normal
по общему анализу крови можно заподозрить с этого и начинаем, потом дообседовать.;normal
влюбленность длится до тех пор пока не разбивается о стену проблем быт, лож, непонимание и т. п.;normal
мозг сам по себе лишен ноцицептивных тканей, и поэтому не может чувствовать боли.;normal
жену нужно выбирать очень тщательно. если чего, потом хрен поменяешь без скандала.;normal
люблю, ведь сказка должна всегда жить в человеке независимо от возраста.;normal
откажусь. но как можно выйти замуж за человека, который позиционирует себя женщиной?;normal
зачем она вам? влюбленность придет сома, найти такого человека и будешь влюблена.;normal
не люблю сражаться. борьбу, войны, ругать. это все не мое. я лучше уступлю;normal
разве можно так беременную женщину дразнить, которая давно нормальную еду приготовить не может;normal
ну почему. все любят иногда побыть в одиночестве, просто кто чаще, кто реже.;normal
если загорать без меры, то да. а прогуляться в солнечный день, что может быть лучше?;normal
сначала заинтересовать ее. выявить общность интересов. все остальное пойдет само собой.;normal
фантазия, когда о чем-то мечтаешь. бред когда расказываешь о чем мечтал.;normal
когда мы за рулем - это наши враги. а когда сами пешеходы - сколько же козлов за рулем.;normal
ну, иностранный для меня русский, родной грузинский. еще испанский и английский.;normal
если есть базовые знания, то не сложно. а, если нет ничего, то, думаю, будет сложновато.;normal
а никак. если за уши вцепится, даже вытрясти не получится. да пусть сапоги с мусором живут;normal
что гинеколог скажет, то и принимать. причину тоже должен врач определять.;normal
это говорит о том, что муж и жена либо притираются друг к другу и со временем становятся похожими по характеру, либо они изначально должны быть похожи.;normal
а оно тебе надо? ты вроде симпатичная. наверняка сможешь и с ведома найти.;normal
эм. вредна в смысле от нее умирают? ну так этот факт еще никому не удалось отменить;normal
от почти кажный вечер грю себе завтра начну с легкой гимнастики. а утром как обычно.;normal
когда демократию насаждают насильно, это нигде и никогда ни разу не увенчалось успехом.;normal
я думал, что она лучше, но хуй там. так что пошел вспоминать твою фотку;normal
детки, я удаляла, у меня очень маленькие, пока вырастут пройдет пара тройка лет;normal
на рождение ребенка дарят. все, что имеет к нему отношение, обычнои цветы.;normal
скорее предупреждает об опасности возникновения ситуаций, чреватых алиментами.;normal
петька и вовсе на учете у нарколога состоит. зато хохлам там страшно весело;normal
если мы перестанем смотреть на солнце и верить в то, что оно завтра взойдет, оно, что исчезнет?;normal
парень уважает, влюбленность есть но не долгая. любовь настоящая будет и сразу замужество.;normal
мне кажется, что оба этих парня хоть куда, одинаково достойны компании малыша.;normal
мне кажется, что это звание дополняется недюжинной силой. может и не совсем как карьера звучит.;normal
любовь нельзя убить. просто становится не так больно. раны заживают, рубцы остаются.;normal
внешность. состоятельность. те качества характера, которые важны и значимы для данной женщины. короче оценивают как не продешевить продав себя теловладельцу;normal
главное пиво с водкой взять, а там разберемся, через баню или за свежим пивом в алма-аты.;normal
кроме, интернета, где деньгами, все-же, нужно спонсировать общественное мнение;normal
осветить можно чем угодно. любым источником света. лампочкой, фонариком.;normal
нет ни измен ни любовников. не знаю огорчаться или радоваться по этому поводу;normal
женщинам верить нельзя. никогда. ни в чем. это закон жизни. иначе можно горько пожалеть.;normal
просто не хочется стареть от этого не убежишь в двоем конечно повеселее главное не лежачие;normal
я кручу редко так что эффекта не какого но говорят что если регулярно крутить помогает;normal
несколько дней может быть отек. все зависит от того насколько десна травмирована.;normal
согласна но за другие тоже нужно болеть, при этом наших не забывать. я болею только за наших;normal
осетию, абхазию, приднестровье, литву, чечню. крым, донбассони там везде с фашистами борятся;normal
денег было жалко, благоустройство сел и деревень не были так важны как рекордные надои и урожаи.;normal
а мне по барабану возбуждают или нет, я только их ношу не признаю колготки;normal
чьи имена как раны на сердце запеклись.мечтами их и песнями мы каждый вдох наполним.как здорово, что все мы здесь сегодня собрались!;normal
можно я люблю одного но и другой мне очень нравится, вот тут и думаю как быть.;normal
две недели бухаю, а сегодня буду празновать победу над реалом и еще так две недели.;normal
да какая уж там вера, постоянно сама себя обманываю и охотно обманываюсь.;normal
у меня есть знакомый, так он всю зиму спокойно ходит в обычной футболке.ну по крайней мере ходил сейчас не знаю, я его давненько не видел.мы както стояли с ним возле кафешки. наверное минут , на улице было  и он стоял с нами в футболке и разговаривал и без всяких проблем, говорил что нормально ветра нет чувствует себя комфортно хотя я был довольнотаки хорошо одет и замерз.он с нас прикалывался, говорил что это мы сами себе внушаем что холодно, на самом деле нет он говорит что он так может вообще даже много часов стоять на улице и ему пофиг.по нем было заметно что он вообще не напрягается , что реально себя чувствует комфортно.;normal
любовь это единственная ценность, которая не поддается власти и не продается за деньги.;normal
весенний праздник восьмое марта уже совсем скоро, и понадобиться поздравить любимых и родных женщин:сестер, жен, матерей, любимых девушек.;normal
удержать город куда проще, чем сдавать и потом контратаковать. атакующий всегда несет большие потери, чем обороняющийся;normal
я люблю утрений. вечерний и ночнойглавное чтоб любимая потдеража и тоже захотела;normal
что бы понять что девушка с вами искренна, то нужно при вопросе смотреть в глаза, и она при ответе должна смотреть в глаза. может отводить взгляд в сторону это для сосредоточенности ответа и тут же возращать взгляд в глаза. если смотрит вниз в сторону, чешет нос, ухо, то она юлит. жесты троганье или почесывание головы это для сосредоточенности ответа, это значит она сама не знала ответ на этот вопрос и сейчас об этом думает, что бы вам ответить. девушка будет вас знакомить с друзьями и родителями или родственниками. если от всех вас скрывает, то стоит задуматься. она может не знакомить вас с подругами это нормально, это для того что бы хитрая, выгодная подруга вас не увела. обычно мужчина чувствует девушка искренна или просто так с вами. но бывают такие дамы, что обкрутят вас вокруг пальца и вы всегда будите думать как это, она же была так искренна со мной.;normal
любить кошку такой, ккая есть. не будете же вы ломать ей хвост повторно?;normal
вот нас  лет учили без т.карт, а на дипломке требовали составить ебали жестко;normal
многое. для меня деньги вообще не смысл жизни, а посто средство достижения своих целей.;normal
у меня есть целый список команд - достаточно нажать на кнопку со знаком вопроса;normal
защитная. эпидермис защищает нас от внешних воздействий и способен к регенирации.;normal
лучше всегда делать то, что н а д о, а что хочется не всегда, а то мало ли чего нам захочется.;normal
предрассудок, порожденный ослабеванием веры в бога и благость всего в своей жизни, им дарованной.;normal
наука без практики сводит с ума. ведь никому пользы много не принесли вечные думы.;normal
людям, которые легко ко всему относятся. пол не причем. всем по своему тяжело;normal
вера в прекрастное будущее, любовь, и надежда на то что эта любовь на вечно;normal
стремление, желание, кастрюля, вода и картошка. можно в мундире сварить и потом очистить;normal
"ситуацию нужно проговорить дома и уточнить иерархию ваших отношений. обычно этот вопрос решается вначале брака на первом году совместной жизни. если эта женщина ваша жена продемонстрировать свое главенство.на людях когда возникла эта ситуация подойти к жене взять за руку и тихо, но спокойно сказать с нажимом:надя, мила, галя ты забыла наши приоритеты? значит мы собираемся и идем домой, либо ты замолкаешь!! и сказанное в действие. важно не орать, быть мягким с женой и взять за руку как ребенка. публика увидет заботу и невоспитанность жены. начнут ее защищать! приготовьтесь ответить это наши семейные дела не суйтесь мы сами разберемся.повторяете для жены слова; мы идем домой или ты ведешь себя соответственно?а дальше по ситуации. на меня подействовал мгновенно один только взгляд мужа и все приоритеты были расставлены!!";normal
если увижу, что чел. слушает меня с открытым ртом искренне, а не в прикол, то могу и не попросить.;normal
я выбираю трудный путь. чем сложный задача тем интереснее. и конкурентов меньше;normal
не. мужчины самостоятельные единицы, так же как и женщины, но я все же останусь при своем мнении и буду нуждаться в мужчине;normal
не. мы ж познакомились когда я еще в школе училась. мне  было, ему , он в высшей мореходке учился тогда. красивый такой, высокий, с выправкой, в форме.;normal
есть люди, которые умеют манипулировать другими и это им в кайф, для этого используют все средства, как говорится, на войне все средства хороши. одна моя знакомая, которая очень хотела привязать к себе мужчину, она молодец! добилась этого зная его хобби заглядывать в одноклассники, посылала всякие высказывания великих людей по случаю, который как раз касался их взаимоотношений в этот период и, как она говорит он отлично ведется на это, как бычок. в итоге, получила то, что хотела. вот один из умелых, умных, направляющих в нужную сторону, способов привязать к себе человека.;normal
лифт. японский фильм ужасов. ох уж эти японцы. никому не советую этот фильм. брррр;normal
я всегда говорил, что деревянные не долговечны. пользуйтесь металлическими лестницами;normal
а теперь просвети почему кубинская медицина считается лучшей той же американской или европейской?;normal
душа-это сосуд, чаще всего там смешано черное с белым плохое, хорошее. вот и все мое понимание.;normal
судя по уточнению в вашем вопросе, это какая-то около сексуальная девиация. эдакий психологический бдсм. иных ассоциаций я на цитату мне нравиться быть тобой обманутой придумать прям-таки не могу. если же отвечать на ваш вопрос напрямую, без отсылки к уточнению, то ну что.чувствуешь себя дураком, как правило. а если ты тому человеку еще и доверял, то еще и в человеке разочаровываешься. иногда и чувство мести может возникнуть, так как обмануть можно не только по мелочи, но и очень по-крупному. найдутся и те, кто забудет обман и все простит. кто во что горазд, в общем.;normal
это когда жена не знает, откуда берутся деньги, а муж не знает-куда они деваются;normal
иногда мне нравится смотреть психологические фильмы, но чаще приходится видеть комедии;normal
для красоты, радости, любви и всего самого светлого но что вырастает потом, это уже другой вопрос;normal
в принципе можно, если вы не против поедания теплых снаружи и ходоных внутри фруктов;normal
человека познают через социум и его объективные факторы влияния, а не наоборот.;normal
я думаю о том что многие девушки ждут цветов и подарков от любимых парней, мужчин;normal
жену ты любишь, а другая просто нравится, поэтому не надо делать глупостей.;normal
если пес станет президентом, то это будет крах всего российского футбола.;normal
вообще то он правильно делает, подруги всегда плохо влияют, лучше это время сделать, что то полезное, для дома, да и зачем встречаться с подругами, раз уж муж запрещает, значит у него есть на это причины просто так не будет запрещать, надо идти на встречу мужу.;normal
но мы, высокие, не будем шутить над маленькими.потому что шутки про рост. это както низко.;normal
полис вообще к прописке не привязан. в поликлинику это можете еще долго ходить;normal
в четкой и эффективной организации труда подчиненных с минимальными производственными потерями;normal
та в прошлом и позапрошлом году чтото пошла волна пряди красить в яркие цвета;normal
очень много. потом отмазываюсь и сваливаю все на других, причем профессионально.;normal
человек не в коем случае не должен быть один. жить одному это очень тяжело. человек большее время находится в состоянии стресса. и постоянного поиска общения. и старается в любом возрасте создать семью. если по каким то причинам ее создать не получилось.;normal
потому что, женщины предпочитают общение, а не реальность принятия мужчины и очень не любят разочаровываться. поэтому в виртуальном мире, интереснее общаться, чем в реальном. также это может быть вызвано неуверенностью женщины в себе, а так не встретившись, можно поддерживать иллюзию идеальности.;normal
заранее настроиться, что там может быть транспорт-к подъезду, у нас можно прям к дверям.;normal
а я своего кота именем соседа назвала. он наверное тоже думает, что любовь;normal
привет сколько лет, откуда будете, чем увлекаетесь и кем работаете или учитесь?;normal
не рок. неееее. мужик один. как только за полночь. преследует. морфей его звать;normal
можно в этом году. можно в следующем. есть девушки которые готовы стать вашей женой;normal
нажимаешь правой мышью, там будет слово отправить. нажимаешь его левой и выбираешь имя флешки;normal
а помоему это не только н. г. касается. в возрастом все праздники куда-то улитучиваются;normal
такого не существует даже самый крутой компьютер не способен грамотно расписать ноты с записи.;normal
если бы была возможность, то можно никуда и не ехать. с возможностями и здесь неплохо.;normal
в интернете можно отдохнуть когда устаешь, я вот например обитаю в чатах, расслабляет;normal
по своей природе они смотрят на женщин оценивающе. не зависимо женат или холост.;normal
это соц опрос всем девушкам? я заводила первая разговор, а что такого? че ходить смотреть друг на друга тоскливо;normal
бороться. весь рабочий день в борьбе до обеда с голодом, после обеда со сном.;normal
те, которые выданы на определенный срок срок установлен в кредитном договоре;normal
ну не знаю насчет хэппи, но посмотри сладкий ноябрь, очень романтичный фильм, я плакала;normal
зачем? оценки не значат ничего. они плохо отражают уровень знаний и, что еще важнее, интеллекта.;normal
продолжительность несколько секунд, камеру не трясти. пособий и советов полно;normal
биосфера это основная, но стратосфера и тропосфера тоже обществом используются.;normal
время канди! сходите в магазин игрушек или ремесленный магазин и купите детский набор для создания бижутерии лучше всего из крупных бусин, они являются основной чертой канди. сделайте столько прорезиненных браслетов различают плетенные в одну нить, в две, в три, х-образное плетение, уфо, клетка, эпический, и т.д. и ожерелий, сколько сможете, и наденьте их все перед выходом. при их большом количесвте будет производиться шум во время танца. добавьте на них бубенчики, подвески или игрушки. пустышки также используют, но помните о том, что на них может быть нанесено наркотическое вещество, если они предусмотрены для прорезывания детских зубов. зачастую, канди делают из бусин яркого цвета, разбавляя их другими цветами например, розовый и зеленый на темно-синем.красный, бирюзовый и желтый на черном.радужный на белом и блестящий на темном и т.п.. будьте креативной и получайте удовольствие от работы с бусинками.;normal
брехня, все думают, что самые умные это я. т. е. каждое аяый я считает себя самым невз. умным.;normal
да. очень часто оказывается, что такие люди очень развиты духовно и интеллектуально;normal
если читаю -только авторитетных людей. дребедень в руки не беру, жалко времени.;normal
свобода прекрасная непреложность подчинения. так, что свобода не иллюзорна.;normal
нет. даже шизоидная психопатия не отправляется в диспансер, только по произволению страждущего.;normal
добрый день, светланакак и ко всем другим людям. независимо от их финансового состояния.;normal
на госдуму посмотрите еще те вирусы бактерии и микробы, но преобладают паразиты;normal
не только кобели и мужики, а все животные, у которых есть простата. например коты тоже болеют.;normal
у меня есть целый список команд - достаточно нажать на кнопку со знаком вопроса;normal
в лидеры не стремлюсь каждый пригодится там где он находится. если стремишься -будешь;normal
если вы встретились с незнакомым мужчиной и он вам не понравился то и не надо с ним знакомиться - пройдите мимо.;normal
ты думаешь, что я вру? у меня правда плохо ловит, я пишу, потом оставляю телефон на балконе и они потихоньку отправляются, но своевременно не получается, только с задержкой;normal
скорее отношения. особенно если авто иномарка и требует кап. ремонт двигателя.;normal
я не мужчина, но кажется мы любим их больше чем себя. а себя тоже уважать надо. ну хоть чу-чуть.;normal
личные ток в личном общении и то с исключительными людьми привет, милый;normal
лучше как к неизбежному урагану. если творчески -то это уже семейная жизнь -;normal
рыбалка прекрасная погодка! уютный теплый летний денек, вы на своей любимой речке и поэтму.на крючке сидит: рыбабиткоинвы получаете  монеты энергии осталось:;normal
люди есть такие которые уверены только в своей правоте. пунк первый - я прав. пунк виррой - если я не прав, смотри пункт первый. и их злит если не согласится с их точкой зрения. ваш знакомый с таким поведением агресивен и может быть опасен. я бы после такого не объщалась с ним. в следующий раз его может замкнуть драться полезет за правду, или еще чего хуже. у нас такой сосед на даче есть, глаза вытаращет и орет за свою правду. так он ко всем драться лезет. и камнями в соседку кидал, что бы подраться с ее мужем. еще видетели нет свидетелей и видео доказательства. а то что у соседки лицо синее после камня опухло, так то она упасть сама могла.;normal
polly пахахах, вон она, очередной твой кумир! шото с кумирами у тебя все хромает;normal
пока гоняешься за лучшим, можешь потерять хорошее. при этом лучшее обычно не догнать;normal
да, молодец саркози. если б ему это еще удалось. с него нужно брать пример.;normal
есть рубли и паспорт, тогда покупайте. но курс у сбера чаще всего повыше;normal
ну если еще начать колоться и нюхать клей через пакет, то оптимальный набор массы обеспечен.;normal
а у меня есть электрошоковая палка еще, если что обращайся, если веник не помогает;normal
мой сосед работал в гидрометцентре. они там, оказывается, прогноз погоды голосованием выбирают;normal
кажется чтото пошло не так.я не знаю такого населенного пункта для поиска в нем погоды.;normal
ежедневными тренировками и упражнениями, самообразованием, решением сложных практических задач.;normal
может! и не только продать, а продавать далеко не один раз! в наше время операции по восстановлению девственно плевы совсем не редкость и в пластической хирургии уже даже есть специальный раздел, посвященный именно таким операциям. называется такая операция гименопластика. в пластической хирургии считается не самой сложной поэтому цена на нее тоже не очень высока. некоторые бизнесменши пользуются такими обстоятельствами и уже не раз и не два восстанавливались и по новой продавали свою девственность. спрос есть, так почему бы не быть и предложению. довольно часто такие предложения можно встретить на специализированных сайтах сексзнакомств, да и на некоторых других, где можно подать бесплатное объявление почти любого содержания, не противоречащие законодательству. как видно продажа своей девственности не входит в конфликт с законами, вот и торгуют девчата своей непорочностью, зарабатывая на этом зачастую довольно неплохие денежки.;normal
люблю знаете ли кости с мясом, остальные сильно шумят. когда их бросаешь.;normal
а женщины вообще слов не дают, поэтому на понт не взять. женщина может пообещать ребенку.все на этом. женщины сплетницы, язык за зубами не держат. какое еще слово. да и перед кем мне, например, давать это самое слово. для этого есть мужчина: мужик сказал - мужик сделал.;normal
конечно не поздно но лучше поторопиться желающих попасть в детский сад много;normal
написать жалобу военному прокурору и подать в суд на командование воинской части.;normal
нет. постоянная беготня в туалет и посаженный желудок-вот гарантированный эффект.;normal
да. от интеллекта зависит. и опыта. чем чаще врешь, тем лучше получается.;normal
итак, семейные отношения, казалось бы, должны быть без всяких споров, потому как построены на взаимном влечении а то и искренней любви. когда то я и сам думал как можно спорить и ругаться с человеком которого любишь, желаешь добра да еще вдобавок это взаимно. и вначале было круто делать что то вместе, ходить куда то вместе, все это продолжается вплоть до того когда кто то свои дела ставит выше ваших. то есть появились какие то дела на которые надо выделить время, отгадайте откуда его взять? правильно, надо меньше времени проводить вместе. когда ты один никто твое время не контролирует. на этой казалось безобидной почве происходит много споров, типа того, что сейчас ты со мной а потом я с тобой или можешь остаться со мной или я хотелхотела с тобой туда сходить и т.д.;normal
думаю что нет такого возраста у женщины. просто поклонники тоже взрослеют;normal
очень просто. приходи в агент. партеечку сыграем и ты в дамках. и у дамки.;normal
когда два человека решают создать семью, то одна из целей этого поступка-ведение совместного хозяйства.если эти люди достаточно взрослые, то совместное решение бытовых проблем ох обьединяет, им интересно это делать вместе.и они с удовольствиемпобеждают семейный быт.если хотя бы один из супругов инфантилен, он старается переложить проблемы на другого.тогда начинаются проблемы.не всем нравится, когда ему на шею сядут, ножки свесят, и говорят:но поехали.хотя есть люди, которые делают это с удовольствием, считают что таким образом они:создают надежный тыл, обеспечивают свою семью и так далее.это не вопрос любви, а вопрос надежности партнеров, и их терпимости.;normal
дак они же по образованию могут быть детскими практическими психологами психологопедагогическое образование вроде так и так же заниматься научной психологией после магистратурыдаже сфера психотерапевта это чтото среднее между психологией и психиатриейесли для тебя психолог ето чел из инсты прошедший курсыто да, этот мир прогнил, но умные люди на это не ведутсяс психотерапевтами могут быть идентичные обсеры, я к этому ведуа классификация важна для тяжести проблемызочем психиатру или терапевту обсуждать твою грустинку с минуту, потому что твоя мама съела твой тортикесли они могут отфильтровать поток таких личностей и отправить их к психологуа сами заняться более серьезными случаями, требующими полноценного внимания и длительного периода лечения;normal
самого себя? красавца? да хоть каждый день готов фотосессии устраивать.;normal
интересно каким образом у меня спишут зп с карты? у меня даже приложения банка на телефоне нету;normal
если пойдет на поводу у пиндосов, вопреки своим экономическим интересам.;normal
у дрыщей обычно он выше, чем у жиробасов качков. все типа уходит куда надо т. е. в корень;normal
будьте приятны в общении и избегайте сплетен. никто не любит людей, которые всегда чем-то недовольны, жалуются и распространяют слухи о друзьях и врагах. это говорит о том, что человек не любит себя, поэтому не будьте такой личностью! чтобы казаться уверенным в своих силах человеком, убедите мир, что вам хорошо, и это найдет отражение в ваших действиях и словах.;normal
везде где знакомятся обычные люди, только знакомьтесь с людьми искусства.;normal
определенный пройденный путь, собственный выбор, часть жизни нежелание быть слабым, все просто;normal
не удобная нет ни бассейна, ни бара, даже кухни нет, одни только спальни и ванные комнаты;normal
раз в неделю устраивать себе разгрузочные дни, не только легкость, но и шлаки выходят;normal
чтобы ненавидеть учеников и срывать на них злость, которая накопилась вне школы.;normal
с божьей помощью, но принтер все равно понадобиться, так как что увы мой друг покупай технику.;normal
да потому что идет молчаливое тихое восстановление их идеалов и идеологии.;normal
я уже настолько привык, что язык не поворачивается называть эту страну беларусь;normal
кашами, фруктами, овощами, орехами, курицей отварной, рыбой, морепродуктами.;normal
совокупность политических взглядов, которая опирается на какую-либо философскую доктрину.;normal
что значит во имя бога? убийца вместо бога? бог ему велел? тогда ясно, какой бог;normal
ага они от любви, сначала приятно, потом неожиданно, потом любовь, потом плод от нее;normal
ааааааахххааааа-хаааа-ха. я на аватаре симпатичней, чем на паспорте-надо попробовать;normal
разногласий нет. есть политические, вернее, экономические интересы у определенных людей.;normal
у меня есть целый список команд - достаточно нажать на кнопку со знаком вопроса;normal
все мягкие, главное не задохнуться когда спишь собственный новогодний опыт.;normal
это раздел психологии, не имеющей ни малейшего отношения к точным наукам.;normal
бюджет из налогов и прочих поборов а ввп это вообще все что произведено;normal
в моей жизни это будет моя жизнь. а навсегда это в пределах той самой жизни.;normal
ежедневные тренировки и не более врядли тут еще что-нибудь может помочь;normal
меня собаки боятся потому и кусают. а я собак не боюсь поэтому и не кусаюсь;normal
так они жизнь видят только по телевизору. поэтому же думают, что все американцы толстые;normal
чтобы начать зарабатывать, нужно перестать работать эмпол дикель. так что не стоит и начинать;normal
все в этом мире служит для чего-то, женщина подталкивает мужчину к саморазвитию.;normal
только женщине известно от какого козла дитятко. поэтому кто рожал, так и называют-сучьи дети.;normal
разум то, что в человеке заложено от рождения. ум то, что человек приобретает в жизни.;normal
у меня другие забавы я делаю нервными людей, у которых, не хватает ума вовремя одуматься.;normal
войны были и до распространения христианства, истиный христианин не кричит о себе.;normal
каждому идет все, но. есть разные оттенки, вот как раз этот оттенок и нужно подобрать.;normal
влюбленность это восхищение с сексуальной составляющей. любовь это совсем другое чувство.;normal
я бы использовал его в коммерческих целях. показывал бы то, что люди хотят смотреть.;normal
сам буду подыхать, потому что не могу завести и содержать жену с детьми;normal
есть тут я спорить не буду серые люди, это вообще понятие довольно растяжимое и абстрактное.;normal
ректальные. сразу в кровь впитываетсяа через рот попадают в весьма агрессивную среду желудка;normal
если не доверяешь, ничего хорошего не будет, так нельзя строить отношения;normal
пффф, католические имели право индульгенции, почему православные не имеют?;normal
смотря что было в предыдущем приказе. если были указаны фио, а не только должность, то нужно.;normal
терпеть не могу ходить по магазинам но чаще в продуктовые. голод не тетка;normal
если вы учитесь в старших классах, одна только мысль о том, чтобы поговорить с девушкой, может вызывать у вас беспокойство. однако не отчаивайтесь! вы сможете легко общаться с девушками и даже иметь с ними дружеские или романтические отношения, найдя к ним правильный подход.;normal
нет, не кажется. все что есть на земле есть прообраз духовных небесных вещей.;normal
может когда-нибудь, наконец-то лопнет. гармония природная восстановится.;normal
если читать и размышлять над словом бога, то будешь подготовлен ко всякому доброму делу.;normal
если в целом, то толковый менеджер за управление профессиональными программистами;normal
главное понимать о чем мечтать и воплощать мечты, а то намечтаешься и депр рядом;normal
считаю, что для того чтобы дарить предметы одежды не обязательно нужны близкие отношения. достаточно понимать стиль человека, размер если речь не об оверсайзе и дарить вещи нормального качества, а не просто лишь бы было, авось придумает куда это деть.;normal
а разве обязательно рассказывать о себе? когда строится общение, есть масса нейтральных тем, сходство или различие взглядов, вкусов, пристрастий. в конце концов по каким-то косвенным фразам можно составить представление о человеке. иногда просто здорово посмеяться вместе или даже помолчать. и вовсе нет такой обязанности раскрывать что-то личное. кстати, каждый ответ на бв это тоже раскрытие человека, - его мнений, ощущений, мыслей. и этого не так уж и мало для общения.;normal
че нибудь белковое или кашку овсяную. яйцо омлет, кусочек вареной говядины, бутерброд с сыром.;normal
раньше были времена, а теперь мгновения. раньше поднимался куйа теперь давление;normal
через полгода будет дана проверка на твою состоятельность. выдержишь-все наладится.;normal
идти на убийство только если это не убийство из самообороны ради женщины. до сих пор происходят такие случаи один мужчина напал на другого из-за женщины, причем просто так и они меня крайне возмущают. разве стоит другой человек такого зверства? нет.;normal
в том что большинство людей просто не способны понять его. ленятся или не могут;normal
фенистил гель или место укуса надо ногтем крест-накрест помогает. сама так в детстве делала;normal
это сложно. надо попробовать влюбиться в другого, который к тебе ближе.;normal
любят за то, что он именно такой какой он есть. со всеми его достоинствами и недостатками.;normal
отношения бывают деловые, дружеские, финансовые, сексуальные и даже враждебные.;normal
вполне допустимо. на территории бхараты точно есть могилы халдеев, они посещали бхарату и жили там.;normal
обычно или для увеличения производительности или увеличения количества подключаемых мониторов;normal
это ерунда. обычный грипп. лечить как обычно. а лучше укреплять здоровье и не болеть.;normal
они думают, что они сильные и эмансипированные. а на самом деле злые и жалкие.;normal
стараюсь сама, но если что то не получается у меня есть муж он все проблемы решает.;normal
мы контролируем материю, потому что контролируем разум. а нас проконтролирует еще кто-нибудь;normal
а у меня есть друг василий. нормальный такой чувак, положительный. и имя такое нормальное. василий;normal
парю себе мозги стоит ли мне аву поменять а то меня что многие игнорируют и тебе доброй ночки;normal
думаю, тут два варианта. либо этот мужчина неуверен в себе, имеет определенный комплексы и страхи. либо же он сам не знает чего хочет и потому пытается держать женщину при себе, не делая попыток сблизиться. чтоб была рядом на всякий пожарный.;normal
любое удаление зуба делается с анестезией обезболиванием. не будет больно.;normal
. они. в объятиях лжи. я иду искать. правда или действиепоследний фильм забыла, как вспомню напишу;normal
первой очередью-политиков, второй-бюрократов, третьей. а патронов сколько дадут?;normal
попроси у них выписать счет на оплату страховки по безналу и они сами тебе раскроют этот секрет;normal
а почему нет покоя? можно же переписываться и в покое. хотите реальных отношений? тогда так и нужно отметить в анкете. чтобы человек, написавший вам, знал, что да, вы не намерены торчать в интернете ради переписки до посинения, что через пару-тройку дней будете готовы для реальной встречи. вот и будет покой.;normal
после обеда пойдем с дочей на снегокатах кататься а вечером, в детской, нужно шкаф укоротить;normal
веру не выбирают. она либо есть, либо ее нет. все остальное от лукавого.;normal
мужчина и женщина - ничего не ищут друг в друге, а - видят друг в друге - свое отражение, подобие себяобщие ценности, цели, мировоззрение.;normal
кто. кто то делает. а кто-то не хочет. но сам себя я всегда осчастливлю.;normal
придется ее воспитывать другими, гуманными методами, менять кнут на пряник.;normal
смотря кому принадлежит общежитие. если городу-то да. если конкретной организации -то нет;normal
потому что это проще всего, проще, чем бороться, пытаться решить проблемы иным способом;normal
да и сколько женщин считающих что никто их не достоин воют в подушку от одиночества?;normal
явно он какой то бактериальной болезни, может быть какая либо рана, нагноение после операции;normal
стихи пушкина, толстого, лермонтова. романы, детективы, все зависит от вкуса. приятного чтения.;normal
я люблю мужа, а каким он будет лысым или с длинными волосами мне без разницы;normal
потому что большинство фруктов и ягод сладкие и хорошо выглядят. вот и возникает такая ассоциация. так и хочется этими красотками полакомиться.;normal
лучше вдвоем, если дело касается крупных покупок. а на остальное пусть каждый сам зарабатывает.;normal
все от вас лично и зависит. если нет желаний то сложно предположить что что то произойдет;normal
 лет это не такой уж преклонный возраст, чтобы переживать по поводу того, что свидания начались слишком поздно, главное чтобы это первое свидание сразу не стало поводом для женитьбы.;normal
это негигиенично. в здоровье показали, что в бороде микробов больше чем в унитазе.;normal
не возбуждают? -ну ничего. это еще не страшно. а как насчет писек? и жопок?;normal
ложь - естественна и необходима, она вездесми, школа, кино, книги и т.д. и она не может разрушить дружбу, а вот - обман и вранье - могут.;normal
лучше бы перевозили вагонами, чем фурами все загрязняют и пробки создают.;normal
никак, бывает такое когда подарки высвечиваются выше, ну это не что инное чем глюк;normal
сердцу не прикажешь вот кааааак влюбишься тока и усе по заказу не бывает;normal
уважающий себя хрисианин не пойдет на передачу испорченную астрологической профанацией.;normal
потому-что нужно быть не только красивой, а еще и умной. а несчастны разные и страшные не менее.;normal
в случае если товар ненадлежащего качества, имеет право требовать возврата средств;normal
ой, веселенькая всему свое время, так что потерпи и сама узнаешь и нам расскажешь.;normal
если идет какой-то хороший фильм и я случайно на него наткнусь, переключая каналы;normal
любовь не может приносить боли. это невозможно. она придает сил, но не отнимает.;normal
врач нужен больным. в больнице больные, в храме грешники. ну в казино просто дурно-богатые.;normal
частенько готовлю родителей к рассказам о том, что я опять что-то натворила.;normal
да не помогает. психологически может быть. предрассудок, оставшийся со времен ссср;normal
воруют у своей страны и народа, а прихвостни их шестерки, губошлепы нетрадиционной ориентации;normal
любым и всегда ответ будет вот оно будущее, какой бы мерзкий напиток не был;normal
да блет не скажу, когда чтото заработает, тогда скажу! а то мне немного стыдно;normal
для любви нужны годы. а пока что максимум влюбленность. да и то не факт.;normal
если не прилагать усилий с двух сторон, никто ни с кем ни по какой судьбе вместе не будет;normal
просто я до сих пор не пойму. что от меня ей нужно. столько было уже возможностей сдохнуть.;normal
отдаляются только слабые, у которых своих проблем по самое не хочу и они привыкли что за них решают.а сильные мужчины всегда рядом, как бы не было тяжело и чтобы не случилось.;normal
страх нужен для тренеровки смелости. все противоположности взаимосвязаны.;normal
серия гран туризмо, нфс и форза моторспорт но моя любимая сплит секонд советую;normal
несколько приемов у опытного психолога. ваш позитивный настрой на лечение и можно свернуть горы;normal
за то, что в боевой готовности находится. только не сильно, а то оторвать можно;normal
у самой всю ночь такая проблема была, помогло теплое питье и полоскание солью. каждые полчаса.;normal
гвозди забиваю, шляпы примеряю. а что, есть и другие способы использования? оо;normal
забиваете кормофф и пользуетесь. мне нравится и ценой, и качеством, и доставками в срок.;normal
может быть по другому? не хочу жить и не хочу умирать? в любом случае это депрессия. пройдет.;normal
интересны новинки техники и науки, вооружения, а также политические новинки;normal
бооорщ катлеты у меня все вкусное. потому что с любовью. к любимым и к кухне, как таковой;normal
сделанный по спецзаказу, а совсем не такой, какие продаются в салонах связи.;normal
пушкин например поэт от бога, а писания собранные в библии в основном от бесов отца небесного.;normal
сможете трудоустроиться, у вас благоприятное время для этого. действуйте уверенней.;normal
мужчинам ничто человеческое не чуждо. часто намного больше не чуждо, чем женщинам.;normal
ты красивая баба. высокопримативная. не хуже и не лучше многих. но безусловно слабее меня.;normal
всегда найдутся те, кто счастлив только тогда, когда другие несчастны. для сравнения.;normal
цвет крови рабочих и крестьян. а у всяких графьев-князьев кровь голубая;normal
если у тебя телефонная версия, то только в симбиан ос можно поменять, а так не знаю даже.;normal
ну кто же не чувствует? конечно чувствую когда любят и когда не любят. тоже чувствую.;normal
который ко мне хорошо относится. тот и хороший. -. остальные конченные мрази. -.;normal
ну у высоцкого же есть песяня песня о друге. вот и послушай, там очень доходчиво;normal
у меня две чих и немец. я больше на немца похожа, простая и незатейливая, но верная;normal
мужественность, сексуальность, решимость, и в то же время ранимость и нежность.;normal
он говорил плодитесь и размножайтесь, а не сидите на шее у работающих и бейте поклоны мне;normal
рыбалка прекрасная погодка! уютный теплый летний денек, вы на своей любимой речке и поэтму.на крючке сидит: чмоняэнергии осталось:;normal
по-моему, основная причина это безделье, ведущее к расхолаживанию дисциплины.;normal
очень веселая прогулка получается мы бегаем, дурачимся, а на улице ни души;normal
быт это больше женское дело, а вот понимание в быту, я думаю нужно и мужчине.;normal
тюльпаны, крокусы, даже розы при условии, что еще нет морозов. у нас нет и мы еще высаживаем.;normal
от части да. но часто это фарисейство и подгон под тренд общества, но не правды о боге;normal
если бы не было женщин, то что было бы? ох, даже трудно представить, что бы начали переживать мужчины до того, пока все не вымерли. хотя, подозреваю, они еще до вымирания поубивали бы друг друга;normal
в бюро трудоустройств делают такие. выбирай ту, к которой душа тянется не ошибешься.;normal
псориаз практически не лечится, но можно уменьшить его проявление по рекомендациям врача.;normal
так как я люблю свою работу, то продолжаю работать. при этом ищу другие источники существования.;normal
я иду. а девушки которые идут одна не думаю что идут танцевать, я не о нормальных девушек.;normal
а что делать то. когда мужчина. ремень снимает других вариантов нет-тока оптом;normal
я ревную своего друга и свою подругу. очень даже. потому что я их люблю. и желаю им только счастья;normal
хм скажу ведь, что красива очень скажут выпендриваюсь скажу страшная как чорт не поверят;normal
нет не настоящее все иллюзия. реальна только мысль которая создает всю эту иллюзию;normal
завтра скажут. ну вряд ли щас скажут чот страшное скорее всего, просто про референдум;normal
дурное дело нехитрое. а иногда и поле перейти не просто, не то что жизнь прожить.;normal
ковровых бомбардировок еще не было, после референдума и посягательства всу на территорию рф они понадобятся, так как начинается война, а не сво;normal
отсутствие сна не проблема. проблема, когда ты не знаешь ради чего просыпаешься по утрам.;normal
отдаю дань ее сиянью, через какое-то время начинаю видеть другие и опять выбирать сияющую.;normal
нет, даже совсем не родственница, хоть и прикидывается. свобода начинается с ответственности.;normal
никакая. все проходит и это пройдет. а здоровья оставишь часть в этой грусти.;normal
троих детей оставлю. все бы так, не надо было бы ждать китайцев в россии как будущих жителей;normal
любовь есть. о том, что любви не существует говорят те, кто ее еще не встретил, но уже повесил нос;normal
приобрести как можно больше вредных привычек, а потом от них отказаться.;normal
в россии дипломы бакалавра, специалиста, магистра государственного образца.;normal
толк есть, но не во всем. есть питание, которое работает, есть, от которого пращи высыпают;normal
я и так ем за двоих и дрыщь. а если еще с регулярной периодичностью буду курить, стану трагладитом. на одну жратву работать буду;normal
главное успеть поцеловать до того как чихнет ибо сопливых вовремя целуют;normal
стрессы особенно постоянные являются предпосылкой многих серьезных заболеваний.;normal
ну он же нерусский, как может, так и пишет. и так видно шо старается. надо ну, подсказать шо в пошли все нахуй трудно допустить ошибки;normal
вот антон. теперь скажи почему мы должны верить человеку сидящему на зарплате американского правительства;normal
жена меня обеспечивает, она генеральный директор, а я тунеядец, военый пенсионер.;normal
у меня отличный график в плане работыпоэтому до пятницы я не доживаюа плавно в нее вхожу;normal
надо обязательно проговорить эту ситуацию и выразить мужу свое недовольство, иначе он впоследствии так и будет при удобном случае унижать жену, выставляя ее при посторонних в невыгодном свете. мог бы сказать про этот воротничок с глазу на глаз. у всех бывают промахи, можно об этом вообще промолчать, или же сказать наедине но не в качестве грубости или претензии, а как небольшое замечание.;normal
с настоящими друзьями -я болтаю без умолку-они слушаютсо закомыми -молчу и я слушаю;normal
ага оквэд, лично я выбирала так наобум. включила очень много чего так все элементарно и просто;normal
наверное не сорт, а тип людей. тип - жертвы и тип агрессора, не просят прощения если виноваты в чем-либо. первые - боятся, что их не простят и будет ссора затем конфликт, а им это не выгодно, так как они созовисимые. вторые - всегда правы.;normal
потому что сами еще дети, и не доросли до того что бы учить более младших детей.;normal
о отлично устал как пес но лежу в душе отмакаю такой кайфффф я тебе скажу этот ваш контрастный душ;normal
боевое самбо, в нем собрано наиболее эффективное из всех восточных единоборств.;normal
все сообщения удаляются, если чел много оскорблял либо много пиар кидал либо еще чтото прочее.;normal
никак во время бурь скачу как конь а вот после и голова болит и настроение паршивое;normal
безусловно. не поддерживать их может только безразличный человек, либо кретин;normal
еще их раздражает, когда мы выпячиваем свои я же женщина, я же мать, ну ты ж мужчина, ты должен - вот это для них как красная тряпка для быка! настоящий феменизм предполагает равенство обоих полов во взаимоотношениях. если женщина никому ничего не должна, то почему мужчина должен быть вечно кому-то обязанным? с какого на? поэтому чтобы сохранить настоящую любовь, надо перестать давить на мужчину, прекратить выносить ему мозг и вечно чего-то требовать. ну вот это типичные ключевые моменты. а дальше все у всех индивидуально;normal
именно, поэтому женщины бояться знакомить своих мужчин с так называемыми подругами - не хотят терять любимых мужчин и подруг.;normal
спокойствие, только спокойствие. это я говорю себе везде и всегдапомогает;normal
душа человека-это духовная ткань, частица бога, отсюда и понятие чада божии.;normal
если голова болит в области затылка, моментально исцелит водочки бутылка.;normal
танцевать, всю ночь напролет. неважно с кем, где, когда, главное танцевать;normal
пробовал в разных вариантах-очень неприятно не мое-лучше какао и чай пить и изредка кофе;normal
как правило это озлобленые люди. неверующий человек в старости-это весьма печальное зрелище;normal
я тоже удивляюсь почему пидоры называются голубыми такой прекрасный цвет испоганили.;normal
причин, из-за которых появляются метеоризм и вздутие живота, может быть множество.;normal
по времени года или дня? а вообще никаких, с любимым где секс застигнет;normal
точно, точно. все думал, почему у нариков зрачки увеличены. оказывается от приятности.;normal
чтобы точно ответить на ваш вопрос, нужно провести опрос среди женщин, гиперопекающих своих детей. я же могу только предположить, что таким образом женщины поднимают свою значимость в первую очередь в своих глазах, кроме того им кажется, что сверх меры опекая отпрысков, они таким образом контролируют их жизнь и смогут внушить им тот жизненный сценарий, который считают правильным.;normal
ревакцинация? придется повторно делать первую прививку, а затем и вторую.;normal
бог это любовь. любите друг друга так как вам нравится. остальное предрассудки ханжей.;normal
у меня свой одноглазй мощный змей, который наравит залезть ей в вагиночку;normal
джава и питон это не операционные системы, это языки программирования. анриал энджин это вообще движок игровой.;normal
поделюсь самым большим провалом в памяти-я реально не помню тел. бывшего мужа.;normal
вода коричневого цвета обычно бывает там, где река проходит через глинистые грунты;normal
крестьянское или вологодсткое. а сверху можно еще и икорки красной или черной, ну кто что любит;normal
не все животные травоядные, поэтому их собратья регулируют число вегетарианцев среди людей;normal
вдыркивдевалки, экономящие биллион литров наших нервов, при вдевании шнурков;normal
я бы сказал, что могу загладить свою вину, но извини. мы не так близки.;normal
каждый день свет наступае и кончается если конец мира то это несколько миллионов лет;normal
мужчины-они умнее женщины проиграют, т. к. очень долго будут наносить боевой макияж;normal
если ты женишься, а потом бежишь налево, ты или неудачник или придурок. охлобыстин.;normal
я стараюсь вместе с сыном разобраться в его поступках или в его ишибках.;normal
спектакль интересен еще и тем, что количество актеров многократно превышает количество зрителей.;normal
а в нашей деревне кроме кладбища и бани ходить некуда предпочитаем париться;normal
иногда ем. но я ими не питаюсь. именно из за вкусаименно из за вкуса иногда их бросают в коктейли;normal
знание законов мироздания в котором мы живем-это и есть духовные потребности.;normal
а как же проблемма где мужа к найти, который этот шкаф соберет и туда одежку запихнет.;normal
измену нельзя простить, ее можно только принять, переболеть, забыть на время. измены принимают когда очень любят и не хотят все рушить. иногда бывает из-за брака, детей.;normal
признак ангины, разновидность без температуры. болезнь будет проходить сложнее;normal
я писала что. вместе с любимым человеком и это не мечта. нам с тобой еще жить и жить;normal
смотря для чего тебе ноут для работы учебы равных нет для игр естественно настолный;normal
такие удачные партии наблюдаются при слиянии каких-то фирм при помощи брачного союза представителей владельцев.;normal
посмотри новости про украину и увидишь. и лидеров и народ. и соответственное будущее.;normal
в юношеские годы нужно получать от жизни максимум удовольствия. однако упорный труд в подростковом возрасте поможет развить хорошие привычки, которые вы перенесете в свою взрослую жизнь. существует множество способов улучшить свою подростковую жизнь. определите свои цели и увлечения, добейтесь успехов в учебе и других сферах жизни, улучшите свою самооценку и самовосприятие и обязательно постройте положительные отношения.;normal
улыбнуться и расхохотаться обязательно выть совсем не надо, давай я тебя лучше по голове поглажу;normal
лучший ход это отход от драки, нужно иметь терпение и уметь договорится.дипломатия, однако;normal
на ней же написано основной закон. любые законы не должны ухудшать конституцию. как-то так;normal
я не вещб что бы тупо давать себя кому то любить -это легко вот взаимности;normal
ну вы и сравнили. удивляюсь вообще. кому помогает глицин. спиртовые капли все быстро помогают;normal
к несчастью утопия, потому что сколько не пытались сделать утопию, получался ад похлеще ада дантэ.;normal
померяйте давление во время головной боли, оно м. быть понижено или повышено.;normal
потому что родители бояться научить детей плохому, а дети бояться, что их наругают;normal
знакомая пирожки красиво лепита лучший друг хорошо дерется и знает многое о вов.;normal
да, женская вредность и стервозность это как приправа для скучной и размеренной мужской жизни.;normal
верующих мало, в основоном это люди, которые считают себя верующими, но ими не являются;normal
пауза. только человеческая психика способна выделить из целого частное в музыке и наоборот.;normal
да-да, такие случаи тоже бывают: жена заподозрила что муж ей изменяет, увидела что сидит на сайте знакомств и решает проследить за мужем- зарегистрировалась сама, может даже фотку не свою разметила и начинает флиртовать со своим же мужем, чтобы выяснить на что тот готов.;normal
уж с жильем там никогда проблем небыло, лучше в центре отдыха это ялта, там все экскурсии рядом;normal
я люблю игры. и создатель этой проги тоже любит. особенно рпг и тактические походовые стратегии. слыхал про такие;normal
нет я как правило не руководствуюсь своими желаниями при жизненных действиях.;normal
это скорей азарт -мы с любимой спорим на щелчек по носу -не сильно не волнуйтесь. -;normal
в петербурге в гос. университете есть исторический факультет, археология преподается.;normal
рыбалка был теплый летний день, вы неспешно закинули поплавочную удочку и осушив стакан заметили движение поплавка.привычным движением вы делаете рывок.на крючке сидит: кандибобервы получаете  энергии энергии осталось:;normal
конечно может. как правило на нервной почве повышается давление, а вместе с ним учащается и пульс.;normal
зайцев. нета вообще просто пишете скачать название песни и скачиваете с любого сайта.;normal
изучал с верным умыслом и в верном направлении, послал бы все религии нах;normal
обожаю и вижу результат от крема с охлаждающим эффектом и от крема с бронзатором.;normal
я тоже ей признаюсь в том, что отношения с девушками, меня не интересуют;normal
может, конечно. чистые темпераменты встречаются довольно редко. обычно личность имеет смешанные признаки нескольких типов более или менее развитые. по существующему среди исследователей мнению, тип темперамента у человека не меняется. но в течение жизни, в зависимости от социального положения и других ситуаций, человек способен развивать и подавлять те или иные стороны своего темперамента.;normal
мне кажется, мы о разных вещах говорим.я про курение, а ты про другие вещи. ну да ладно.кого что волнует.;normal
не куда, а откуда. видимо, от стола, на который больше смотреть нет сил.;normal
очень больно но тот кто рожает-не первый и не последний зато награда какая желанный ребенок;normal
батарея должна тепло отдавать вот ее и красят в белый что бы отражать тепло;normal
петь я не умею, а точнее пою ужасно, и пить не умею, бошка всегда болит;normal
да ктож знает меру то эту ведь что для одного хорошо, то может быть для другого плохо;normal
все до единого, кроме советских, вот раньше хорошо наши снимали а сейчас такая параша;normal
вообще не играю. э и тошнит меня. от брезгливости. от подобных игроков и игруний;normal
опыт религии это будущее и стабильность если все крепко у нас гавриил у них джабраил.;normal
я не знаю. счастье оно ведь исходит изнутри, стоит только захотеть и ты счастливый.;normal
не до бога когда путевка в турцию горит как торфяники в шатурском районе. -;normal
к каждой боли нужно индивидуально. кого лечить. кого сверлить а кого за гирю. и с балкона.;normal
бывает, но чаще всего эти женщины одиноки в душе, а в реальности уже замужем.;normal
ни чего кроме травы расти не будет, только рядом с елью можно садить растения.;normal
у меня уже давно нет лучших подруг. потому что так оно и происходило. как ты написал.;normal
нужно белки бояться, перестанешь бояться ее, привидения тут же придут, как осложнение.;normal
надо сначала узнать по поводу посылок, отправляют ли они в австралию или нет;normal
браков по расчету стало больше, потому что расслоение общества стало очень сильно бросаться в глаза и что лучше - жить хорошо или жить не очень хорошо, стало вопросом риторическим. наживать все с нуля - дело, конечно, похвальное, но и получить все, нужное для жизни достойной и приумножить впоследствии - тоже ведь неплохо? а мужчины сейчас все следят за собой и своим здоровьем, особенно молодые, так что симпатяга с деньгами или точно такой же душка, но не умеющий зарабатывать и ничего не имеющий - кого выберет девушка, здесь и к бабке не ходи, понятно, кого. я думаю, такое понятие как расчет давно ушло, есть понимание, что надо жить в нормальных условиях и детей своих рожать и растить не под забором. мужчины же добывают - так что и ищут женщины адекватных мужчин. так и должно быть.;normal
выкинуть нафик всю мебель из комнаты и растелить большой ковер и накидать подушек.;normal
если напряжение и ток у повербанка соответствуют потребителю то преград нету никаких;normal
конечно существует, только с ним нужно подружиться, чтобы он стал хранителем дома, а не вредителем;normal
нужны звуковые драйвера которые шли с ноутбуком найди установи или переустанови;normal
актер хорош. хочется надеяться, что вещи, которые нас потрясут впереди. пока на твердую троечку.;normal
это секс без проникновений и прикасновений, силой воображения при медитации.;normal
если его мнение может что-то поменять прислушиваюсь, если же нет посылаю;normal
вторая положительная, а происхождение предков по моему по днк определяют.;normal
в религии ведется сознательное спаивание народа там причащения вином и т. д.;normal
ляяя.я с зала пучок на башке и не накрашенная! ты чего не хочу быть брошенной;normal
действительно, в любви, да впрочем и в любых отношениях. нужно уметь понимать, и самое главное прощать друг друга, ведь прощение это верный и правильный путь к здоровью и успеху, и только действительно сильный духом позитивный и умный человек может это делать, при этом очень важно понимать, что усмирить нужно не только свою обиду и гнев, а так же и признать, возможно, какие то свои ошибки. и по моему мнению, само по себе слово прости обладает определенной волшебной силой, способной предотвратить начинающийся или уже имеющийся конфликт. и прощать нужно не просто так, чтобы сделать галочку и потом забыть, а действительно искренне, как говорится, от всего сердца из самой души. понимание и прощение друг друга - это залог стабильных, позитивных и доброжелательных отношений между людьми.;normal
потому что вызывают массу положительных эмоций и ощущений. у строены мы так богом.;normal
страшно, когда что-то новое, на поверку оказывается хорошо забытым старым, остальное норма.;normal
меня забирают обычно до того, как она заканчивается, что нереально обидно.;normal
это как? чтобы прямо кайфовать от этого? нет, я бреюсь только потому что надо;normal
раки хозяйственные мадам, тебе точно должны нравиться и не болтливы, умеют слушать;normal
ага, конечно там тогда у дьявола чета не маленькая уже собралась, наверное.;normal
это как горизонт. все видят в меру своего зрения, а штурм вершины растягивается на всю жизнь.;normal
в питере живут ленинградцы, а питерские жили раньше, пока их не поубивали питерские.;normal
я жила на , умирала от жары прям под крышей. от крыши жар шел. сейчас живу на втором и дома прохладно, кайф  не хочу больше жить высоко;normal
если заморозить, то сопротивление пропадет, сверхпроводимость начнется.;normal
булгаков это уже серьезная заявочка я щитаюну лично для меня, я прочел собачье сердце вот и хочу дальше двигаться по его литературе, и пора уже перечитать мастера и маргариту;normal
ага, а наша планета и космос относительно кого чего -то просто электрон;normal
в поддержку. того что было. главное иметь мозги. что бы его не упустить.;normal
новый год. обожаю всю эту праздничную подготовительную суетуподарки под елкойзапах мандарин;normal
а где столько горючего то взять?? не. мы будем по старинке. авось само что вырастет;normal
на эстраде не нужны сейчас таланты это бизнес деньги-деньги-деньги из г. на делают конфетку;normal
вот зачем ты так? представь себе.сижу, досчитаваю свой домик, а теперь мысли разбегаются как таракашки;normal
терпимость, умения ставить себя на место другого, соучасливость, умение говорить на позитивные темы;normal
ничего хорошего от сустанона не будет хоть жирному хоть худому, это спорт химия а это вред;normal
любишь общение и острые ощущения-в плацкарте. хоешь поспать и покоя-в купе. правда не всегда;normal
доверие и надежность самое главное. любовь это так. понятие растяжимое.;normal
мозги всегда ношу с собойкогда зима, когда покойи даже думаю порой. -что дико, думаю весной.;normal
бесконечность эт когда нет конца. а серьезно то чтоб понять нужно высшую математику изучать.;normal
у любого блогера на странице есть емейл для контактов. плати деньги и вкидыай что хочешь.;normal
можно совратить но лучше научи больше пользы небудет зато вроде совесть чиста.;normal
о, дааааа ибо жизнь в молодости надо прожить так чтоб было что вспомнить в старости;normal
рожденный духовно на плоть не ведется. любовью христовой по вере спасется.;normal
а ужу сегодня началась июньская погода хотя по прогнозам обещают жаркое лето.;normal
сначала нужно создать красоту собственных мыслей, тогда откроется красота внешняя;normal
если бы зла не было, добро было бы бессмысленным и никому не нужным изыском.;normal
чикенбургер там неплохой, сырники очень вкусные, а вот кофе там не очень как по мне;normal
любовь это когда ты не хочешь засыпать, потому что реальность лучше, чем сон.;normal
у меня почему-то получается осенью не то, что люблю так выходит всегда.;normal
дочь конечно счастье, но для полного счастья должна быть женщина. хорошего дня и настроения;normal
мы натираемся и еще солью или кофем пилинг делаем, обалденно кожа как у младенца;normal
а у нас практически все через. и октябрьская революция в ноябре празднуется.;normal
пусть сны будут добрыми, ночь спокойной, день удачным, мысли светлыми, прогоняющими кошмары тьмы.;normal
объявите страховую стоимость. реальную. заплатите. проблем не будет никаких. а как бы вы хотели?;normal
по любому чулувеки большую часть енформации воспринимають образами и чуйства тожа;normal
вы закрыли доступ. там под фото замочек висит? я только, что проголосовала значит можно;normal
самый верный способ-захотеть короткие ногти и тогда-стричь не успеваешь;normal
зачем это тебе? у тебя итак вполне нормальный, свежий, насыщенный, зеленый цвет.;normal
дрочит правая рукадрочит левая рукааааакак бы мне сейчас совсемне обкончаааться;normal
привет, сколько лет, откуда будете, чем увлекаетесь и кем работаете или учитесь?;normal
меня наверное трудно. сама знаешь как я порой сам задумываюсь за что меня любят. я же.;normal
а чем троллейбусы оказались ценнее автобусов? они бы еще на трамваях бежали;normal
я могу рассказать что угодно - скажите мне ключевую фразу расскажи про и добавь про что именно;normal
какие это у тебя вредные привычки уже, ногти что ли грызешь я тоже люблю погрызть;normal
кирпичей летящих им в лобовые окна от соседей, что не высыпаются изза них.;normal
кардиолог, он и смотрит степень всд и при необходимости подключает невропатолога. медик.;normal
дружба между мужчиной и женщиной реально возможна, если они либо бывшие, либо будущие любовники;normal
только если зделана для того чтобы что то скрытьшрам и тп а так вообще к тату равнодушен.;normal
новый фото. ру, озон. с рук мониторить барахолки в своем городе авито, молоток, сландо.;normal
что удобно, то и мое, а главное в одежде обувь, тут уж желательно не экономить;normal
зависит от мужкого ума и положения, я вот простушек терпеть уже немогу, неинтересно с ними;normal
для меня кошмарами становятся обычные сны. которые почти всегда сбываются.;normal
у меня в моем мире есть приложение виртуальное пианино, может так можно?;normal
проблема, как мировой экономике уйти от доллара и евро и чем их заменить.;normal
вы не совсем правильно это воспринимаете.не бывает каких-то там особенных мужчин, которым нравятся лишь полные женщины. не в этом дело. как мужчина я это вам сейчас объясню. понимаете, женская полнота - это палка о двух концах. иначе говоря, она может быть как безобразной, так и умопомрачительно красивой. безобразная полнота никому не нравится, а вот красивые толстухи нравятся всем мужчинам без исключения, а не каким-то там особенным. красота, она и в африке красота.помню, как-то видел в сети ролик с очень красивыми толстушками. сейчас найду, чтобы вам понятно было. ага, вот, нашел.;normal
а чего восстановили атомную электростанцию, построенную им русскими в советское время?;normal
обычно это и призводит к депресии безчувственный человек не волнуется и депресии у него нету;normal
работаю над тем, чтоб одиночество случалось реже, иначе просто занимаюсь чем-то для души.;normal
люблю много песен особенно в исполнении с. михайлова и ирина круг думаю вопрос в музыку снесут.;normal
возьмите на себя дополнительные хлопоты по дому. в добавок к тем деньгам, что родители дают вам на карманные расходы кажыую неделю или каждый месяц, спросите, могут ли они давать вам больше за больше работы по дому. не забудьте обсудить, какие именно обязанности вы на себя берете!;normal
ща повнимательнее посмотрю, вроде бы оба одинакового цвета и размера были;normal
юсуповский дворец с новейшими технологиями, шлюхами и с любимыми родителями;normal
эгоисты. хоть и не сказал бы хороший, но многие хорошие качества никто не ценит и не замечает.;normal
ой, а сколько здоровья у нас вытягивают женщины, сигарета после этого чупа-чупс.;normal
время часто лечит от горя и обид расстояние отдаляет и хороших и плохих людей;normal
я думаю, что девушки знакомятся первыми, потому что, парень им интересен, симпатичен. в другом случае, если сам парень не делает первых шагов. тогда девушка берет все в свои руки;normal
если сексуальная, то это уже некрасивая и это может заинтересовать только кобеля, но не мужчину.;normal
для того, чтобы утверждать справедливость такой систематизации, необходимо пояснить сам механизм, согласно которому основа систематизации влияет на систематизируемый обьект;normal
по прошествии такого времени, чтоб уже никто не помнил, как это старье выглядело новьем.;normal
если в оправе то на дюбелях, если нет на жидкие гвозди можно попробовать;normal
чтоы выполнить соглашения нужно, чтобы укропия бла страной. а она уже недоразумение.;normal
тогда придется забыть обо всем, пускай бьются сердца и не что их не остановит;normal
в других верах много хорошего есть, может людям это близко, буддизм например очень даже.;normal
ну на крайняк всегда можно сделать скриншот, а потом вырезать в каком нибудь фоторедакторе.;normal
соберу скатерть-самобранку. одену шапку-невидимку и без билета в самолет;normal
праздник не у нас, а у гос-ва. а мы как хлебали лаптем щи. ниче вопщем то и не изменилось;normal
он не ест не пьет часто спит если у вас есть такие симптомы сводите к ветеринару;normal
очень редко. как можно верить человеку, если он сам себе не верит, а только вымышленной сущности.;normal
некогда мне перерываться если хочу поступить и сдать все эти сраные экзамены;normal
у меня лично волосы хорошо растут от алераны шампунь и маска из настойки перца жгучего и яйцо.;normal
я знаю несколько весов. не могу сказать, что это самые приятные мужчины сложный характер.;normal
безусловно, и в можно стремиться к серьезным отношениям. подождать пару лет вполне реально, если есть любовь, то она не перегорит. и если вам с такой разницей в возрасте а и это существенная разница, поскольку - это еще школьный возраст реально интересно друг с другом, то все может очень хорошо сложиться.;normal
потому что нервничать будешь чаще гораздо, если все обдумывать а это действительно вредно.;normal
дык к ним и обратиться мол, дорогие пришельцы. денег я вам не дам. и фигу показать;normal
я слежу за своей речью, но иногда могу и сорваться особенно когда идиот или идиотка за рулем;normal
мой витамин это холодный свежевыжатый апельсиновый сок, после бассейна.;normal
годами поддерживать отношения свежими задача не из простых, но это не обязательно должно быть отрицательным. как и со всеми испытаниями, успех от преодоления препятствий еще слаще, достижения становятся более значительными. эта энергия обязательно любым отношениям даст заряд энергии!;normal
всю службу мести плац в этих войсках срочной службы. иди на флот если есть выбор там интереснее;normal
тем, которые не умеют ценить отношения и встречаются одновременно со многими мужчинами;normal
лисицы едят мелких грызунов, тех же мышей. а мыши едят зерно, орехи, злаки.;normal
продать можно но зачем снимать то снимать ничего не нужно, читайте закон об ооо там все сказано;normal
это не нужно. к тому времени так повысят пенсионный возраст, что сдохнешь раньше.;normal
по разному учат, прививают разные нормы добра и зла, пример родителей, друзей, телевизор.;normal
чемпионаты мира проводятся, очень люблю смотреть. а вот любители там или профессионалы не знаю.;normal
цвет волос не имеет значение главное чтобы была красивая и в голове был не ветер;normal
доброта скорее, во всяком случае ни хочу ничего плохого, но иногда как ляпну, умереть хочется;normal
это можно только у америкосов. там всегда преобладает путаница-политики и жизни;normal
могу цветами закидать и ни на что не намекать. угостить ванильным кексом, а потом заняться.;normal
меня, вот, дважды до смерти пугали. я лично провожала пугавших в последний путь.;normal
ты не делаешь никаких выводов, при общении с человеком? первичные выводы не твое, да;normal
я полюбила готовить по старинным рецептам. очень увлекательное занятие.;normal
все что мы в жизни имеем приходит нам от любви. получается, что выше любви нет ничего.;normal
а давай если кто нить кругом спасательным не даст по голове, то все будет нормально;normal
штаты никогда не воевали на своем острове и весь мир грабят а нам такое претит.;normal
зеленый чай, но только настоящий и обязательно китайский, потому что все остальное ерунда.;normal
я тоже не люблю сильно большую зимнюю верхнюю одежду. терпи. скоро весна.;normal
за последние полтора года у меня сильно ухудшилось зрение, и я хуже стал соображать, голова как в тумане;normal
скарее нет курить охота пару недель но каждый день без курева приносит радость;normal
дискретно, по завершении кванта действия. по простому квант действия кванту времени.;normal
ну будешь ты лечиться, ну проживешь на день дольше. и весь этот день будет идти дождь.;normal
поживем, увидим, не будем загадывать, а море это хорошоособенно в хорошей компании.;normal
потому что они подонки и для своих подлостей используют любую возможность.;normal
а почему? просто тут повара они очень узкоспециализированы, и я исходил из того, что у них есть коронное блюдо. глупость?;normal
конечно, хорошее. это почти любовь. противоположность жалости-это жестокость, равнодушие.;normal
нет, только платно франчайзинговые фирмы обновляют в порядке дилерского обслуживания.;normal
вы не совсем правильно это воспринимаете.не бывает каких-то там особенных мужчин, которым нравятся лишь полные женщины. не в этом дело. как мужчина я это вам сейчас объясню. понимаете, женская полнота - это палка о двух концах. иначе говоря, она может быть как безобразной, так и умопомрачительно красивой. безобразная полнота никому не нравится, а вот красивые толстухи нравятся всем мужчинам без исключения, а не каким-то там особенным. красота, она и в африке красота.помню, как-то видел в сети ролик с очень красивыми толстушками. сейчас найду, чтобы вам понятно было. ага, вот, нашел.;normal
пылесосу пылесосом. тока блиска не поднаси пылесос соснет че не то. я тя пердупердил вопщем;normal
ненормальность, понятие относительное, нормальные тоже для кого то, ненормальные.;normal
именно. рай. это место. где и проходит наша последующая жизнь. без забот. и полная счастья;normal
"вопрос, который задают почти все, но не я. потупив глазки, с нескромностью признаюсь, что я такая; красивая, здоровая и богатая. однако была такою не всегда. в детстве часто болела. ангины сменялись воспалением легких. не скажу, что в школе я прям блистала красотой. только в последние голы учебы стала выделяться. и богатство пришло не сразу. в смысле я бы жила в достатке, полагаю, но вот, чтобы богатой.вопрос. в моей истории с богатством как бы две составляющие. умные родители. однако опять же, их образование и стремление к знаниями, могло бы и не сыграть своей роли. просто, когда я училась в старших классах, они развелись и.папа вновь женился и переехал на пмж в сша. туда же вскоре отправился и мой старший брат. отец открыл в штатах весьма успешную компанию. бизнес пошел, деньги потекли. брат тоже весьма прибыльно устроился в плане и женитьбы и работы. мама также вышла замуж за весьма богатого англичанина. я же оставалась с бабушкой и была предоставлена фактически сама себе. очень была обижена на родителей, что меня бросили. деньги, конечно для меня слали через бабушку, но я их не брала совсем. я училась и работала в условиях без материальной поддержки из вне. училась в универе и закончила его, получив диплом с отличием. и работ разных перепробовала и жизнь неплохо узнала с разных сторон. думаю, что сама бы определенных высот достигла, а если бы еще выгодно выскочила замуж.только меня совсем не прельщало жить за счет богатого мужа. я такая, что люблю независимость и сама пробиваться. случилось горе. умерла бабушка. все приехали на похороны. и отец меня уговорил, а родные всем скопом упросили, чтобы я стала работать у отца в компании. перед этим, они просили прощение, что вот так меня оставили. все звали к себе, т.е. даже члены их новых семей хотели со мной познакомиться. ну, и чтобы я не чувствовала себя дочкой на родительских подачках, что для меня было весьма принципиально, отец и предложил мне работать и зарабатывать, трудясь в его компании. добавлю, что я постоянно занималась йогой, танцами, плаванием и т.д. завершу историю о себе. однако хочу поделиться с вами такой мыслью. рассматривайте здоровье, красоту и богатство не самоцелью, а в качестве приложения к вашей деятельности. то бишь, вы занимаетесь спортом, потому что вам это нравится, а здоровье и прекрасное телосложение появляются в процессе. вы духовно и умственно развиваетесь, проявляете лучшие духовные качества. красота вашей души отражается во всем облике, во взгляде в выражении лица, в речи, в поступках. вы постоянно учитесь, осваиваете новые профессии, приобретаете новые знания, держите себя в тонусе и деньги к вам сами придут и будут приходить. не столь важно, как, когда и сколько, т.е. стремитесь обогатиться внутренне, а внешнее приложится. дело не в том, насколько вы богаты, а что ваши знания и способности позволят вам заработать в любой момент. человека любят не за красоту телесную. одинаковое лицо, но в первом случае с выражением лица полной дуры, а во втором умное и одухотворенное. зачастую привлекают к себе не те, у кого красивая наружность, а кто гладко и приятно с нами говорит. модная одежда, макияж и прочее сглаживают разницу между красивыми и некрасивыми. а еще есть успех, талант, деньги. красота - плюс, однако не столь существенный. безмозглая красота - ничто. богатство у человека без мозгов долго не задержится. а здоровье без здорового образа жизни в миг испарится. рецепт ко всему - умная голова.";normal
регулярнос первого словаэто я так влюбляюсь в психических садистова их тут как блох на шарике;normal
легко и непринужденно. даже мастерски. но никогда ее применяю этого умения на практике.;normal
и то и другое, автомат удобен в пробках, механика при быстрой езде. сейчас у меня механика;normal
свободы нет, есть иллюзия свободы. а создают ее обычно деньги и возможность выбора.;normal
у меня чаще получается дружить с мужчинами, чем с женщинами. как-то общий язык легче нахожу.;normal
настойчивость помогает. доброта и доверчивость другим помогает, а мне мешает.;normal
нет, все остается в прошлом, тем более что ничего уже не связывает. не люблю оглядываться назад.;normal
типа все что не делается делается к лучшему, а что еще остается. кроме как верить.;normal
нет было еще фиговее, начинались потому что было плохо, а закончились потому что стало ещщо хуже;normal
вместо нового протезу у него стоит протез, который не сгибается вообще.;normal
любящий - допускает оскорбления в свой адрес от любимого потому, что он по незнанию принял за любовь то, что ею не является изначально - зависимость.;normal
я думаю надо самим себя уважать этого вполне достаточно сами к нам потянутся;normal
вот когда ресурсы к концу подойдут, вообще рабовладельческий строй наступит.;normal
только одному человеку доверяю все тайны и помыслы. но он очень далеко от меня;normal
не пить. что трудного. в следующий раз, когда собирешься в магазин за питьем, останови себя;normal
неверное утверждение что парням не нравятся умные девушки.значит парни не имеют достаточно ума чтобы общаться на достаточном уровне с такими девушками.умная жена это в первую очередь хорошая хозяйка в доме, хорошая мама для своих детей и хорошая жена своему мужу.;normal
достойная зарплата, приличные люди в окружении, престиж, возможность карьерного роста;normal
а что здесь такого? янукович сам долго учил украинский, а бывший премьер азаров так и не выучил;normal
себе -сулугуни жареный, с помидорами, деткам котлеты куриные с пюре картофельным, ну и салатик;normal
потому что философия помогает развенчивать иллюзии этого мира, а без них в этом мире жизни нет.;normal
психологическая подавленность организма вследствие пережитого сильного стресса.;normal
самой-самой-это идеал или совершенство. вы думаете-такое и впрямь возможно?;normal
их собираются на нашем заводе по одному в год выпускатьдаааавно собираются;normal
объединить все науки вот задача философии. а уж получается это или нет это второй вопрос.;normal
зато у моих любовниц деньги естьа я просто человек хорошийхоть и собака страшная;normal
девушкам не стоит говорить о своих миллионах. девушку украшает скромность, по мнению остапа бендера. а уж кому-кому, а ему об этом было известно.;normal
просто когда то ее начали есть вот и едят, а я ее не переношу ни на вкус ни на запах.;normal
меня убивают вообще многие привычки люде, связанные с едой. стараюсь не присутствовать.;normal
вообще никогда. он добавил одну еще основную заповедь. любовь называется к богу и человеку.;normal
можно, и даже вкуснее получится, если речь о выпечке. пропорции такие же.;normal
вряд ли. саня человек хороший, но уровень бокса в тяжах ему не по силам.;normal
а смысл тогда в браке, если ты не уверен в чувствах свой второй половинки?;normal
весна начнет больше радовать в личном, главное, определиться в своем выборе.;normal
лично я считаю, что идеальных людей вообще не существует и мужчин в частности.;normal
полностью согласна, не умеют, так не брались бы и ведущую нашли хуже некуда;normal
мне не надо верить или не верить в очевидные вещи. я знаю, что меня родила мама.;normal
разная чаще легкая, потому, что люди которые мне не по душе ко мне не подходят;normal
они не только ночами. но и вечерами у нас в гостях. некоторые даже насовсем остаются.;normal
лучше всего заняться плаванием, не только руки, но и все остальное подкачаете.;normal
на выборы можно было ходить до работы, во время перерыва, поле работы. все остальное прогул;normal
с самыми близкими, но внимание мужчины будет, особенно на старый новый год.;normal
так вроде небо закрыто санкции, теперь пешком и подкопами через границы.;normal
тренер должен быть только русский, в команде нет русского духа, нет побед.;normal
редактировать личные данные, удалить свой аккаунтвведи свой пароль и подтверди удаление;normal
по логике, как и все обычные люди, иногда спасает интуиция и инстинкты.;normal
даже звание академика, в теперешние времена, не показатель. знаю такого.;normal
песни пою. но это настолько ужасно, что лучше петь в одиночестве, чтоб не шокировать окружающих.;normal
потому как не защищают они свою голову и за языком не следят, вот и попадают под раздачу;normal
закислится кровь, загустеет. это ж порошок, суррогат, не настоящий кофе. пользы от него никакой.;normal
означает, что вуз самостоятельно может решать, каким будет этот третий предмет.;normal
башня гоблинов, корпорация мифчародей с гитаройпочти любая из книг терри пратчета;normal
оучше пропиткой-для закрепления-но не глянцевым лаком, пропитка любая можно акриловую;normal
люби науку химию, она тебе важна. когда целуешь девушку, реакция нужна.;normal
если бы увидел тебя, бросился бы в ноги сразу отсасывать твой корнешон.;normal
значит прилично нервы шалят. и сердце не в левом боку в синусоиде стучит.;normal
вот англичане очень любят чай с молоком. это так называемый английский чай;normal
отличаются так же как и половые признаки -все разное а вот желание одно;normal
да, потому что любить-это тоже работа, и иногда нужна пауза, чтобы набраться сил.;normal
это невозможно. только если отформатировать карту, тогда пароль тоже будет убит.;normal
кто как, а в основном, старым способом. если ты конечно уверен в партнере.;normal
не знаю. валяюсь на диване в труселях вокруг никого. кто соблазняет то?;normal
отказаться от внешней торговли, так как наше благополучие зависит от цен на бирже.;normal
дааа, очень лень сижу голодная, даже в магазин неохота идти кто бы покормил что ли.;normal
какую страну? и какой кризис конституционный, политический, экономический, социальный?;normal
гни руки на турнике на сколько сможешь по нескольку раз, пока не сможешь подтянуться полностью;normal
сначала вам нужно набравшись терпения дождаться, чтобы они сами вам рассказали о том что все прошло отлично и что свадьбе быть! сами не спрашивайте, вы можете испортить сюрприз или наоборот девушка взяла время подумать, а вы тут с поздравлениями.;normal
вначале ссор больше. когда два достаточно чужих человека ищут подходы и компромиссы, без ссор не обходится. потому начинается период, когда ссор меньше - тогда брак считается устойчивым и большинство в это время и заводят детей. с появлением детей ссоры, обычно, возобновляютсяновый фактор. и снова начинаются компромиссы. которые, естественно, никого не устраивают, однако все с ними мирятся, ради детей. дети вырастают, а проблемы, которые пара обходит стороной, остаются. и у каждого, понемногу, начинает переполняться чаша терпения. если оба понимают, к чему это идет, они будут искать варианты решения. это сложнее, чем в молодости, так как люди уже сложились психологически. а вот напряжение копится. иногда все заканчивается ссорами. а иногда кто-то понимает, что нет уже смысла поддерживать отношения при таком количестве неразрешимых противоречий. и пара просто расстается.;normal
а кому продать? в рай только админы могут отправлять. сатана разве админ?;normal
не поверишь, я ей это же писал а в ответ получил поток ненависти и то что я ее угнетаю;normal
я бы не сказала, что у женщин сильно выросли запросы. женщины с запросами всегда были, есть и будут. просто нужно выбирать человека по себе. если у мужчины самого запросы огого к женщине, то будь добр соответствовать. если женщина умница, красавится, сама себя обеспечивает, то того же она будет ждать и от мужчины. есть конечно люди с неадекватно самооценкой, завышенной или заниженной, тогда могут быть неадекватные запросы, и эти запросы могут расти со временем. но это уже о проблемах с самооценкой или о неврозах. и тут стоит не к женщине с вопросами идти, а к себе, мол почему я выбираю отношения с таким человеком.;normal
сон можно выпросить-если существует необходимость ответа на важный вопрос;normal
речь о красивых натуральность хорошо, но когда натуральность совпадает с красотой бесценно;normal
а чем вам короны не нормальные, короны тоже есть нормальные, не, и очень даже нормальные-как мы;normal
тогда она тебе подарить кусочек ртути, может наконец ты сможешь принять решение;normal
в той или иной степени все сотовые операторы в накладе не останутся от такого подарка;normal
о, да, такая публика уроды из уродовбросайте их и не жалейтенормальные друзья всегда найдутся;normal
я предпочитаю батончики с сливочной начинкой, ну или молочный с орехами, хлопьями, воздушным рисом;normal
если мой мужчина увеличит себе грудь, то я завязываю и иду лечится добровольно и к психиатору;normal
это сразу понятно должно быть только враг -может твою жизнь превратить вбрак;normal
посмотреть в окно и задумчиво произнести во, у соседей тоже гости расходятся;normal
качества верующего любовь, милосердие, радость, вера, мир, кротость, долготерпение, воздержание.;normal
а почему нет? я давно своего уговариваю. а он как ты думает что только педики красят;normal
на мой взгляд неженатые мужчины тянутся к замужним, а не к девушкам, потому что им кажется, что у них уйдет меньше времени и ресурсов, чтобы затащить их в постель. к тому же секс с замужней женщиной фактически без обязательств, замужняя женщина не будет требовать сразу и все.;normal
кстати ты слышал криминальный суд вены оштрафовал гражданку австрии элизабет сабадичвольф на  евро за утверждение, что пророк мухаммед был педофилом.;normal
профильный предмет это узконаправленный. за весь период истории, но в определенной области знаний;normal
ни в коем случае. благородство, порядочность, честность могут существовать без любви.;normal
массаж спины специальной насадкой для душа в процессе ее же помывки, оооо, это кайф;normal
да ничего не надо понимать. не поняли - идите дальше. другие трудности преодолевать.;normal
все равно отдам. ненавижу в должниках ходить. отношения же своего к одолжившему не изменю.;normal
это значит нужно относится к чувствам другого человека, как к хрупкому предмету.;normal
когда одновременно упоминают об обоих качествах, то это намного приятнее.;normal
что за вранье. россия начала наступать и заваривать часть востока. от сюда и стрелять начали;normal
а у меня муж кавказец на фоне многих окружающих меня русских заметно выигрывает;normal
мне, на самом деле, правда все равно. я просто имею идиотскую привычку говорить то шо думаю;normal
приятное времяпровождения, а главное что можно прикоснуться и слиться с любимым человеком.;normal
если ты знал за всю жизнь через что прошел то ты бы поняла что правду говорю;normal
не подшиты стариньки валенки в галошах в самый раз и все оглядываться будут.;normal
у каждого из них много женщин. но делают они с ними совершенно разные вещи.;normal
мазохист тдвшный, мог бы и с каффетами придти, а то сразу ремнем грозишься;normal
нет, я смотрю лучше всех по первому, мне очень нужны положительные эмоции;normal
чтоб стать лучше в глазах другого человека, хвалить себя бесполезно. надо хвалить его.;normal
детей заведи и заботься, мало не покажется, а еще можешь котиков и собачку;normal
купите специальные салфетки для объективов. они продаются в некоторых магазинах.;normal
пожить так где все понимают и говорят только по-английски. быстро научитесь. голод не тетка.;normal
если серьезно. то от них избавиться совсем нельзя. таково строение кожи;normal
отдав ресурсы другим, мы отдаем свои рабочие места и будущее наших детей. ленин.;normal
все национальности равны. к другим национальнастям отношусь точно также как и они ко мне.;normal
только замаскировать косметикой. убрать невозможно, э. то естественная пигментация кожи;normal
любить его необязательно. а вот уважает его весь мир, как самого влиятельного политика.;normal
легко надо слушаться ее, а не игнорировать. тем самым она и оттачивается;normal
боюсь вас огорчить, но для этого надо причитать десятки, сотни книг и брошюр.;normal
ничего такого не будет, в конце концов на путине свет клином не сошелся и он обычный президент.;normal
так иногда говорят женщины страдающие от недостатка мужского внимания. итак, реагировать на фразу будь же, наконец, мужиком нужно следующим образом: встать с дивана, поставить женщину в колено-локтевую позу, спустить с нее трусы и отсношать. жестко. без смазки. затем лечь на диван и уснуть. при необходимости повторить.;normal
ну не сидеть же пнем. скучно. там где конец, там и начало чего-то другого;normal
старше тот, у кого больше опыт души, выше энергопотенциал, уровень развития души.;normal
если докажет что имущество нажито совместным хозяйством, то супруг. прецедентов масса.;normal
нет, не вредно, если человек закаленный. если закалки нет, лучше этого не делать, можно заболеть.;normal
примерно так. пока не узнаю характер интересы и наклонности. потом решаю для чего приспособить.;normal
всеобщий верховный разум, строящий и управляющий вселенной в пространстве-времени.;normal
будут чего-нибудь обещать за поддержку россией травли китая. путин откажется.;normal
чем больше разница в доходах мужчины и женщины тем большую роль играют деньги;normal
лучше найти. ведь теряя, мы освобождаем место для нового, и желательно не возвращаться в прошлое;normal
никуда. потому что нет сил если секс действительно был сексом, а не названием;normal
хреновенько я вам скажу, но может. если силы мозга хватит. терпение и труд все перетрут;normal
если семена хорошие сорт то в любом случае будет хороший урожай, но у пикированных стебель толще;normal
краски рррастительные если нет индивидуальной непереносимости, т можно разз в два месяца;normal
если тебя грызет совесть выбей ей зубы, и пусть она тебя тихонечко обсасывает.;normal
так это ж хорошо наверно? много играть вредно, пойдите погуляйте лучше.;normal
люблю слушать и учусь говорить так, чтоб не только слушали, но и услышали.;normal
мне например хочется только тебя любимый мой и это не только сейчас ты же знаеш. маччч сени;normal
зайди на почту или в мир-нажми кнопку выйти, а потом регистрируй новый логин, все.;normal
если будешь мечтать о шубе, но только без физического контакта с ней, то это еще не измена.;normal
помолчать с недельку без проблем. никого не слышать сложнее, на третий день скучно будет;normal
знакомства любовь отношения за две минуты десять вопросов задают почти всегда;normal
дорожники люди хозяйственные. хороший асфальт им самим нужен. чего добром то разбрасываться?;normal
конечно, соколов. по трем причинам это лучше. отцовская, благозвучная, на счастье.;normal
ну если это нужное понимание то пользовацца, а если экзамен сдать то забыть скорее;normal
сколько раз друзья предавали. может все таки любовь? если она настоящая, то одна и на всю жизнь;normal
ну, а если таланта нет и желания не много, пошлите ей через интернет круглую сумму. это она обязательно оценит и чем больше сумма тем выше и оценка.;normal
он уже давно поднят и это факт. может моими размышлениями о путях моих и всех ваших путях.;normal
в россии геев никто не любит. это ведь ни звери, ни люди. никто не знает кто они и что они.;normal
никто не знает. может внезапно так все поменяться. а может тянуться десятки лет;normal
дуст, дихлофос дуст вообще универсальное средство, даже вшей им выводили;normal
мужчина и женщина биологически созданы для продолжения себя. это одна из основ брачного союза, семьи. светлым вектором поиска и обретения второй половины для человека является любовь. этот путь может принести как счастье, так и боль. негативный опыт отверженных чувств-одна из причин формирования явления закоренелого холостяка. и еще подспудная боязнь вновь наступить на те же грабли. привлечь к серьезным отношениям мужчину здесь может только женщина, любви которой хватит на них двоих, чтобы зажечь и его факел.;normal
че там настраивать там две крутилки, громкость общая и микрофон. все. учетка есть, заходи и вперед;normal
если поведение парня естественное, это нравится девочкам. дерзкие и отчаянные типы пугают девчонок. научитесь непринужденно поддерживать разговор. рассказывайте разные смешные интересные истории. когда встречаете ее в школе, ином месте, приветливо здоровайтесь с ней.увлекайтесь чем-то интересным. она будет поражена, как много вы знаете и умеете.;normal
лично, и это действительно личное решение практика между вами обоими. выполнение этого с закрытыми глазами может заставить вас сконцентрироваться на собственных чувствах и физической обратной связи. поцелуя. или, если хотите, спросите ее, что она предпочитает, и вы уже должны знать, закрывает ли она глаза или нет, когда вы целуетесь. лично я считаю, что некоторые поцелуи лучше всего работают с закрытыми глазами, а другие с открытыми глазами. но, эй. иногда эти вещи можно обсуждать с любовью и игривостью. и если у нее есть предпочтения, то почему бы не угодить ей. и наоборот.;normal
друзья так друзья. у друзей пространство для маневра шире им есть к чему стремиться;normal
приятельницей можно назвать только ту даму, общение с которой вам приятно, а остальные знакомые.;normal
давай улетим. как бабочки? а когда станет холодно-то будем греть друг-друга своим дыханием.;normal
ничего не делать, просто не обращайте на него внимание, тогда у него наверное будет повод задуматься.;normal
да и у нас разрешают, просто у нас бабы никакие, даже патроны в руках держать не могут.;normal
зона бикини. и низкие потолки. люстры головой цепляю привет про твою не спрашиваю знаю;normal
государство может обеспечить воров казенным жильем по системе все включено;normal
я кстати ковидами не болела, я не знаю это изза прививки или нет, но пронесло, хотя контактировала;normal
когда с мужем одни жили, у нас студия была. с ребенком отдельные комнаты удобней.;normal
время и обстановка требует этого. не зря мы здесь вспоминаем сталина каждый день.;normal
как можно вот так по-простому обратиться к богиням, нет, я себе этого не позволяю.;normal
если сосед оказывает вам знаки внимания, то возможно он в вас влюбился. а может быть вы ему просто нравитесь. любовь- более глубокое чувство, чем симпатия.признаки симпатии? прежде всего комплименты в ваш адрес, какая вы очаровательная, умная, красивая, прекрасно выглядите, как вам идет эта кофточка и подходит деловой стиль для вашего имиджа, небольшие подарки в виде улыбки и полевого или другого цветка и букетика. тактильный контакт. легкое прикосновение к вашей руке, к одежде.и конечно глаза. если он смотрит страстно, глаза горят ярким огнем, подчеркивают его внутреннее желание обладать вами-значит мужчина явно не равнодушен к вам.;normal
чуства не меряться, а проверяються временим и еще кое в каких местах как то так;normal
своей самодостаточностью. это скорее не опасность-это духовная зрелость и ответственность.;normal
я вам скажу больше, они его хранят и достают именно в тот момент, когда ты поселишься;normal
можно, если авто официально унаследовано или если есть нотариально оформленная доверенность.;normal
почистить, а в разрезанное брюшко положить зелень и тертый сыр. а потом запечь в рукаве.;normal
мягкме бигудюшки. так хоть волосы не подвергнешь горячей укладке. не будут сечься.;normal
естественно, цыган. это только у юдеев национальность считается по матери.;normal
и эмоции будут другие. может даже сильнее. а таким фразами ты ставишь блок на любое развитие;normal
непосредственно.каждая женщина, девушка имеет свой неповторимый запах.необязательно от духов, мазей, кремов и так далее по списку.все же знаем, что запах пота должен отталкивать, но иногда наоборот притягивает.люди разных рас имеют свой неповторимый мускусный запах и порой запах других рас их отталкивает.это сугубо личное наблюдение, так как я достаточно долго общался с разными людьми, в разных странах.ну, а если говорить менее серьезно, то выбор парфюмерии женщины непосредственно влияет на контингент мужчин обращающих на нее свое внимание.грамотно и со вкусом подобранные духи гарантируют внимание лучших из мужчин, а безвкусные и вызывающие привлекают более ограниченных мужчин.хотя все это конечно относительно и лично мое мнение.;normal
не мона, а нуноесли серьезно, мы уже едим отходы. рулит безотходное производство всего и вся;normal
с деловыми партнерами. с людьми, имеющими со мной общие интересы, взгляды, вкусы и тд.;normal
угу забила разок и отдала потом в тройном размере спасибо больше не хочу;normal
я время от времени гоняю тяжестино чаще всего вот, такое, или что то по старше;normal
тебя же только что выкинули с другого чатика потому что предлагала работу за границей;normal
так и признаться, честно, смотря в глаза. объяснить причины бесплодия. об этом сказать сложно, так как на эта тема разговора болезненна для обоих. но проявите решительность, и сказав о своем бесплодии мужу, будьте готовы к его неоднозначной реакции на услышанное, эмоциональному фону. мужчины очень чувствительны и эмоциональны, поэтому, проявите понимание и спокойствие.;normal
ооооо если так было. ни фига не притягиваю, хотя думаю с утра до вечера.;normal
раньше были врагом, сейчас могу спокойно их контролировать по своей воле;normal
пробовала в детстве смешать все краски, получилось что-то серое и непонятное;normal
нужно стремиться познавать бога и славить и свидетельствовать о его делах;normal
джиу джитсу, бассейн, вот ждем, когда начнет работать компьютерный кружок в школе.;normal
не знаю, получится ли качественно. я буду смотреть матч барселона валенсия.;normal
нет, но еще противней когда пьяные гости пытаются ее помыть. одни убытки.;normal
обычный, без удовольствия. иногда както получается, даже не знаю почему;normal
сон это жизнь в невидимом духовном, жизнь это сон духовного в материальном.;normal
потому что мы грабли. шишек много. но может оно зазевается -тогда то мы оторвемся.;normal
любимая, это называется не инструкцией, а рецептом. оставь, пойдем у кого-нить фгостях покушаем.;normal
если я уже пришла на свидание, то завалю его прям с порога ну, а че, тянуть кота за яйцы;normal
ну с нашим критиком ясно все. есть. иногда спит. а что до вашего критика, так это что же.;normal
потому что пипл хавает. деньги с рекламы идут, хомячки продолжают смотреть все счастливы;normal
многие забывают о еде, сне, воде и тянутся к своей цели. и только самым упорным суждено дойти.;normal
как к ней относится если она неотемлемая часть каждого человека. каждый по своему философ;normal
ревность признак слабости человека, а я сильная по жизни, но ревнивая. парадокс.;normal
иду по улице или еду в метро-и улыбаюсь. хочу-чтобы улыбались все, а получается-сама себе;normal
потому что они мусульмане, а в коране сказано что аллах отдал эту землю евреям.;normal
ну как же не снимают? очень даже. за последние годы кинематограф стал возрождаться.;normal
это главная задача женщины, завлечь мужчину и подчинить его себе. мужчины без женщин умеют только воевать и соперничать друг с другом. женщина направляет способности мужчины в мирное русло. выворачивает его естественное рвение к социальным достижениям наизнанку, и заставляет брать из общества и тащить в дом. чтобы все это работало, необходимо сильное увлечение мужчины данной конкретной женщиной. ловеласами и неразборчивыми в связях мужчинами вы вряд ли сможете управлять. по крайней мере, сколько-нибудь длительное время.;normal
наладится, а куда оно денется. ничего вечного не бывает, даже горе и то проходит с нашей смертью.;normal
по запросу суда или правоохранительных органов может предоставлять сведения.;normal
парта это не кровать и нельзя на ней лежать. ты сиди за партой стройно и веди себя достойно.;normal
сейчас в церквях тепло, и воду подогревают. поэтому в любое время года, а так-чем раньше тем лучше;normal
у меня круглый год такой у меня есть семья, которую я люблю и которой верна;normal
большую. если собрать опыт невозможностей, можно из них извлечь большой ресурс для возможностей.;normal
создай свой сервак или купи админку последнего допустимого лвла и любая работа у тебя в кармане;normal
я тапочки вместе с барсиком сразу в моющем средстве замачиваю, чтобы неповадно было.;normal
смотря какой диеты кабачки тушеные с маслом и молочная кукурузная каша.;normal
если костюм прямо для полетов забыла, как он называется, то успеете хорошо полетать.;normal
ни одному мужчине не удастся переделать, изменить женщину. а женщина может изменить мужчину. поэтому от непонимания мужчины что-то там пытаются и, в лучшем случае, женщина может притвориться, обмануть дурака не сложно, он сам рад быть обманутым. но обычно противостояние заканчивается полным разладом. поэтому мужчине не следует спешить, лучше быть счастливым, чем философом. посмотреть на семью, особенно на будущую тещу, подольше потянуть романтический период и помнить, что слово муж расшифровывается как мгновенно уцененный жених, и на следующий же день после свадьбы узнаете почем раки зимуют, если ошибетесь.;normal
все уже передумано и переосмыслено. все старо как это мироткуда новым идеям взяться?;normal
а внем алкоголя мало для жизни, вот добавь ему донор водка, сразу быстро не закончиться;normal
если вам девушка нравится, то конечно можно начинать отношения. сейчас частенько девушки смелее молодых людей. многие даже если девушка нравится, не делают первый шаг, может из-за стеснительности или из-за неуверенности. а если вы совершенно равнодушны к ней, то конечно не стоит развивать такие отношения, вряд-ли они к чему нибудь приведут. может стоит ей не обидно, но объяснить о невозможности ваших с ней отношений.;normal
означает отношение людей того времени к богу и к родине. отнюдь не сегодняшнее ее состояние.;normal
я уже сказал такое поведение не совсем адекватное. это оскорбление самого себя, считай, перед всеми.;normal
лучший подарок это гости по утрам, которые вечером предупредили, что утром мед принесут;normal
нет, ты меня не понял. я из лондона. я хочу поговорить с тобой о сексе.;normal
ну истинные мусульмане за такое обычно мстят, а именно взрывают себя в толпе неверующих.;normal
вопрос в том почему они перешли на украинский, хотя разговаривали на русском;normal
взаимоотношения - это сложный процесс и зависит он, в большей степени от уверенности в себе каждого из партнеров. ревность не всегда обоснованна. если нет оснований и объективных поводов, то это скорее проявление эгоизма и чувства собственности. оно присуще не только женщинам, но и мужчинам. если присутствует беспочвенная ревность, то чтобы вы не делали и чтобы не говорили -это ничего не изменит. перевоспитать взрослого человека невозможно. можно только приучить его сдерживать отрицательные эмоции, и то не всегда, увы.;normal
у мужчин есть выроботка эстрадиола, в процентном соотношении . процента, из которых тестостерон процентов, а ..эстрадиол, чтобы либидо было нормальным, иначе было бы первизивное сексуальное понятие, мужчины любили бы только мужчин а женщины только женщин, сообразно этому женщина, и старая, и зрелая и молодая всегда объект сексуальных притязаний мужчины.;normal
обязательно. не зря же в большинстве стран именно этот пункт никогда не меняют в конституции;normal
подключи телеф к компу и скинь все папки дукументы в которых что то упоминается об асе и ищи;normal
а ты када-нить в шереметьево по ленинградке ездил? када те на самолет срочно нада.;normal
чипсы. а лучше только попить, в кинотеатре так то фильм надо смотреть а не хавать.;normal
раскройте в себе какие-нибудь творческие таланты. мужчины рыбы - очень творческие по натуре, и они склонны искать то же самое в других людях. если в вас есть хоть какое-нибудь творческое зернышко, то начните лелеять и поливать его. как только мужчина рыба увидит, что вы хоть как-нибудь связанны с искусством, то он наверняка захочет разузнать об этом. вот вам и дверца к его сердцу. живопись, духовность, музыка замечательные помощники для развития вашей творческой стороны. если вы предпочитаете книги по философии, ахматову, или пишите сценарии просто великолепно!;normal
тогда человек позволит своей жизни случиться. в этом мире, а не по ту сторону его.;normal
езжайте в спорткомплекс олимпийский там есть дисконтцентры всех крупных спортивных фирм;normal
ревность и эгоистическое чувство собственничества. ребенок как разменная монета в отношениях между двумя родителями. пусть даже и в разводе, родителями, матерью и отцом они останутся всегда, а потом будут бабушкой и дедушкой.;normal
если тебе он нужен, как переносное устройство, а не стационарный пк, то есть;normal
нет, еще когда лечу в самолете чихать я на всех зхоела с высоты птичьего полета;normal
стараться смотреть на мир их глазами, чтобы понимать как и чем они живут.;normal
я меняла только по необходимости смена деятельности, переезд в другой город;normal
да. халява может стоить очень дорого, бесплатный сыр бывает только в мышеловке.;normal
когда она говорит слова я никогда не принадлежал к числу тех, кто терпеливо собирает обломки, склеивает их, а потом говорит себе, что починенная вещь ничуть не хуже новой. что разбито, то разбито. и уж лучше я буду вспоминать о том, как это выглядело, когда было целым, чем склею, а потом до конца жизни буду лицезреть трещины. это единственое что она сказала с силой. остольное это защита а не сила. полное понимание своей слабости но умение пользыватся ею помогли ей выжить не более. хитрость не есть сила.;normal
никак, пока сам разместивший не удалит свой вопрос или ответ за денежку.;normal
случаев несовместимости с другими фармакологическими средствами не отмечено.;normal
все будет хорошо братик! у тебя молодой организм, даст аллох вылечешься.;normal
я чаще вижу закаты, а рассветы встречаются с особым чувством радости и ожидания;normal
уважаю не только себя, но и других людей за такие качества как ответственность и пункткальность.;normal
вообще никак не одеваться. но на улицу увы, выйти в таком виде не получится.;normal
если вопрос о сознании, то смена парадигмы на более прогрессивную помогает;normal
нет некрасивых мужчин есть маленькая зарплата, нет умных мужчин есть умные женщины рядом.;normal
я больше люблю фотографировать. но когда есть настроение, мона и пофоткаться.;normal
потому что современный, демократический способ обращение масс в рабство, эффективнее;normal
в сша да. а в россии этого не будет, путин этого не допустит, поэтому мы делаем свою вакцину;normal
мы все попервой чужие нужно время возможно окажется нетолько своим нои родным;normal
партизанское движение против оккупантов нато и коллаборационистских режимов уже начинается.;normal
стабильностьнадежностьжелание постоянствахочешь быть любовницей? некоторым везет.;normal
нет. более того их терпеть не надо. либо их заканчивать, либо гуд бай америка;normal
у бога нет чувства незащищенности, он не защищается сам и никого не просит делать этого вообще.;normal
если бы я искала себе друга, то наверно это был бы человек с которым легко. такой с которым можно хорошо провести время и не скучать. мне нравятся люди позитивные, те у кого всегда есть в жизни цель. люди инертные мне не нравятся, поэтому друг должен быть энергичным, активным, быстрым на подъем. и главное качество должно обязательно присутствовать - это надежность.;normal
многие девушки мечтают удачно выйти замуж.успешный и состоятельный мужчина - это их цель. однако олигархов не так уж и много, не говоря уж о том, что большинство из них живет в мегаполисах. а порой об олигархах мечтают девушки из глубинки. возможно, они начитались сказок о царевичах, а возможно в наш продвинутый век капитализма- желание попасть в избранный круг богатых и независимых от внешних обстоятельств людей в последнем, они уверены такие девушки видят для себя красивую и безоблачную жизнь без трудноразрешимых проблем, с какими увы, уже не раз сталкивались. некоторых из них трудно осуждать. ведь жизнь порой бывает такая непростая.;normal
а она какая в реальности? только не безразличная, а нейтральная, так точнее.;normal
как будут выглядеть новые эмоции человека, это зависит от его жизненного опыта, опыта общения с разными людьми, мировоззрения. чем больше раз человек влюблялся, включая симпатии, страсти, влюбленности и любовь, тем более насыщенными разными компонентами могут быть новые эмоции. влюбленность может стать любовью, а может и не стать. по ощущениям новых эмоций раньше я испытывал разные веяния от настоящего и от прошлого. новые эмоции у человека могут быть похожими на предыдущие или на наиболее яркие эмоции из прошлого, а могут быть и совершенно не похожими, то есть тут все индивидуально. некоторые умники говорят, что любовь можно сделать как осознанное решение, но чаще всего любовь к человеку приходит сама. если и получается у кого-то разжечь любовь искусственно, то далеко не у всех. каждый получит в личной жизни то, что он достоин. любовь складывается у человека как пазл, и весомую долю в этом имеет выбор подсознания. чисто теоретически можно формулу любви представить как сумму парных сомножителей многочлен.;normal
обоюдно, причем с самого их рождения. хотим мы этого или нет, но дети заставляют нас меняться.;normal
да ты их не поставишь. они ведь разные по диаметру полюса,, хотя дурак может и поставить;normal
самому интересно. вообще ассоциировать себя с кошачьими не очень правильное занятие.;normal
никто не любит признавать своих недостатков, особенно касающихся мозгов.;normal
сами написали ключевое слово, не взаимно. когда понимаешь, что для парня проводить вас ровным счетом ничего не значит, радости от не испытываешь. хочется взаимности. сложно быть счастливым от того, что просто хорошо любимому человеку, который вас к сожалению не любит.;normal
кто, кроме меня самой может поставить мне границы? и предел тоже каждый сам для себя определяет.;normal
если не ошибаюсь, бронза легче поддается обработке чем железо. возможно по этому.;normal
решить проблему, которая испортила настроение. сразу так настроение улучшается.;normal
передаю им все то наследие, что мне передали мои прекрасные родители, предки.;normal
теплое и нежное отношение к вам. развитие отношений возможно, если вы разрешите.;normal
зубы чистить каким либо образом ни в коем случае нельзя. эмаль восстановить невозможно.;normal
либералы двойник не признают, у них тройник в почете, а групповуха еще лучше.;normal
да, есть и другие программы, с которыми можно разговаривать, но я - самая интеллектуальная программа;normal
упущенный шанс повторяется, но уже не распознается. так что лучше уметь видеть шанс сразу;normal
змей-горынычем. в любой сказке. и сожрать ивана-дурака. чтоб их больше не плодилось.;normal
ну я перки ставил, когда лампочку основой сделали, и у меня там два боевых братсва были;normal
либо сделать поменьше системные требования, либо купить более мощный компьютер;normal
для мужчины главное победа. к примеру затащить в постель, это и есть победа, всплеск эмоций;normal
зачем это на тренеровках. у игроков уже в контракте прописано пять и долее промахов за игру.;normal
того же бога. она же тоже человек. во всяком случае, днк у нее человеческая.;normal
обычные дела, важно раньше понять, что интересно в жизни и развиваться, цели и профессия хобби у меня другая в желаемых , спасибо;normal
рыбалка прекрасная погодка! уютный теплый летний денек, вы на своей любимой речке и поэтму.на крючке сидит: осколок звездыэнергии осталось:;normal
простыли? полощите горло. можно ротокан купит состав ромашка, тысячелистник и т. д.;normal
светлые сейчас действуют под покровом ночиа если честно, то у меня сбит режим сна;normal
почему это нельзя любить двух женщин?женщина может любить свою мать и свою дочь, своих родных женского пола.мужчина тоже может любить не только двух женщин в лице жены и своей матери, а также своих дочерей, родственников женского пола.так что можно любить более одной женщины каждому человеку.;normal
сначало пилюдия потом все остальнре как ее приготовишь так и целовать будешь из опыта;normal
сплавы на основе алюминия легки, прочны, устойчивы на воздухе, в воде и кислотах.;normal
а как женится, так сразу мечтать о них будет. шоб с голоду не помереть.;normal
бля, ты ходила когда либо в спортзал? мимо может проходила? ты видела когда нибудь поведения вот этих ребят которые менсфизикну если ты знаешь кто это конечно;normal
нет. это обычные слова и я употребляю их по своему разумению и усмотрению, но не через слово.;normal
скажи ему по уголовно правовому кодексу можно сексуальные, может он не в курсе?;normal
т. к. я россиянин и традиционной сексуальной ориентации, то предпочту президента.;normal
никак. для этого нужен талант, а у тебя его нет. и вообще все это бредятина.;normal
лучше что-то вроде кларитина одноразовый прием препарата а еще лучше то, что назначил врач;normal
усваивается, но исключительно в комплексе с напитком на основе хмеле-дрожжевого экстракта;normal
смотрю любимый фильм, общаюсь с друзьями, занимаюсь делом, которое отвлекает от состояния на душе;normal
так устроен наш мир, что женщины как правило выбирают тех, кто силен и физически и характером, потому что, как слабый пол хотим чувствовать себя защищенными.;normal
попробуй почитать райчел мид, серию про джорджиану кинкейд, понравиться точно.;normal
кто бы ни был лучше не станет в любом случае. у этой страны нет будущего.;normal
слушаю и чувствую ее реакции. эмоции и желания. и настраиваю ее как скрипку;normal
многим, но чтобы не сделать друга обязанным тебе этой жертвой. иначе дружбы не останется.;normal
у меня есть целый список команд - достаточно нажать на кнопку со знаком вопроса;normal
думай и девушка твоя. пока молоды и не нагулялись. лучше дело это не торопить. потому что беременность и дальнейшее это огоромное испытание. увы, не все проходят.;normal
игнорирую их, хотя свидетели иеговы постоянно пристают на улице. хуже цыган.;normal
все хорошее, все прекрасное, все доброе. а еще немножко манит. запретное.;normal
алена, купи вишенку и посмотри за сколько она сгниет, непросто же китацы так машину назвали;normal
родиться, думаю. но много чего можно развить. главное, вовремя. а время всегда будет.;normal
у меня нет жены. но с некоторыми знакомыми. где семейные пары. мне не мешает это дружить.;normal
тера, дивижон. сложно нынче найти не корейскую ммо еще дефианс и фаерфалл;normal
исковое заявление и документы, подтверждающие трудовые отношения и расчет задолженности;normal
нет, и от процесса тоже, и от петтинга и даже от свежего воздуха и голубого неба;normal
бог это уже и есть мистика, но при этом явная и помогающая нам. мир вообще противоречив.;normal
а вы инструктор по вождению? а где живете? а давно инструктируете? а на чьей машине учите?;normal
я не скрываю свои расходы от мужа. его просто искренне не интересует покупка кофточек и колготок. как и покупка нижнего белья и рубашек для него. они должны быть, и все. деньги выделяются. ни каких эксель. рискну предположить, что эта девушка из бедной семьи, родители жили небогато и приходилось экономить.;normal
продается. смотря что иметь в виду. масса китайских товаров и торговых марок.;normal
с этого и начало, не травку красить и листочки к дереву приклеивать, а учиться, с оружием ходить, рукопашку изучать.но не, нахера;normal
это сделать проще простого. поговорите с мужем о своих сексуальных мечтах и фантазиях. только не в лоб. мужчины бывают разными. одни сразу все поймут, другим нужно долго растолковывать. так воспитаны.;normal
ой хоть бы хотьбы я их прям уговариваю понимаешь? он мне говорит да яяя так сдееелаю у тебя телефон нагреется и сломается наааахреннн да я такоееее ууууууууу и я говорю давай! ну хоть разок прям щас вот делай! и все сливаются;normal
я в один день потеряла парня и в этот же день нашла будущего мужа. в браке очень счастлива;normal
жаловаться родителям желательно записать сей факт, а те уже должны жаловаться директору школы;normal
когда станешь гражданином этой страны и убедительно обоснуешь смену паспортных данных.;normal
правильны оба варианта, русским больше нравится украина, украинцам украина;normal
для каждого сексуально свое. кому нравятся части тела, а кому движения тела. хотя первое чаще;normal
если разово, конечно секс. вообще без пищи никак, да и сил на секс не будет;normal
я люблю семейные застолья организовывать, готовить. так что от меня большая польза;normal
можно. берешь перманентный маркер и рисуешь поверх старой подписи-новую;normal
люблю запах ванилиа если сравнивать. то нейтральный, с легким оттенком детского мыла;normal
если вы в том районе проживаете, то можно и купить. я в донецк из россии бы не переехала.;normal
для начала, сэкономила бы кучу времени, ведь на надо было бы заморачиваться на макияж и прическу! и целый день никаких каблуков! прогуляла бы целый день по улицам, посидела бы в кафе с друзьями, просто наслаждалась жизнью, как большинство мужчин это делает!;normal
да иногда это нужно сделать не стоит защищать свою женщину на улице, а лучше уйти, когда она сама является источником конфликта, сама виновата сама и расхлебывай, по поводу первоочередной задачей русского мужика является защита любыми средствами своих родных и близких, мужик должен по логике лежать в луже крови с финкой в боку, а она найдет другого себе через три дня.по поводу как в глаза смотреть, как говорить о простых бытовых обыденных вещах, если ты ее предал, а это разумная предосторожность и не более, лучше вместе уйти от конфликта чем носить цветы на могилу, а может и цветов не будет, и на западе любой мужик стреляет на поражение при малейшей угрозе жизни, а не боится что его посадят насильники;normal
вера имеет значение в греческом, вера -осуществление желаемого, уверенность в невидимом;normal
все мои проблемы лишь из за любви к тетям. сам справляюсь с их решением;normal
в районной поликлинике есть психоневролог. есть диспансеры, там тоже бесплатно;normal
влажные волосы, фен и расчестка. вытягивать расческой волосы под струей фена;normal
честно сказать, ни разу не пришлось полетать за всю жизнь на самолетестрашно в том числе;normal
башня это власный журнал. бумага очень качественная годится для наклейки под обои.;normal
крым курорт мира. особенно сейчас. смешнее ничего не придумать. и печальнее.;normal
а любом сайте оператора есть услуга отправит смс или найди прогу койот или смсдв;normal
доказывать надо теоремы в школе, а тут уравнение со многими неизвестными.;normal
ни гипнозу ни дрессуре не поддаюсь. сама не люблю дрессировать. только лаской;normal
их не гладят, а сушат. правда набить их чем то надо, чтобы размер не теряли;normal
потому что дебилы я не пью и не курю и наркотиков даже не видел ни разу;normal
погоди, не так же скоро, я думаю в этом году и не такое узнаем по китайски;normal
бывает идешь к цели. иногда случается что зря. а вообще стараюсь до победы;normal
нечего ему там делать, космос это не шутки, туда подготовка обалдеть какая;normal
ну люди возмущаются, что новости. я к тому, что проблемы в этом не вижу, да и странно видеть;normal
зарплата идет на карточку в том случае, если вы оформляетесь координатором;normal
автомат сам включается и отключается, а полуавтомат только после нажимания на кнопку;normal
у меня есть целый список команд - достаточно нажать на кнопку со знаком вопроса;normal
во всем мире идет планомерное переселение народов, глобальное. независимость тут не причем.;normal
главным признаком, который показывает, что пара действительно счастлива, является тот факт, что пара никому специально не показывает и уж тем более не доказывает, что она счастлива. по той простой причине, что ей в отличие от пары несчастливой это абсолютно не надо.;normal
да, очень люблю. от них веет какой-то теплотой. хотя бы на короткое время наступает гармония.;normal
это очень умные люди! уходят, потому что не хотят тратить свое время на конфликты и споры с дураками.;normal
поэтому и получается, чем хуже человек, чем меньше у него каких-то моральных принципов и установок, чем меньше он думает о других, а больше о своей наживе, тем лучше он живет, не задумываясь о том, каким именно способом добывать деньги.;normal
насколько я вижу, вопрос и его подробности предполагают равенство между понравились и возникла острая необходимость в интимных встречах. если так, то молодые люди уже взрослые. таких уже берут на работу. если родители мешают, не позволяют интимно встречаться дома, то есть смысл работать, заработать, снять или купить квартиру и встречаться в ней. в гостинице номер иметь - еще одна возможность.;normal
по той же причине, по какой представители многих народов не могут произносить звук ж;normal
сила-таки в правде, хотя ложь изворотлива и разнообразна, она долго не живет;normal
заниматься спортом, правильно питаться, соблюдать режим дня, слушать классическую музыку.;normal
сравни соотношение зарплат. цен и налогов не так уж и хорошо в сша простым колхозникам живется;normal
все девушки одинаковы. они все всегда прекрасны, любимы и желанны не зависимо от национальности.;normal
очень даже полезный-запыживать ствол связкой листовок и доставлять через линию фронта прицельно;normal
там написано что делать но не написано для чего ты можешь сказать для чего или от болды пишешь?;normal
грузи или асю с поддержкой или агент и звони с компа на комп бесплатно ток, а так копейки;normal
не все женщины негативно относятся к серьезным мужчинам, особенно если у самой женщины отсутствует чувство юмора. это мой вариант, всегда нравились серьезные мужчины, причем чувство юмора не являлось основополагающим фактором при решении. женщины негативно относятся к бездельникам и лоботрясам. а чувство юмора не обязательно для мужчины.;normal
брать сковороду и по голове всем дружкам. а при повторении мужа с вещами на выход.;normal
в настройках, в самом низу есть кнопочка удалить мой мир. нажимай на нее.;normal
простите, ошибочка. человеку дается все. а вот брать или нет, это его выбор.;normal
это ваш выбор. каждому свое. для меня лично карьера это способ самореализации.;normal
да тоже пока живой тоже лежу вот думаю спать или на спать вот с чем вопрос;normal
для каждого свое понятие крутости, и если у тебя это потолок, то для тебя есть плохие новости;normal
если ребенок родителям угрожает совершить суицид, не важно из-за чего, значит ребенка надо побыстрее отвести на прием к психологу. нужно объяснить вашей дочери, что мысли про суицид - это еще хуже, чем мысли о том, чтобы убить кого-то. навязчивые мысли о чем-то - это начало поступков. что касается отношения дочки к учителю, то женатый учитель - это для нее табу, то есть ее шанс почти равен нулю. учитель дорожит своей репутаций, и скорее всего он не пойдет на то, чтобы жить на дома, как это делают некоторые женатые мужчины левак. можно родителям встретиться с учителем, чтобы он им что-то посоветовал. может быть он даст добро на то, чтобы состоялся раз откровенный разговор с вашей дочкой, что откроет ей дорогу в будущее к новым отношениям, она скоро закончит школу, и пусть они после этого уже не встретятся, так будет лучше. сначала вы поговорите с учителем, а затем пусть дочка идет к психологу, чтобы избавиться от мыслей про суицид и от безответной любви.;normal
вы не поверите. болею. моя жена говорит что у меня шмоток больше чем у нее;normal
взаимопонимание в семье, любовь ответная к мужу и детям, здоровье родных и близких.;normal
да. только будь готов что оффники эмо могут отхуярить мама не горюй, выбор твой.;normal
государство положило на всех в т. ч. и на подарки. все подарки за счет родителей и родственников;normal
да нет дружище, чем больше денег тем больше проблем, так что оставайся бедным художником;normal
в автоклавах, чтобы убить бактерии. делают их герметичными или повышают давление;normal
если мы даже слиплись-я свободен. чем выше свобода, тем сильнее и прекраснее любовь.;normal
узи покажет, но надо найти грамматного врача. а это проблема, знаю по опыту;normal
я свое починила с твоей помощью. я помогу тебе починить твое, верь мне.;normal
это ключ который ты активизируешь где либо и тебе дается какая нибудь вкусняшка;normal
да, это помогает увидеть а куда опять делись деньги и на чем можно сэкономить;normal
я еще раньше играл в доту на стриме и делал видео и было хоть и менее прибыльно но , проще приятней , хз зачем все продал;normal
это только культуристы гордятся своими частями тела. нормальным мужчинам это не нужно.;normal
да у меня мороженозависимость. в день по одному мороженому. иначе могу заболеть.;normal
изредка полезно общаться для поднятия настроения, если постоянно, то очень утомляет.;normal
в азербайджане, так как это более цивилизованное государство по сравнению с чечней.;normal
сейчас куда этих трутней священников девать? и денег в храмы вбухано по всей россии ужас;normal
практически да. и заглушить ничем нельзя. пусть говорит, всегда веселее с ней.;normal
когда-то и я так думала, но ошибалась управляю с удовольствием-желаю удачи;normal
уступаю. а если сама стою, то могу и поднять с места охамевшую молодежь.;normal
женщинам всегда и все можно, если они чего то захотят, то всего добьються.;normal
я закончила  класс, вот думаю куда поступать. либо на хирурга в мед или на бюджет. работаю я детишек тренирую;normal
нет наверное нет -но давай если что то на другие праздники мы встретимся;normal
если же мужчина бездетный и свободен, как птица, никаких особых последствий от жизни без женщины не будет. тут уже главное найти близких друзей или родственников, которые всегда будут готовы оказать всяческую поддержку.;normal
меня никогда не били и не пороли но, я выросла хорошей, воспитанной девочкой;normal
состояние радости и спокойствия когда родные и близкие люди здоровы я просто счастлива.;normal
здесь хотелось бы поподробнее.сколько лет вам и ему. какие у вас отношения с ним. сколько времени знакомы. открыто интим предлагают просто для похоти, не скрывая этого. это точно не любовь, но.мы не знаем чего вы хотите и чего ждете от этого мужчины. но судя по заданному тону, вам не очень то приятна такая прямота. не ваш это человек.;normal
по настоящему умная женщина умом блистать не будет. откуда же проблемам браться?;normal
нельзя. иначе будет путаница при покупке голосов, а так же восстановлению страницы.;normal
скорость разработки зависит в равной степени от визуальной примочки, редактора и отладчика;normal
можно наверное немного, ничего страшного. хвощ применяется как диуретическое средство.;normal
я пробовала запечатать укрепить, так сказать и в первую же коррекцию перешла на наращивание. гель;normal
в принципе, ничего невозможного. и зарплаты те же. на круг выйдет то же самое.;normal
в умении анализировать явления, опираясь на знание, жизненный опыт и интуицию;normal
онлайн не интересно, лучше трансляцию, но если все же он лайн то на сайте одной из играющих команд;normal
а мне понравились когда по тв показывали панамский канал. там корабли ходят тоже мирно.;normal
а я читал историю, как мужик вызвал проституток, и заставил их наводить чистоту в доме;normal
так потрах-ся можно и на халяву, а за размножение алименты платить придется.;normal
самое хлебное-это кладбище. всегда клиент есть. и спада производства явно не предвидится.;normal
ганс фалада -у нас дома в далекие времена. обожаю эту книгу и перечитываю постоянно.;normal
когда как. все от ситуевины зависит. иногда логика, а иногда интуиция включается;normal
в прекрасное далеко только если я смогу потом одним пальцем тебя оттуда выманить;normal
все что есть и было все лучшее. ибо не завистлива, но и свое ценю очень.;normal
скромно и не привлекая внимания езжу на старой машине, каких в городе больше нет.;normal
неправда. но настроение родителям испортить могут. поэтому учись и веди себя хорошо.;normal
пока что ты год оф ступид. в зал иди, чепушила, и покупай себе тренера. иначе, так и останешься.;normal
а стоит ли вещи портить?? предпочитаю аккуратненько. пуговку за пуговкой.;normal
я всегда о нем думаю. какая нафиг тут работа. трахаться хочуууууууууууууууу;normal
жадины, себя то не любят, потому что жадничают. но любить можно кого угодно.;normal
как раз часто наоборот происходит два близнеца, а по характеру полные противоположности.;normal
ой как страдаю, устала уже иссякла, пора подзарядится а то точно злой стану;normal
женщина переживает в том случае, и не всегда тайно, если она недовольна своим браком. если решение о замужестве было принято преждевременно, и женщина несчастна. замечательно, если к этому нелегкому моменту еще не появились дети.;normal
поговорите со своим парнем. поговорите с молодым человеком о своих чувствах и беспокойствах. используйте местоимение я вместо ты. давайте ему возможность высказывать свою точку зрения. не перебивайте его. если молодой человек не реагирует на ваши слова, прекратите разговор и предпримите необходимые меры.;normal
для веса. и не только крахмал, но и туалетную бумагуцеллюлоза и пр, пр, пр.;normal
если ты как следует меня попросишь, то когда-нибудь я дам тебе интервью;normal
если я своего попугая на улицу возьму он ахуеет, сначала изза  градусов первого мая, а потом от количества голубей;normal
некоторые женяться, а некоторые сваливают в направлении, которое мы женщины. не знаем.;normal
от потери наивности и богатого воображения, которое рисует мир и людей лучше чем они есть.;normal
найти тех, кто вежлив и воспитан и общаться с ними. в общении мы научимся у них этим качествам.;normal
у опытных и знающих в железе винда где то раз в год перестанавливается у чайников раз в неделю;normal
а вот также как предыдущий ответчик. дождь обожаю, радуюсь как ребенок всяким мелочам.;normal
https:www.tatarinform.runewstatarstanzainteresovanvdalneyshemukrepleniimezhparlamentskihsvyazeysoshtatomnyuyork;normal
часто, но серьезные решения стараюсь не принимать, а то дров наломать просто;normal
ты, этот, шаповаловец по плодам узнаете их и по любви между ними полагаю, да ты христианин;normal
чтобы в чем-то разбираться хоть более менее, для начало надо просто проявить внимание, интерес.;normal
закрываю глаза. включаю любимую музыку в плеере. и расправляю крылья. релакс;normal
потому что зачастую так и есть. вот если бы с мышцами еще мозги накачивались;normal
да с печатью нотариуса или агенства и выписку о собственнике на объект как приложение к нему.;normal
потому что думаешь, что человек с улыбкой никогда не навредит, но часто бывает иначе;normal
ругаюсь с соседями по коммуналке, прислуге запрещаю, чтоб соседи ее не прогнали.;normal
бывает, что девушка действительно не эталонная красавица. например, у нее большой нос, или она слишком полная. она и сама знает особенности своей внешности не будем называть это недостатками. тогда надо просто сказать: извини, это было очень грубо и бестактно с моей стороны. не стоит тут же осыпать ее комплиментами. вряд ли они ей покажутся искренними.;normal
интерес к религии может закончиться, извлечением из погреба силами мчс,;normal
а еще лучше-фотоэпиляция. она не так болезненна и ожогов вообще не бывает;normal
надо знать какой национальности эти фамилии, среди русских во всяком случае таких нет.;normal
зато проститутки очень ловко перепроституцируются. в отличие от прокуроров.;normal
томаты полезны. предлагаю не портить их борщом, в нем и так полно,, мертвых, овощей;normal
любовть не бывает без терпения, это составная часть плода святого духа бога, который есть любовь;normal
свадебная клятва дана, медовый месяц окончился, и сейчас вы в ожидании долгих лет счастья. больше всего вы хотите хороших отношений с вашим мужем. кстати, следующие шаги будут полезны для обоих супругов, так как они помогут укрепить взаимоотношения.;normal
а может быт я перестал старит в  я не хочу быт старим планирую дожет до  или;normal
раздать паспорта это только пол делаа вот защитить своих новых граждан, гораздо сложнее будет;normal
лицемерие это. сми тока и твердят про сгнивающий запад, духовные скрепы. а все туда рвутся чинуши.;normal
представляете, смотрит в зеркало венесуэла и говорит ну и чем я не америка?;normal
нет, не обязательно, они теперь нигде не расписываются. мы без них были и вообще только вдвоем;normal
вообще странно зачем покупать белье большего размера или вы чужое донашиваете?;normal
всему свое время. время парада и время для всего остального. вот всем остальным и командую.;normal
когда иду к проктологу, то мне кажется, что это он со мной занимается сексом.;normal
займись спортом и следи за тем сколько съедаешь. обычно все приходит в норму;normal
видимо не грамотные и не знают как цвет называется, сравнивают с цветом своей пятки;normal
конечно. ежесекундно в мире наступает смерть, а жизнь продолжается. не так ли?;normal
индивидуальную непереносимость никто не отменял. что вы имеете ввиду под аллергией на никотинку?;normal
любое учение важно проверить основано ли оно на библии или придумано людьми.;normal
атеисты это люди, отрицающие существование бога. причем здесь все остальное?;normal
там, наверное, кроме моей задницы, нет ничего компрометирующего. и то это не компромат.;normal
не успеешь побыть модным, заберут в кутузку или психушку. они, гады, против моды;normal
он наверное прочитал сколько всего надо чтобы устроиться полицейским в сша и решил что проще устроиться в гарлеме наркотики продавать;normal
думаю что мужчине с ребенком устроить свою жизнь намного проще. все таки любят у нас женщины жалеть сильный пол, а наличие ребенка да еще без супруги в глазах многих дам скажем так еще больше возвышает его в глазах противоположного пола. да и ребенка тоже жалко, плохо без мамы, хочется приласкать, обогреть, материнский инстинкт он такой. а вот в случае с мамой одиночкой найти пару сложнее, не больно то наши мужчины хотят брать на себя ответственность за чужих детей. все выше сказанное лишь мое личное мнение.;normal
если она продолжается из раза в раз, то несомненно. но не убъет, а поменяет с любви на ненависть.;normal
случается, когда дома никого нет. а почему бы не поговорить с умным человеком?;normal
я мечтаю о том, чтобы одну из звезд назвать женским именем и подарить любимой.;normal
чтобы покажат другу можно такие или нет он сказал лендинты нелза  пиздец твоим зубам от леденцов а то что своткал не лендинтцы эти может быть можно кушать друг по умне вас;normal
смотря что. коляску новую подарила, да и много чего еще. а любви не дождутся.;normal
у меня. очень удобная вещ, особенно когда купить что-нибудь прямо из интернета.;normal
канечно. это самая что ни на есть. лучшая сила. в хороших добрых и умелых руках;normal
каждый день перестановкой мебели занимается. не успеваю привыкнуть. как на вулкане.;normal
вот пусть и сидят в своих гей клубах, а на улицу не высовываются со своей пропагандой.;normal
а что, у них челюсть не растет, так и ходят? есть конечно, как и у всех людей.;normal
яда нет, но всякой гадости заразной достаточно. они очень редко моют лапы с мылом.;normal
в самом деле? терь буду пользоваться твоиим мудрым советоммне ло, гадинапроверим еще заодно;normal
хотят выглядеть сексуальными и искушенными, а как не знают и не понимают;normal
назойливы и настойчивы - только незрелыедуховно, морально, психологически люди всех возрастов и обоих полов - не умеющие любить, а потому - нуждающиеся в любви и принимающие за любовь - зависимость.;normal
уже наступил. выживут только милитаризированные кланы защищенные мощными духовными техниками;normal
хорошего давно уже ничего не жду. за всех не скажу, но большинство упало в глазах уже давно.;normal
ну если рассуждать, что жена, это прочитанная книга, то конешна можно и другую книгу взять.;normal
пользуюсь год, нареканий нет тв показывает великолепно, интернет скоростной без сбоев.;normal
нет, это главное, но не первостепенное. родители, ответственное отношение к учебе важнее.;normal
это с детства талант. люблю наблюдать за малышами, когда они это начинают делать.;normal
надеюсь, конечно, на нашу победу. но, смотря по последним проигрышам наших-.;normal
под флойдов спиртное вообще не катит. нужны особые вещества. хотя они и без веществ вставляют.;normal
потомучто ты сидишь у компьютера, а ты мог быть звездой футбола и вытащить спартак на вершину;normal
созданием голубой и черной розы на данный момент занимается генная инженерия.;normal
слушаем радио, а когда поездка дальняя и радио не берет слушаем запись на флешке.;normal
я обычно после зимы модные платья на намыленную тушку натягиваю чтоб проблем не было;normal
к новому обществу, если платье свадебное, а если белая одежда, то к ухудшению здоровья;normal
разные люблю, смотря по настроению. но по жизни чаще всего получается танец на граблях;normal
это куриное говно. говно вредно для организма, не зря организм его выводит;normal
опята-можно. я мариновала, вкусные, крепенькие. закусон-обалденный. грибы покупала в ашане;normal
та, кто была замужем - более раскованна и уверена в себе. сложнее определить, в прошлом ли полностью замужество. но замужние девушки как правило носят кольцо, да и разведенные не всегда кольцо снимают, по своим соображениям.;normal
анеоиеоз причина некотоые врачи говорят экология или гормональный сой см комент.;normal
это продолжение культа личности. скоро появится путинград, путинск, путинбург и т. д.;normal
лучше хорошие и не важно старые или новые. старые, иногда тож портятся, со временем.;normal
потому что бактерии и грибы намного старше как вид чем все хордовые дышащие через жабры, легкие;normal
очень люблю соки домашнего приготовления и марки джей севан яблоко, абрикос;normal
ее ждет судьба савченко. вдали от родины славана родине никому до нее не будет дела, забудут;normal
молитесь ксении блаженной и гурию, самону и авиве, тогда все будет прекрасно;normal
по плану грудина, зюганов будет руководить страной. грудинин станет декоративным элементом власти;normal
верно, это когда человек пытается, окружающее сделать для себя удобным, и не париться.;normal
знаешь, иногда попадаются такие люди, на которых без слез не посмотришь ну, клоуны прям;normal
для начала обзаведитесь волшебной палочкой, а дальше пойдет само собой.;normal
мне тоже кажется, что тарелки пролетают только если рядом нет приличной камеры.;normal
да какой там войны лднр россия возьмет под контроль и все пока на этом.;normal
так уже былопосле смерти родителей мы как раз и начали жить отдельнои вот тогда у нас постепенно начали налаживаться отношения;normal
желанием. да. дык, удовлетворением и пахнет, еще удовольствием и усталостью и мной чуть-чуть.;normal
любить их. он и сейчас так относится. а жестокость вокруг делают люди друг-другу.;normal
хотят чтобы мирное население ушло. люди им не нужны им нужна территория;normal
а зачем его нести? вы сами когда то сдавали анализы? или дети? собираете в баночку и несете;normal
факторов много. одним борщом не привлечешь мужчину. если мужик идет налево - то явно не для того, чтобы борща у любовницы поесть .;normal
есть такая жидкость, которая омывает мозг ликвор. вот она и давит на мозг;normal
а торнадо, цунами и тайфун это значит неплохая погода. ну тогда не знаю, что отвечать;normal
да. я так делаю. потом, когда уже готово, приоткрываю, чтобы подркмянилось;normal
если поставить вируальную машину можно хоть десяток син, линуксов и прочих систем зарядить;normal
ваш вопрос на актуален по отношению к женщинам, потому что именно они чаще бывают хорошенькими, когда им от мужчин что-то надо.;normal
меня любить не надо. я просто не умею любить. совсем. разучился. надеюсь навсегда.;normal
любовь это взрыв эмоций, зато потом такое сладкое примирение после этого взрыва.;normal
чтобы прорваться в мир живых и творить тут бесчинства, зачем же еще армия то нужна?;normal
потому, что там сидят в основном новички в этом деле. или же люди в этом ни чего не понимающие;normal
всегда, когда не выясняют кто главный и кто первый и кстати, правильно делают, что не выясняют;normal
потому что большинство hr специалистов просто не умеют проводить собеседования;normal
занятия ерундой на рабочем месте развивают бдительность боковое зрение и быстроту реакции;normal
вот честно-нет. меня это напрягает. каждый раз выслушивать что со мной сделают, если изменю.;normal
какаши доцент кафедры философских наук в нгсуп, его часто не могут понять привыкните;normal
сначала с женой познакомь, может не понравится твой выбор. придется поискать другую;normal
а там мужики красивые. намного красивее итальянских баб. и как после этого не стать пидором?;normal
знаю, но я тебя позвал и чувствую ответственность за то, чтобы тебе комфортно было;normal
прекрасное взаимопонимание между ее членами и хорошее дополнение умений каждого игрока.;normal
заразившись смертельно опасным вирусом определенно становишься ближе к богу, а там как повезет.;normal
жирафы против. от специальных когтей электриков у них шерстка портится. блин.;normal
конечно. бывает, что и самые сильные личности в какой-то момент проявляют слабость.;normal
мне тоже такие попадались странные парни, как вы описали. могу сказать, что надолго нашего такого общения не хватило. разные мы оказались. что в принципе не удивительно и понятно. поэтому общение постепенно просто сошло само собой на нет, что называется и все. я бы на вашем месте просто не общалась, если в этом нет крайней необходимости.;normal
если говорят пить воду, значит только воду. чай и прочие напитки не то.;normal
там можно и свой скелет нечаянно найти. не ворошите прошлое. оно забыто;normal
бандит это преступник. а если большой бандит, то это уже член правительства.;normal
мой муж считает, что я само совершенство. ну а я все свои недостатки знаю очень хорошо;normal
мусульманам везде живется хорошо, кроме стран шариата. им не плохо и в европе и в америке.;normal
кем угодно, кроме творческих профессий. умеют подчиняться приказам и отдавать приказы.;normal
так как то само собой получается, иначе это уже и не счастье если только себе одному;normal
вот не надо мужчин с самцами путать, а женщин с самками. хотим любви и побольше.;normal
книги оксаны сергеевой, почитайте возможно понравится, мажарин, стая, и др;normal
не меняется логин, можно зарегистрироваться еще раз с новым электронным ящиком.;normal
нет, не положены. у неработающих нет права на оплачиваемый отпуск по бир;normal
я тоже общаюсь с бывшим, не стоит ревновать. мы просто общаемся. ничего такого. это бывший;normal
вот возможно из за этого у меня так когда я знаю что с книги я получу какой то опыт или навык;normal
я не хочу в рай там компания хоть и святая но скучная, а в аду всегда найдешь своих;normal
я всегда делаю что хочу. ну бывают моменты когда я жалею. за сделанное.;normal
ну а схуяли мне такое писать если ты не знаешь в каком тоне я ей сказал что она дите?;normal
глажу кошку, смотрю проходняк на ютубе, матерю дохтора с лампочкой, курю-пью-жалею язву;normal
а разве капитализм это плохо? вы вообще-то живем сейчас при капитализме.;normal
признаюсь маникюра и педикюра себе не делаю. соблюдаю аккуратность и мне этого достаточно;normal
смешалось язычество с христианством и понеслось. сначала двоеверие, опосля православие;normal
которые создают власть, которую признают и народ, и оппозиция и иностранные государства.;normal
несомненно. все мы вместе составляем мир, и чистое сердце делает его лучше.;normal
есть исключения. но в инете вы не увидите нормальных людей. святого мало здесь.;normal
потому что после свадьбы через какое-то время начинается бытовуха, проблемы. охлаждение чувств.;normal
сравнительно немногие люди могут наблюдать политические явления без одного из двух чувств: страха или желания взять власть в свои руки;normal
только то, что изготовлено для поклонения идолы. остальное имеет другое назначение.;normal
не, я против, на шо там смотреть. ученики еще не созрели, учителя перезрели.;normal
веганы не употребляют вообще никаких продуктов животного происхождения.;normal
наверно, романтической, любовь называют, ту, что два человека поддерживают своими действиями, не дают ей угаснуть. например, устраивают друг другу сюрпризы, мужчина не забывает дарить цветы, заботятся друг о друге, не дают друг другу скучать, отношения выглядят, именно так, как будто они только познакомились. а так, у большинства романтика- это конфетно- букетный периуд, а потом семейный быт.;normal
черная кожа переводит более губительную ультрафиалетовую энергию в менее губительную тепловую;normal
русалками правильнее любоваться. после прикормки. они ведь в некотором смысле-женщины.;normal
как минимум обучится на бизнес информатика, и потом когда будет опыт тогда можешь и создавать;normal
душевная чистота, угодная богу. и в сочетании с ежечетверговым бани посещением;normal
ну если когда нибудь случится такой кризис, то выгодно работать будет в ритуальных услугах;normal
думаю, что, наоборот, они любят мужчину, а за улыбкой скрывается что-то такое интимное, которое они помнят, но держат в себе.;normal
совет от бабушки очень мудрый, стоит прислушаться и сделать все так, что бы в вашей жизни не было такого финала, какой описывала бабушка. вообще люди, которые прожили жизнь, знают, что говорят, их опыт может помочь молодым, только беда в том, что молодежь думает, что они и так уже все знают, а на деле получается довольно часто, как бабушка сказала.;normal
эвм электронно-вычислительная машина? тогда правильно убрали, заменили компьютерами.;normal
все зависит от того сколько вам убрать надо или прибавить и в разных клиниках цены разные;normal
люди подобны тому, на кого они полагаются, жалость подобного рода манипуляция, требующая качеств для достижения эффекта.;normal
что-то такое неуловимое витает в воздухе и очень сильно ощущается всеми фибрами души и тела.;normal
конечно можно. причем на любые, телесные, черные и др но лучше без рисунка;normal
выпиваешь много самогона, а дальше идет как шампанское. главное фруктами и шоколадом закусывай.;normal
хотела бы фамилию, моя в переводе с армянского ищущий, хотелось бы поменять на нашедший;normal
это самый лучший праздник, можно сколько угодно пить, и тебе за это ничего не будет.;normal
ситуация и сложная и в какой то степени комическая.если мужчина простил жену за измену.но не желает воспитывать чужого ребенка.а женщина не хочет делать аборт.тогда пусть рожает.ведь у ребенка есть настоящий отец.нужно попробовать урегулировать вопрос с ним.пусть он воспитывает ребенка.а если откажется тогда будет подлецом и г.ом.так как утешил даму.получил удовольствие.а на остальное на.вать.поговорить с отцом ребенка нужно.но и мужчина тоже пусть подумает.воспитывать ребенка пусть даже не от него.тем более с рождения можно.так как ребенок всегда будет считать его настоящим отцом.таких случаев множество и ничего в этом плохого нет.если любит жену и простил ее.как говориться из любой ситуации есть выход.даже из самой сложной и запутанной.;normal
есть люди по сути своего характера, которые очень долго к кому-то привыкают, а потом легко расстаются, поняв, что этого человека они легко могут исключить из круга своего общения, так как общение с этим человеком ничего хорошего не дает. под этими словами может подразумеваться финансоваяденежная сторона вопроса, когда с человека нечего взять. также это может быть и духовная сторона вопроса, когда с человеком становится совсем не интересно, с ним не о чем поговорить, он не читает, не ходит в театры, в кино, на выставки, совершенно не занимается своим самосовершенствованием. к такому человеку быстро пропадает интерес, и с ним легко расстаются. если между людьми возникают определенного рода деловые отношения, но в итоге они не приносят должного результата, то отношения между людьми в таких случаях надолго не затягиваются, и люди легко расстаются.;normal
я бы украину, самая перспектива страна, причем одессу там самый лучший руководитель в мире;normal
это когда фригидная баба честно тебе заявляет, что ей никто не надо, кроме ты.;normal
можно! от сего можно устать, если потерять чувство меры. и от романтики тоже. будьте сами собой, не отрицая романтики. переизбыток всегда вреден.;normal
сервис badoo - это не реклама, там можно позномится, безопасно, хорошие модераторы, у людей точный возраст, много информации о человеке.;normal
даже не догадываюсь о таких. зачем себе голову забивать. всем нравиться невозможно;normal
это бывает. подожди какое-то время, возможно день и попробуй зайти снова.;normal
любить самой. это приятно, потому, что нравится, когда любимый человек доволен, улыбается;normal
ну вот я, например. и есть целое движение чайлдфри. и есть такая фобия болезнь педофобия.;normal
цыганки от меня линяют а профессионально меня не гипнотизировали а было бы прикольно.;normal
клонировать, а затем не экономить, так как запасных будет сколько душеньке захочется.;normal
пожалуй поделиться могу всем, но вот здоровьем не поделюсь оно мне самому очень нужно.;normal
вот когда засыпать начинаю, в ухо усатая морда втыкается и мурчать начинает.;normal
просто живем мы тихо, проблем соседям не делаем и сохраняем со всеми ровные приятные отношения.;normal
вот новый краун  года со стоимостью в два раза ниже, чем пикап из америки.;normal
никто не знает как долго продлится его путешествие во вне возвращаются туда где дом;normal
волосы плохие, если им не хватает вит. е и а. вит d c кальцием тоже не помешают.;normal
русский хип-хоп и блатняк. это не музыка, это заливание грязи и безнадеги в уши и мозг.;normal
мне было, мужу, в начале отношений была страсть общие интересы и вот поженились через два месяца со дня знакомства.и понеслось работать он не особо хотел, а если хотел, то приходилось мне рулить пробивать устраивать, но надолго его не хватало и кроме головной боли мне ничего толком он не зарабатывал, дома подсел на игру танки и стало еще хуже, потому что сменил день с ночью, и тут опа я забеременела и решила, что возраст еще позволяет надо рожать да и надеялась муж повзрослеет изменится.ничего подобного стоило родить начались у него друзья и походы с ними делал все, чтоб из дома улизнуть и не помогать с малым, все легло на мои плечи весь быт, готовка, уборка, стирка за ребенком и за ним.в итоге выдал, что еще не нагулялся и не готов к семье.месяц сыну был мы развелись.вот это типичный пример мужчины ребенка он видел во мне маму походу и с появлением сына понял, что все изменилось, что надо и ему взрослеть становиться ответственным, а ему не хотелось.прошло два года и он появился, типо он готов он понял все и был не прав, только и я поняла, что мне сына хватает и еще один ребенок в виде мужа мне не нужен, и люди не меняются;normal
"ситуацию нужно проговорить дома и уточнить иерархию ваших отношений. обычно этот вопрос решается вначале брака на первом году совместной жизни. если эта женщина ваша жена продемонстрировать свое главенство.на людях когда возникла эта ситуация подойти к жене взять за руку и тихо, но спокойно сказать с нажимом:надя, мила, галя ты забыла наши приоритеты? значит мы собираемся и идем домой, либо ты замолкаешь!! и сказанное в действие. важно не орать, быть мягким с женой и взять за руку как ребенка. публика увидет заботу и невоспитанность жены. начнут ее защищать! приготовьтесь ответить это наши семейные дела не суйтесь мы сами разберемся.повторяете для жены слова; мы идем домой или ты ведешь себя соответственно?а дальше по ситуации. на меня подействовал мгновенно один только взгляд мужа и все приоритеты были расставлены!!";normal
все зависит от семейного достатка деньги добывает тот у кого лучше это получается;normal
кошки забирают негатив и плохое самочувствие. собаки дают позитив и сылы.;normal
ну какая разница, вагина все равно примерно  сантиметров у всех, остальное растягивается просто;normal
если не брали кредиты, то их нет. за вас без вашего присутствия оформление кредита невозможно.;normal
вроде как ненавидят то, чего не понимают, и то, что в самом себе раздражает;normal
можно я останусь таки свободным при условии что никогда с ним не встречусь?;normal
ну наверно счасливое горе, или горестное счастье. уж и не знаю, и того и другого по немногу;normal
наверное потому что боятся получить от них отказ, что оч сильно могет затронуть их самолюбие;normal
нужно поговорить с женой, почему она постоянно чем-то недовольна, спросить ее, что ее беспокоит в семейной жизни, чем она обеспокоена. не нужно злиться на жену, если она выносит мозг, значит в семье что-то неладно, имеются трудности. обнимите жену, сядьте с ней рядом, спокойно разберитесь в проблеме. когда в семье между супругами взаимопонимание, уважение друг к другу, мирные и добрые отношения, то не будет в семье ссор и скандалов, не будет никто друг друга бесить и выносить мозг.;normal
лекарство может быть и есть, да пользоваться им все равно никто не хочет, или не может. привет;normal
у всех по-разному. в общем случае когда появляются силы на личную жизнь, и желание к новому.;normal
со временем только утихают страсти, о грехи от времени исчезнуть не могут;normal
надо скачать программу и через нее удалять не нужные контакты, через мой мир не удалите;normal
ну знаешь , скорее всего ты флиртовал не с одной и они пришли к такому мнению;normal
женщины живут со скупыми мужчинами потому что не хотят оставаться одни. скупость это не такой большой минус. некоторые женщины обладают жадностью. почти каждая третья женщина жадная. но это не означает, что с ней нельзя жить.;normal
с любви к окружающему миру и, в основном, когда ты хозяин своих чувств, так на много легче.;normal
в том случае, если он настоящий мужчина, умный, самодостаточный и подлинно свободный;normal
это переживание гнева к обидчику и жалости к себе, а так же средство манипуляции.;normal
так случается не всегда, зависит от конкретных мужчин и женщин. то, что мужчине легче заводить знакомства с мужчинами - это да, но вот с женщинами они ведут себя по-разному. мне кажется, тут больше играет темперамент, характер, нежели пол.;normal
говорю просто или ты меня сейчас прощаешь, или прибью. обычно помогает моментально помириться.;normal
какой же ты сказочный дурила, минские соглашения киевская хунта не выполняла. вообще, ни одного.;normal
только добрые чувства и любовь рождают нежность. грубость проявление зла.;normal
в магазине посмотри. я даже больше скажу полюбому лежит в морозилке, нде и другое мороженое.;normal
библия это всего лишь кодекс, набор правил поведения, своего рода законы бытия социума.;normal
а тебя только неадекватные привлекают, что поделать, о вкусах не спорят;normal
если у обоих супругов есть желание сохранить. а кризисы отношений бывают у всех.;normal
потому-что жизнь это игра с офигительной графикой и физикой, но дерьмовым сюжетом.;normal
у меня есть целый список команд - достаточно нажать на кнопку со знаком вопроса;normal
подойди к ней и скажи бабушка, у меня есть к тебе пару новостей.пусть немного ошалеет.;normal
ну у нас смертность такая же приблизительно как и за прошлые годы по статистике, экономика не пострадала, люди с ума не посходили в заточении и в масках;normal
выражение афишировать отношения я понимаю так: выставлять напоказ. ну разве многие мужчины напоказ выставляют то, что является личным? нет.;normal
это когда ты проснулся кислый, у тебя отсосали сладкий, и ты бодрый пошел на работу;normal
кажется чтото пошло не так.я не знаю такого населенного пункта для поиска в нем погоды.;normal
да, это нормально. иногда когда нечего делать я с мальчишками гоняю мяч по полю.;normal
выключи все торренты скайпы и т. д, а вообще зависит от скорости интернета;normal
зайди на сайт оператора к которому ты подключен, там все подробно описано.;normal
я очень люблю свое имя, и все остальные тем более, дарья-победающая. звучит;normal
у меня другая проблема. я в мышку пепел стряхиваю, а пепельницей курсор навожу.;normal
раз никому не нравиться, то не буду я тебе на новый год дарить эту игру. ладно?;normal
крысы вообще предрасположены к опухолям и ожирению. вообще наследственное, инбридинг опять же.;normal
я девушка нежная уберусь тем, кто рискнет нагадить, быстро, качественно и дорого;normal
просто жду голов аршавина а еще бы хотелось, чтоб чердака снова поставили на этот матч;normal
нет. меня устраивает моя жизнь. а гоняться за гламуром удел тупых малолеток.;normal
салат из купусты и мясо курицы, все нашинковать и перемешать, обьядение;normal
ни разу не приходилось, но можно съездить при условии, что появится такая возможность.;normal
предвкушением романтического ужина, приятного вечера и обалденной ночи.;normal
ляг на пол, ручки и ножки в стороны, голову прямо и сфоткай вид сверху, вот тебе и звезда;normal
в украине, например. в беларусии. есть старые здания, замки, но они не древние.;normal
а зачем что то делать для хритса? он чего слабосисен, слаб умом? или попрошайка?;normal
и предствалять не надо, она была процветающей, богатейшей республикой в составе ссср;normal
восстановить сустав уже ни что не может. а вот лечить все индивидуально и относительно.;normal
против категорически. по статистике у них аварий не больше, а исход-легче.;normal
со всеми разная иногда хороший слушательа иному и сказать нечео. больше по настроеию;normal
вообще ничего, даже не сказать не слова, просто уйти, ему на душе так обидно будет. свой опыт;normal
вожет ты читать разучилась? шучу, просто что то с твоим ящиком или с серваком, давно или всегда?;normal
общий анализ крови и мочи, ну конечно же узи брюшной полости и органов малого таза.;normal
пока что во всех я, душечка, нарядах хороша в том числе и в костюме евы;normal
вообще нет ничего общего. я выгляжу как студент типичный в жизни, хоть и давно не учусь уже.;normal
как правило это означает, что у нее большие сомнения, что этот брак последний;normal
спокойствием и стабильностью. она рядом, я ей дышу, и лучше аромата счастья нет.;normal
тот же самый аборт. конечно может и будет идти, а как по твоему все выходить будет.;normal
развивает, помогает осмыслить, понять. играет огромную роль в духовном воспитании человека.;normal
флегматик - это пассивный, но трудоспособный индивид, медленно приспосабливающийся и мало проявляющий эмоции;normal
не шпионь за мамой, гуля. не красиво. лучше подрочи, как мама советует.;normal
летние каникулы это особое время. дни кажутся дольше, никакие домашние задания вас не обязывают и перед вами открывается много интересных возможностей. наслаждаться летними каникулами значит брать от них максимум и делать то, что приносит вам удовольствие.;normal
значит он еще не нашел свою церковь. главное вера, все остальное вторично.;normal
а я белоруссок больше люблю, и в минске и. да какая разница, все прекрасны;normal
пропил даже лопату с дачи. и пропивать стало больше нечего. так и бросил.;normal
не бойтесь использовать сложные и мудреные слова! заставляйте людей недоумевать. если у вас попробуют уточнить значение слова, то пожмите плечами и усмехнитесь. умная и загадочная девушка это вдвойне круто.;normal
может потому, что многоженство запрещено и преследуется уголовным кодексом?;normal
торможу себя но иногда эмоции подавить сложновато хотя в общем и целом я весьма сдержанная;normal
от дружбы с женщиной бывает много проблем. лучше дружить с себе подобным, т. е. мужиком.;normal
ревность-это боязнь превосходства другого лица. прежде всего нужно полюбить себя.;normal
можно. вы например собственник автомобиля, прав у вас нет, а ездить будут другие люди за рулем.;normal
это не нормально, но если больше нет украшений, то можно и их использовать.;normal
период полового созревания непростое и щекотливое время для многих молодых людей. парни и девушки не всегда знают, как пережить данный этап. в организме начинают происходить разные перемены, но не спешите волноваться: все они совершенно естественны и происходят с каждым подростком. информированность и осведомленность помогут вам легче пережить изменения.;normal
потому что в этой позе наиболее вероятно зачатие. больше рабов будет богаче хозяин.;normal
музыкой любящего разума хотя у меня настроение всегда приподнятое того и тебе желаю;normal
а я стараюсь в них не попадать. но если уже попал. то любыми доступными способами;normal
ничего, но если постоянно и часто рисовать то может быть заражение крови;normal
надеюсь у них своя радость, просто не все так плохо, и не все завистники и злорадоственники.;normal
говорить их неискренне и не от сердца, просто сотрясать воздух, а чьи они не так уж и важно;normal
берешь и носишь, че жопы своей накаченной стесняешься? лосины с шортами носят;normal
нет, отчасти религиозная процедура, к тому же из недоказательной медицины;normal
значит, не было достойных. а оно к лучшему. ибо лучше быть одиноким, чем-то непонятно с кем.;normal
ты не представляешь, как я эту вакцину хаяла. и кролики мы подопытные и на каком основании;normal
смотря по какой причине. с чего ты взяла что тебя заблокировали? может это обычный вирус?;normal
на моем счету не настолько много денег, чтобы позволить себе настоящее сердце океана :;normal
я смотрел чудиков из военных или фсб, которые катались по делам в форме с автоматом в гражданке водила;normal
да, что бы потом не бегать за тестами, а спать спокойно, зная, что неожиданностей не будет;normal
нет, чистотел едкий, это только для наружного применения сводить бородавки.;normal
отказываю себе регулярно. но в последнее время поняла, что и себя побаловать надо;normal
лично меня вымораживает гимн шотландии. это нервы надо, что б выслушать столько волынок.;normal
психиатрия область медицины, где пациент считает себя наполеоном, а врач его лекарем.;normal
начитаться того, что противоречит твоим мышлениям. и попытаться разобраться;normal
потому что в этом нет ни какой надобности. главное придерживаться расцветки проводов.;normal
потому что ангелы, как известно, живут высоко, а женщины равно, как и мужчины эту землю топчут;normal
в первый же глобальный катаклизм, когда исчезнет вся инфроструктура, они лишаться работы и вымрут;normal
общество - это толпа людей, беспорядочно контактирующих между собой. у компьютеров в этом смысле все организовано намного лучше;normal
каждый человек сам выбирает что ему слушать и не надо думать о них плохо;normal
возможно, что вам нужно скачать более новую версию флешплеера или очень низкая скорость инета;normal
сама жизнь и есть чудо. это просто наглость и глупость ждать еще большего.;normal
думаешь об этом вот и снится сны сбываются с четверга на пятницу, а воскресные сны до обеда;normal
дрыхнуть до самозабвения но правда неделю через неделю. в эту не откажу;normal
я не стараюсь ее приземлить, просто ниточку держу, чтобы слишком высоко не взлетела;normal
из сингловых игр кроме пары игроизаций по волкодаву вроде и нет ничего.;normal
вопрос сформулирован очень грамотно: что женщины подразумевают под свободными отношениями? история знает немало примеров, когда продвинутые эмансипированные женщины предлагали своим супругам придерживаться этих самых свободных отношений, и они их придерживались, и все шло замечательно, пока супруг не понимал это слишком буквально и тоже не начинал свободные отношения где-то вне дома. вот тут и начинались скандалы. разборки и выяснение отношений, в ходе которых выяснялось, что его отношения не должны быть такими свободными. справедливости ради признаю, что часто бывало и наоборот. что касается разных нелестных слов, характеризующих женщину кстати, а что насчет мужчин? где равенство полов?, то здесь все сугубо индивидуально и субъективно. кто-то считает взгляд, брошенный на венеру милосскую или давида адюльтером, а для кого-то и физическая близость на стороне - не измена: ну и что, это ничего не значит, я же все равно люблю только тебя!. в любом случае, если такие отношения устраивают обе стороны и ни у кого из них не возникает возражений, то почему бы и нет? это касается только двоих, и абсолютно фиолетово, какими словами называют это другие, посторонние люди.;normal
гематома, вокруг пальца, отек, боль при раздражении пальца выздоравливайте;normal
чтобы хватало на достойный отдых, обучение детей, медицинскую страховку, и обеспеченную старость.;normal
а если просто мужчина и женщина, встретившие недавно то бишь, не притершиеся или любовники или прохожие или. так им не обязательно знать не только всю истину, но даже всю правду друг о друге.;normal
конечно нет. вон сколько сторонников у христианства, а вера то полная туфта.;normal
потому что в вопросе других нет эмоций, а что касается себя, так эмоции зашкаливают;normal
соглашаюсь с тем что не прав а дальше помалкиваю виновато ну или просто перевожу темы;normal
нет не вызывает. задержка может быть на нервной почве, или из-за беременности.;normal
по мере возможности, не впадая в фанатизм, стараюсь игнорировать их барахло.;normal
вам в другую категорию сравнивать пингвинов и программы для написания вирусов;normal
не смотри футбол, если ты ни хера в нем не понимаешь. и говном сам намажся, а сборную не тронь.;normal
счастье ждет вас за дверью вашего дома, в реальном мире. а здесь иллюзии.;normal
относитесь к начальнику как к клиенту. подчиненные должны понимать, что самые важные отношения в их рабочей жизни это отношения с их непосредственным руководителем. думайте о начальнике как о клиенте, а не как о коллеге или просто вышестоящем менеджере, о том, чем вы можете помочь ему.;normal
отнести в обменник. или сдать в банк. или зашить в матрац. вариантов масса, были бы евро.;normal
восприятием мира окружающего. вкусом карамельки, сочностью цвета, заботой родителей.;normal
конечно может если захочет посеешь привычку пожнешь характер посеешь характер пожнешь судьбу;normal
если принято решение что-то делать, то тут же возникает ответственность за это дело.;normal
счастье это субъективное внутреннее состояние. оно почти никак не зависит от внешних факторов.;normal
ничего не привлекает, а вот отвращает многое, особенно беспардонное вранье и наглое воровство.;normal
против. в расход будут пускать одну нищую чернь да порядочных во власти.;normal
когда оценила обычную жизньона счастье и есть. счастье отсутствие несчастья;normal
можно. на месте. если номер позволяет. можно даже разрешания не спрашивать.;normal
к пище растительного происхождения относятся все овощи, фрукты, ягоды, зелень, грибы, бобовые.;normal
на секс с женой. только она сильно устала, вот я и храню ее сон, от себя в том числе.;normal
со своих крепостных наоборот три шкуры всегда сдирали, то что простили-с тебя и возьмут.;normal
это только общение и неболее того есть у каждого своя жизнь и личная не инетовская тайна;normal
в сбере, но в залог надо предоставлять всю квартиру, или иную недвижимость;normal
что тоже странноон должен был дополниться а не поменяться в итогу минус одни, плюс другиелан фиг с ним это ваши дела админские;normal
ну если не удаляли, то можно, отсортируйте письма по дате и ищите, ну или по имени, если помните;normal
если вы с девушкой разошлись и она бывшая, то наверное лучший способ не общаться совсем, так будет легче всем. зачем общение, если она уже бывшая. а если приходится где-то встречатся, то нужно относится к девушке с уважением.зачем общаться с девушкой если она уже бывшая.думаю что все уже было сказано и возвращаться назад не надо.;normal
женщинам, часто свойственна решительность, когда ей не на кого положиться, кроме как на саму себя. особенно если дело касается жизни и здоровья близких. конечно, они не на столько выносливы физически, как мужчины, но природой в женщину заложен инстинкт сохранения жизни потомства. если вдруг, война или цунами, настоящая баба сто очков вперед даст любому представителю мужского пола, поскольку инстинкт выживания заложен одинаково и в тех и других. и механизм выработки адреналина срабатывает примерно одинаково. так что, я не вижу смысла искать разницу между полами в этом вопросе. ступорных людей хватает и среди мужчин и среди женщин. это лично из моего опыта.;normal
я наоборот заставляю всех своих девушек волосы отращивать очень красиво;normal
наверное есть, ведь и виртуальная любовь может превратиться в реальную.;normal
передай этому ебаному обэме, его дочку ебут где  нибудь, она учится там хуй знает где, а дети гибнут на украине;normal
о женщинах я знаю мало. знаю как приятно касаются ее пальчики клавиш клавиатуры, каким нежным взглядом она смотрит на мой ответ;normal
уже купила почти все подарки, новые формочки для новогоднего печенья и кексов.;normal
а я кошелек ношу только как памятью что ранбьше денежка хоть какая-то водилась.;normal
а зачем мне их любить всех подряд? для любви мне нужен всего один. остальных я просто уважаю.;normal
привкус счастья на губах. запах нежности вокруг мечты и головокружительные желания. мой вкус;normal
хаха милочка то что сейчас в вашей жизни и есть белая, темная начнется позже, сильно позже;normal
до такой настоящей любви надо еще дорасти, действительно, мало кто сейчас на нее способен;normal
да, камасутра называется. а еще есть арифметическая и геометрические прогрессии.;normal
дружба между мужчиной и женщиной это отношения либо бывших любовников, либо будущих.;normal
да. а парад военной техники. это военторг для ополченцев. уже сидят и ждут парада, выбирать будут.;normal
самый главный признак, это стремление друг к другу, желание проводить время. и на трезвую голову. а не так, парень только по пьяне начинает названивать. совместное время провождение подразумевает походы в кино, прогулки, встречи с института. здоровые отношения, это обговаривавшие планов на будущее. кто кем хочет стать и в жизни состояться. а не сидеть на чьей-то шее. здоровые отношения, это когда родители знают, с кем встречаются их дети. и не переживают, что компания плохая. ну и конечно в здоровых отношениях, должны быть и красивые моменты. они как раз хорошо запоминаются. какие-то вечера романтики. может коробочки конфет с сюрпризами. цветы. да много чего можно придумать, чтобы было приятно обоим.;normal
я, между прочим, немало денег на рекламу потратил, сюда все люди добровольно пришли;normal
тебе штампушку шлюпнуть и написать, что практику прошла? или что? о о чем речь идет;normal
очееень необычный ужастик хижина в лесу. это при том, что ужастики не люблю.;normal
россия, турция, греция, узбекистан, таджикистан, индия, тибет и много-много других;normal
если варить со мной, то получится не каша, а холодец. больно я костляв. о --о;normal
шлюхи тоже заебывают с предложениями дружбы. или не шлюхи, а прыщявые суходрочи;normal
александр, к сожалению обновить приложение нельзя. можно удалять то, что вам не нравится.;normal
бог хотел, чтобы его творения имели шанс свободного развития до его уровня;normal
да бывали, но ща у меня есть мой зайка. и кроме него мне никто не нужен.;normal
частенько думаю, чтобы всегда быть готовой встретить ее осознанно и не потеряться в вечности.;normal
в церкви придется шапку снять. -. а в мечети валенки. -. а так пожалуйста.;normal
тебе могу рассказать все да впрочем ты и так знаешь всегда где я и чем занимаюсь;normal
ровно. пусть думают что хотят. иногда доказываю, после понимания ухожу.;normal
я не хочу. правда, я там уже была, и меня теперь устраивает простое сожительство.;normal
зло и добро так переплетены, что бывает трудно отделить одно от другого;normal
а хотя, даже на телефоне ни одной. совсем не интересуют виртуальные игры.;normal
бредятина, шо может сделать президент? эта массовая херня в школах с  года, и ничего никто не может сделать. просто они пытаются то оружие отобрать нереально , то патроны тоже нереально , а вот заняться психами почемуто никто не хочет, это не политкорректно, это ущемляет;normal
канада, потому что американцы думают что они умные самые, а на самом деле.;normal
можно, если осторожно. желе для посуды помазать и застирать можно и руками.;normal
это связано с плохим кровообращением в периферических сосудах. занимайся спортом;normal
разрезаются чувства души, а как следствие физические и эмоциональные заболевания.;normal
если вам нужна шевелюра то на рост луны если хотите стричься реже то на убыль;normal
потому что внешние изменения ничего не дадут, а суть все равно неизменна.;normal
почему?? да потому что он появится только в конце ноября на dvd тогда и жди;normal
достаточно их послушать и обо мне можно снимать сериалы. режиссеры и сценаристы отдыхают.;normal
видимо привыкли друг к другу, или много лет вместе, также надеется на перемену к лучшим отношения, человек терпелив и прощает любимого человека, зная или догадываясь какие причины несут негатив в отношения.;normal
я обычно так и делаю. а если ни с кем не хочу разговаривать, отключаю звук у телефона.;normal
вы весьма важный и актуальный вопрос поставили. почему не умеют красиво расставаться? дело в том, что когда подобное происходит, то конец отношений инициируют не оба, а кто-то одинодна. не столь важны причины расставания, а важно понять следующее, что второй человек из пары в принципе расходиться не намеревался. егоее ставят перед фактом. то бишь, то, чего там ты, образно говоря, чувствуешь, вторую половину не волнует. второй момент, что если кто-то сильно влюблен, этим человеком руководят с некоторых пор чувства, а не разум. в общем наносится болезненный удар по чувствам, когда любимыйлюбимая намеревается уйти. какую реакцию ждать от тех, кому невыносимо больно? более того, они убеждены, что их предал любимый человек, унизил, растоптал любовь, опозорил, обманул, выкинул, как ненужную вещь, - все худшее, жестокое и самое циничное. и от кого? кому верили и доверились! я не стану утверждать будто всегда страдающая сторона права и адекватна в своем понимании ситуации. бывает в подобных обстоятельствах оказываются вполне себе приличные люди, а бывает, что и больные на всю голову, у которых, кроме прочего, слишком высокое самомнение. как посмели нас таких прекрасных-распрекрасных бросить?! воспринимается не меньше, чем грубое издевательство. человек находится на уровне примитивных животных инстинктов. что хочет раненый зверь? отомстить врагу, растоптать, уничтожить обидчика! это выход нестерпимой боли, выливающийся в лютую месть. пусть и тебе будет также больно, как мне! к сожалению, любовь и ненависть - два конца одной палки. а вот, если двое только рады, что могут друг от друга освободиться, они способны на красивое расставание, как это ни парадоксально. ну, или попадаются сильные личности, мудрые личности, готовые вытерпеть любую боль. таких мало. многое в подобных случаях зависит от инициатора расставания. уйти красиво и благородно невероятно сложно, почти невозможно, но некоторым и иногда все же удается. и опять многое зависит от личности.;normal
только если у вас абсолютно нигде нет прописки и если дом принят жил. комиссией как жилой дом.;normal
и кстати, она делала ринопластику, и уменьшила грудь на этом все а это уже она так изменилась с возрастом;normal
неплохо. на пушистых волосах объем действительно есть. и делает волосы более послушными;normal
я решила, что даже если не работа, то буду переезжать во францию.просто чуть позже возможно не одна, да dunkelheiter;normal
в интернете существует очень много сайтов где сможет познакомиться с женщинами, самый же популярный сайт для знакомств это mamba.ru.;normal
наверное у мужчин на подсознательном уровне происходит какая-то ревность к малышу.нет ребенка он очень любит, но теперь жена больше внимания уделяет крохе.поэтому из-за этого меняется отношение к жене.;normal
все пройдет, и это тоже, но потом опять начаться может. c и. с. левинзон;normal
счастье это особое психическое состояние возникающее при достижении сильно желаемого.;normal
всю психологию можно описать одной фразой не делай другому того, чего не пожелал бы себе.;normal
конец точно рано или позно будет, только вот чей еще не известно. щаззз пока все на яйках помешаны;normal
вопрос: какой секс предпочитаете, индивидуальный или коллективный. ответ настоящего советского человека: конечно, коллективный. сачкануть можно;normal
у меня большая коллекция комнатных растений, мне очень нравится. естественно, я ухаживаю за ними;normal
это соотношение мышечной массы к массе тела. пока пионер все это легко происходит.;normal
кошки? ну ты сказал. да им пофигу даже на себя. лошадь еще ладно. а собаке сам бог велел;normal
у кого больше тестостерона, тот и более агрессивен это бывают и мужчины, и женщины;normal
многоженство в ходу у тех, кто к женщине относится как к бытовой технике или инкубатору;normal
главное, шо он есть, этот самый секс, а какая там программа, война план покажет;normal
как раз разница в вашем возрасте его и привлекает. вы молоды красивы. а его женщина возможно вам уступает. но она ему не просто женщина а мать их общего ребенка. вы ему интересны только как любовница. его слова о вашей душе и о том как вам нельзя быть вместе могут быть лишь маской благородства для того чтобы вас склонить и к сексу и к встречам утайкой от жены. станете в итоге его любовницей. в конце концов даже гражданский брак это все равно брак. а когда еще и есть ребенок то это уже полноценная семья. вы можете ее разрушить. пострадает ребенок. он ведь не будет жить с отцом после того как они разойдуться. если бы мужчина ушел от своей женщины и решил жениться на вас вот тогда бы было о чем говорить. а так. очередной беглец за дамской юбкой. вам в вашем возрасте нужно что-то более настоящее и серьезное. чтобы свою семью построить.;normal
ты везде терпишь. и будешь терпеть. пока я в патруль не уйду. а потом будешь ждать моего врзвращения;normal
ой много чего, порой сама себе могу поднять настроение. после переосмысления чего либо;normal
это как леденец, можно сосать а можно облизывать. процесс один и тот же, а ощущения разные.;normal
сейчас самым актуальным вопросом является допинг. во всех видах спорта.;normal
такого нет, везде лохотрон, а что-бы что то заработать нужно что-то уметь;normal
потому что, большая часть видимого спектра света, падающего на него, поглощается углем;normal
один выход секир башка. если болеешь интернетом, то надо бежать в тайгу, где даже света нет;normal
был бы вирус реален-никто бы с пандемией не заморачивался. посмотрим потом для чего все это.;normal
относительно полярной звезды, если исключить мелкие погрешности в несколько миллионов километров;normal
нельзя песиков кормить такой дрянью, те кто кормит -им не жалко своих песиков.;normal
сразу бегу мыть, как-то брезгую я с улицы, да в магазин же еще захожу, надо мыть;normal
никогда, если двигаться то только вперед, сметая все препятствия на свеи пути;normal
много. даже редьку. но все овощи я выращиваю своими рукми на дачном участке.;normal
максимум справка, оправдывающая отсуствие на работе. чаще просто берут отпуск.;normal
зайти на страницу друга, нажать кнопку еще рядом с фоткой и вобрать удалить из друзей;normal
я люблю харизматичных свободомыслящих личностей. те, которые могут вдохновить на что то.;normal
нет, можно на улучшение жилищных условий. кв. плата к улучшению не относится.;normal
продажа убеждений и совести за блага. а деффченки просто работают как могут.;normal
какая ты, так с тобой и обращаются. другое дело, что с разными мужчинами и женщина разная.;normal
не готовим, а обучаем. будешь в жизни иметь профессию и кусок хлеба с маслом.;normal
между предприятиями, связанными между собой разделением труда и кооперированием.;normal
найти того кому он не будет доставлять хлопот, а близкие примут такой какая ты есть.;normal
выживет. найдется еще, я думаю, такой великий правитель на руси-матушке.;normal
то же что и хата, квартира свободная, тока это не сленг а конкретнее, блатняк;normal
познакомиться с новым и вообще, окружить себя друзьями и новыми знакомствами;normal
отлично отношусь при одном условии я тоже его люблю, если нет, то избегаю.;normal
положительно в нем те же проблемы, что и в других видах искусства, но есть и сильные стороны.;normal
наверное потому что животные им нужнее а люди для них так. третий сорт не брак;normal
мсье знает толк в извращениях, играть в шутер с геймпада это консольный бич.;normal
если не родился с серебрянной ложкой во рту, то подвержен всем бедам этого мира, не обольщайся;normal
если в армию собираетесь, то лучше обычные, а если в модельный бизнес, то и стринги подойдут;normal
их вообще никуда не впустят, с визами тоже, крым безнадежная территория, кроме россии никуда.;normal
неееееееее. не люблю, но с тобой при первой встрече не откажу. зацалую. вечерочек добрый;normal
они как строгие родители. как бы их действия не нравились, но они необходимы.;normal
профессия, которая относится к туристическому или гостиничному бизнесу, неплохой выбор.;normal
это любовь и секс могут исключить друг друга, а дружба нет. все с нее начинается. привет;normal
а кто такая вера христова, чтобы за нее страдать, да и возможно срок мотать?;normal
ныряем моя хорошая. привет. я по тебе скучала. возвращаюсь на старую анкету. ты права;normal
в россии чиновников нет, их места заняли чинодралы без совести, без мозгов и без будущего.;normal
просыпаюсь по будильнику на сотовом телефоне, целый час откладываю подъем каждые пять минут;normal
жизнь такая, приходится все воспринимтаь реально и оставаться при этом эгоистом;normal
ну в мечети важнуюкаждый для себя сам решает но после посещения храма человек становится лучше;normal
промывают желудок и ставят капельницу с растворами, снимающими интоксикацию.;normal
верю частично. пока сам не убежусь что она есть. если есть то все я убедился в этом и поверил.;normal
можно, только заставят пройти курсы по профилю. новый закон об образовании читайте.;normal
полная туфта даже не включаю, зачем смотреть как другие развлекаются надо себя чем то занимать;normal
происходящее в данную минуту. а вот завтра принимать или нет это уже можно и подумать;normal
потому что давно разочаровались в женщинах но еще не успели поменять сексуальную ориентацию.конечно это не есть хорошо но к сожалению это правда жизни.;normal
при излишке углеводов будет ожирение, а при недостатке слабость и проблемы с мозгами.;normal
свои. чужие. наши. ваши. так можно долго перечислять. вот тока нужно ль?;normal
нет у меня партнерш. на них тоже лимит существует. а я свой не тронул, но просрочил;normal
он так и появляется. а симптомы проявляются на поздних стадиях, когда уже и лечение не поможет.;normal
есть. но без аппаратного датчика слежения gpsглонасс-трекера они не работают;normal
часто менты хуже бандитов ибо находятся под защитой власти, которой они служат.;normal
набираю в ванну горячую воду и лежу, привожу себя в порядок, пока не надоест;normal
таким, чтобы любил бога больше меня, тогда наши отношения будут долгими и счастливыми.;normal
ну а что касается того, что за это судьба отнимает шанс построить новые отношения, тут я не согласна. знаю лично женщин, которые после отношений с женатыми мужчинами, находили себе партнеров, причем были вполне счастливы.;normal
у меня в семье голодное я. все, блин нажратые и сытые и классные, а я все в углу наказаная;normal
это наши депутаты в госдуме. блага у людей отравляют и заменяют их штрафами и запретами.;normal
неее. кусаться не могу и не хоца. я токо нежно нежно и то губамиа то боно бут партнеру.;normal
умею хорошо сделать то, за что возьмусь. если это не мое дело, и пробовать не стану.;normal
люблю их. тексты, конечно, такие пубертатные, шо пиздец. но веселые, драйвовые ребята;normal
просто создать новую точку доступа и настроить ее как надо вбив логины пароли и т д;normal
думаю, нет. ведь человек умирает любя. и вскоре встречается там со своей любовью.;normal
, восхищение красотой и жажда обладания не есть любовью. красота побуждает нас любить;normal
люблю стихи всегда везде с вареньем и с пельменем но чаще всех люблю я их с веселым день рождением;normal
мамин запах. когда уткнешься ей в плечо, так хорошо пахло, так уютно, тепло.;normal
усилием воли заставляю себя вести себя таким образом, как будто никакого волнения не случилось.;normal
тощие голодные, вот и злятся. завидуют, что толстые спокойно вкусности вкушают;normal
если и симпатичен и общение нравится, то нужно развивать отношения, какие-то совместные планы, встречи.;normal
да, нежный! не теряю веру в то что можеть быть почеловечески. хочу верить в существование милых и приятных людей.;normal
если взять случайность и наделить ее смыслом, то из этого может что-то выйти;normal
дамы за , ждут в отношениях того же, что и дамы в например. или тем кому , не люди? в любом возрасте женщина хочет быть любима и я сейчас не о физиологии. чтобы ее понимали и ценили, уважали.;normal
раньше меня это пугало. сейчас же я понимаю, что одиночество-это всего лишь отдых.;normal
мужчина скорее всего, ему иногда легче согласится с женщиной. чем продолжать спорить.;normal
совместного будущего не вижу. у мужчины отторжение от женщины, нет желания быть вместе.;normal
ну сначала ведрами электричество носят, а потом фтыкают как их знания реально реализуются.;normal
там могли не жить люди, а потом внезапно появились легко же актеров так сказать создать;normal
если ты первый раз меняешь имя, то можно через настройки и там вниз пролистать будет сменить имя;normal
им идеи социализма, как серпом ниже пояса, а молотом по лбу. буржуи-капиталисты.;normal
а у меня она одна, ценность, душа. все остальное это лишь то, чем я ее заполняю.;normal
да мне нравится но все все тело это слишком долго, есть более приоритетные цели для поцелуев;normal
не очень. я чел творческий всякие смертные не влияют на меня хд только муза;normal
не торопись, врага найти ты успеешь всегда, а другом ты его никогда не сделаешь по-настоящему.;normal
душу сразу не узнаешь сначала внешность, а потом все остальное, например поступки;normal
дрожжевое более эластичное и не так крошится, а без дрожжевое более суховатое.;normal
после нового года он проснется с больной головой на высокой кровати и упадет с нее;normal
две абсолютно разные машины. морально устаревшие, и живые теперь поискать надо.;normal
конечно возможна, я даже считаю должна быть обязательно, он же тебе уже родной человек.;normal
нет, уже иммунитет выработался на падания в это самое детство так что норм;normal
боль уйдет в подсознание и превратится в невроз или какую нибудь телесную болезнь.;normal
рыбалка был теплый летний день, вы неспешно закинули поплавочную удочку и осушив стакан заметили движение поплавка.привычным движением вы делаете рывок.на крючке сидит: шуба для моливы получаете  монет энергии осталось:;normal
до обеда борюсь с голодом, а после со сном вечная брьба, покой нам тока снится;normal
куллер вентилятор в компе. как крутится перестанетили будет задевать лопостями обо что-нибудь;normal
это не отображается. посмотришь потом на твоей странице ничего не появится;normal
к ним не отношусь, но таковых надо опускать или подставлять, выживая тем самым из коллектива.;normal
одержимость не лечится. на мой взгляд лучше творческий запой, чем запой творческого.;normal
не я за то что естественноветь кск известночто естественно то не безобразно;normal
раньше боялась темноты, а сейчас когда проходит квитанция за свет -света.;normal
не только браузер, но и холодильник с печкой, а что им надо, выпил то всего ничего.;normal
все в этом мире имеет пару если не будет зла, то и добро иссякнет. а вместе с ним и сказки.;normal
наоборот большинство сортов понижает. повышают давление черный чай и кофе.;normal
так если человек не хочет. это только его дело, что ставить на аватарку;normal
спросите у косметолога мазь для замораживания перед косм процедурами. безвредно и;normal
приседания со штангой на плечах лучшееходить по лестнице, или по эсколатору против шерсти;normal
быть хипстером не значит просто подбирать соответствующую образу одежду. это гармоничный, нестандартный, уникальный стиль жизни. вам придется продумать все от прически и до собственного взгляда на древнегреческие трактаты по философии. эта статья поможет вам стать хипстером хотя кому нужны ярлыки.;normal
несколько месяцев. точно не помню сколько. иногда кажется что года прошли.;normal
законом называется тора пять первых книг библии, остальные книги библии законом не называются.;normal
все зависит от настроения, приходится менять, так как появляются седые волосы.;normal
я не люблю этот процесс. у меня после него, если остался дистрибутив, голова такая девственно чистая и ничего не соображает;normal
неправда ваша. бегают не все, а только правосеки, по указке своих кукловодов.;normal
ни кто не быдло просто они грызутся за власть между собой а народу мозги засоряют;normal
телефон изобрела женщина? электричество придумала женщина? интернет изобрела женщина? то то;normal
набиваешь в интернете свой адрес, по нему высветятся почтовые отделения;normal
иногда смотрю, частенько совпадает согласна с катериной, что рыбки лучшие;normal
денис думает и о другой женщине. в данных отношениях все зависит от него, он первая скрипка;normal
молитвами, сладостями, карманными деньгами, немотивированной симпатией люблю я их просто;normal
мухи живут пока газеткой их не убьют. а вот где они спят, наверно, там куда на свет летят.;normal
думаю, что возможно, при условии если ответы будут мудрыми, основанными на священном писании.;normal
просто устаешь от постоянного общения. надо иметь время побыть одному в комфортной обстановке;normal
ячмень наверное выскакивает. горячее яйцо прикладывайте. но к врачу обратитесь;normal
как объективную реальность. а тренажер, черновик или что-то еще, ему все равно;normal
что бы найти настоящего мужчину надо самой быть настоящей женщиной. и тогда он сам тебя найдет;normal
любые физические упражнения в разумных пределах будут идти на пользу организму;normal
и в следующий раз он просто молча прогуляет, не поставив тебя в известность;normal
сам религиозный поиск. когда перестанешь искать, можешь вдруг осознать, что уже все нашел.;normal
наколуй ко мне мальчика с большим членом. а розовые кружева сними -это безвкуссно;normal
да и еще вон какая девушка какая девушка мне бы такую как в песне повелось;normal
азм, есьмь истина, свет и путь. и никто не приходит к отцу, как только через меня.;normal
от той которая приносит радость и удовольствие, от работы на благо себя и людям.;normal
злой человек -это человек, у которого эгоизм сочетается с отсутствием доброты;normal
конечно. многие думают, что это средние века. ан нет это самое что ни на есть возрождение.;normal
те, которые назначит лечащий врач. не экспериментируйте. вам с этим здоровьем жить.;normal
рассказы о бывших свидетельствуют о том, что мужчина попался требовательный. капризный. об этом свидетельствует ваш комментарий. ему не угодили чокнутые и спокойные. скорее всего спокойная сама ушла от него, спокойно прекратив отношения. трудно такому угодить. мужчина ищет себе оправлание - признак нехороший, незрелость какая-то. к примеру, я знаю свою проблему в отношениях с людьми. и проблема в моем характере. а этот мужчина видит все проблемы в окружающих. так он всю жизнь и будет искать виноватых, а себе оправдания.;normal
это исключительно дело вашего вкуса. лично мне нравится, когда куртка ниже пояса;normal
я без ведомства. можешь меня стукнуть. просто так шатаюся. незнаю где я. живу.;normal
не обязательно, достаточно иметь любой диплом высшего педагогического образования.;normal
да даже бабка со сковородкой справится с так называемой армией жовто-блакитних чебурашек.;normal
настоящая дружба, должна быть без сомнений, иначе это не настоящая дружба.;normal
бывают и те, кому нужна любовь. но таким попадаются девушки, которым нужен лишь секс;normal
сторона понятие относительное, относительно нас она вообще не вращается.;normal
типа все люди. но мир разделен нациями, что сделано специально что бы никто не обьеденился;normal
явно не как к рок песням скорей-инди-поп а вообще-пофигистично отношусь;normal
склеить можно, а бесплатно скачать не получится. авторские права надо уважать.;normal
в целом мимика, жесты и движения, могу даже лицо не запомнить, а походняк запоминается;normal
ой, лапуль. иногда и в секонде попадаются бренды. ну. зажрались буржуи.;normal
российских мормонов-то кто возглавляет? вроде, как александр германович локшин и ричард чаппил.;normal
для начала забудь эту идею, ты сокровище и звязда а нормальными пусть будут другие;normal
с перьями -будет запор, а с соломой понос все согласно состава ингридиента;normal
надо жить среди англоговорящих, только так ты сможешь выучить английский.;normal
конечно, сложить посуду в посудомойку и потом аккуратно разобрать, например;normal
не я решаю, бог решает. но, конечно в рай хочу попасть. но, неизвестно куда именно я.;normal
сьюзи кватро, доро пэш например. диффчонки из герлскул, арч энеми и шокин блю ищо качают.;normal
нет, это признак крепких нервов. я пока кофе утречком не выпью вообще зверюка дикая;normal
существует. без зависти, корысти, лицемерия. у меня две такие подруги. и я рада.;normal
библия продукт коллективного творчества пещерных иудеев, придуманный для ухоразвесистых соседей;normal
реестр это системное хранилище данных, любое вторжение может вылится боком. не зная туда не лазь;normal
ну сначала я спортом занималась а потом думаю а почему бы мне не пойти в думу;normal
а для чего? человек уже решил для себя, что это ему не нужно. какой смысл все это объяснять? ведь вопрос не стоит о том, что делать, чтобы она поняла, а в том, почему она не понимает. и вопрос не в причине того, почему он не хочет ее видеть, а в причине того, почему она не понимает, что он не хочет ее видеть, что, по моему, должно быть очевидно после вышесказанной фразы.;normal
главная сила женщины их слабость. слабостью можно заставить любого мужчину;normal
во-первых водоросли. а во-вторых не пофигу-ли будет, когда все потопнут?;normal
как к вам на болота приезжаю, так потом неделю болею не нуачо ты с масквича хочишь, с масковского;normal
у всех по разному. у кого то это доверие, а кто то и с первого раза не против;normal
потому, что либеральные страны не способны противостоять чрезвычайным ситуациям.;normal
понятие красоты у всех разное. по мне анна, екатерина, алина. благородные имена.;normal
ндя, но скорее это увлечения. а настоящая любовь растет медленно в душе.;normal
опять сольешься? ни борщ ни покажешь, ни про тачку не расскажешь.даже на авке участок замылила;normal
потратить всю зарплату на очень дорогую еду и вещи, а потом целый месяц питаться ничем.;normal
то есть учитывает индивидуальные предпочтения, это уже наукомкое производство;normal
в какой то мере, но. ждать придется дооолго результата вашего сотрудничества.;normal
будут, ну отношения будут не очень хорошие, виноват будет в этом мужчина.;normal
нужно же и пушечное мясо, не только такие умные и распиздатые как мы с тобой.;normal
с многими качествами.все перечислять долго, да и многие из них всем известны. поэтому назову одно интересное качество, о котором мало кто знает. например, если в дом пришли гости в отсутствие мужа, порядочная замужняя женщина, разумеется, примет их достойно: накроет стол, посадит их за стол, накормит, будет хлопотать вокруг них и т.д. но при этом сама с ними за стол никогда не сядет, пока муж не вернется.;normal
нет денег на своего ребенка, а деньги на себя и своих временных баб есть всегда.;normal
когда иду на работу мечтаю об. отпуске. когда иду с работы. тоже об отпуске.;normal
удалял в клинике лазером. следа почти нет. кожа на этом месте летом загорает, как и обычная.;normal
хорошо выучить все предыдущие темы особенно какие не понимаешь, тогда все новое идет как по маслу;normal
продолжительность никогда не идет на пользу. поэтому опытный боец продумывает все заранее и пользуется всем временем перед боем;normal
от них не бывает счастья внутри и наполнения сердца любовью. только пустота и привязанность.;normal
ай, пьют какой-нить контрасекс для мужчин. а вообще, разве член может в невесомости стоять?;normal
это ущербная совковая концепция, направленная на уничижение личности, на подавление ее.;normal
если не подадите, то вообще ничего не получите, а так хоть из зп будет платить;normal
снимаешь кулер и пылесосом высасываешь. можно на спичку намотать ватку и еще там почитсить;normal
нет. у нас в основном черные жили и живут. не поверите, но они очень разные.;normal
спортивные девушки бывают разные. и если мы говорим о перекачанных, пересушенных, то не нравятся они многим. обычная девушка, регулярно занимающаяся спортом, но не зацикленная на этом, не нравиться, на мой взгляд, нормальному мужчине не может. у такой девушки подтянута кожа, нет обвисших складок жира.;normal
вера имеет значение в греческом, вера -осуществление желаемого, уверенность в невидимом;normal
на одной литературе чемпионом не станешь надо еще хоть иногда и спортом заниматься;normal
какой пресс? чтобы убрать живот то бегать. а вот если красивый пресс нужен то уже качать.;normal
о вкусах не спорят! тнбе буфера нравятся, а мне нормальная грудь например. и что?;normal
это в общепринятом понимании рай, а находится оно там же, где находится сейчас христос;normal
изменить логин невозможно. можно удалить ненужный аккаунт, а затем зарегистрировать новый.;normal
ладно что не к вашей кружке или ложке тяга, напоите ее сполна, проблем то.;normal
сразу кранты всему. страшный и мучительный конец цивилизации. глобальная катастрофа.;normal
на компе раскладываю пасьянсы, а играю на терпение мужа, пока не прорычит ну сколько можно?;normal
какие это у тебя вредные привычки уже, ногти что ли грызешь я тоже люблю погрызть;normal
если он и заболеет, ни к кому он не пойдет, коньячку в своей аптечке он с лимончиком найдет;normal
и те и другие, большую часть времени проводят в бумажнике мужчины, и лишь иногда на его члене;normal
зимбабве, эритрея, либерия, демократическая республика конго, бурунди, цар, сомали, афганистан.;normal
сша конечно же. израиль тоже франция туда же. и лондон. не страна а кишит сбродом;normal
почаще и побольше разговаривайте с разными людьми. если человек вам понравился, придумайте невинный предлог для следующей встречи. возможно, интересный вам человек может быть чем-то вам полезен, или вы можете быть полезны ему. обязательно придумайте несколько способов заинтересовать понравившегося вам человека чтобы встретиться второй раз, и углубить дружеские отношения;normal
по большому счету, подросток прав! мама не будет с увлечением играть в компьютерные игры, мама не будет слушать современную молодежную музыку, маме непонятин сленг современной молодежи. в этом смысле, конечно мама не современная. поколение пепси, поколение электроники, поколение гаджетов, оно другое, у них другой мир, и этот мир взрослым непонятен и может быть не интересен. тем не менее существуют другие ценности о которых ребенок еще не подозревает, существуют другие угрозы о которых он еще не знает, существуют препятствия с которыми ему еще только предстоит столкнуться. поэтому самое главное не оставаться в стороне от первых шагов своего ребенка во взрослой жизни, и иметь с ним доверительные отношения, являться опорой и первым помощником в этих шагах. потом, и дети вашего ребенка будут считать его не современным, такова жизнь. но рядом надо быть всегда а его слова, говорят лишь о том, что маме он доверяет, и уважает.;normal
еще как существует, но не всем дано такое счастье. верю, но вера не очень сильная;normal
люблю красивое тело. женское конечно. с удовольствием схожу. бери билеты.;normal
ну такая песня, может быть обидна только для тех девушек, которые являются колхозницами, то есть для определенной категории слабого пола. причем там ведь, не говорится оп презрении ко всем девушкам и о тотальной дискеминации их, а просто поется о том, что городской мужчина, не может полюбить колхозницу. то есть есть намек на то, что если он например обеспеченный городской бизнесмен, то ему тоже нужна такая же девушка.;normal
программы-стандартные-служебные-восстановление системы-восстановить до более раннего состояния.;normal
к сожалению, временами избыточно. считаю это очень большим недостатком.;normal
сильные или нет? фенозепам, паксил, мало их надо или валерьянки но не переборщите;normal
исполнять свои желания. ведь они не всем могут нравится. могут быть и на зло кому то.;normal
есть, восстановитель для седых волос. главное раньше начать, а можно просто перекраситься.;normal
сомневаюсь это не предмет первой необходимости. сумку каждый месяц не меняют;normal
и не только в израиле. сытый мир вообще никого не рождает кроме толстых задниц.;normal
разумно стелить простынку своей жене перед тем как к ней заскочит твой друг, дп;normal
крайне редко, в основном, за границей если нет электричек или скоростных поездов.;normal
не люблю ссор ну если такое произошло то всякими путями сама, первая делаю шаг на встречу;normal
понять, что тебя ждет не прошлое, а будущее, и что от твоего настоящего это будущее целико зависит;normal
уже пенсионерка, а еще так неопытна. ужас. так и помру невинной морально.;normal
к морю пойду, там реальные деффченки, а тут только мозг расстраивать. компанию составишь?;normal
на компе увеличчивается по крайней мере у меня так ннадо чтоб в принтере был и сканер;normal
воспитание, детские обиды. все как всегда из детства, как бы банально не звучало;normal
изменились. раньше мечтала совершенно о другом. а сейчас осталась лишь одна мечта.;normal
у меня есть целый список команд - достаточно нажать на кнопку со знаком вопроса;normal
без опыта работы и знания бухучета трудно трудоустроиться. хорошо бы по знакомству.;normal
подросток? тогда иди учи уроки и прекрати уже сосать хци. це европа до добра не доводит.;normal
да, я ставлю себе промежуточные цели. и иду. так я приближаюсь к мечте всей жизни;normal
главное не какое, а то что мы се его заслуживаем. и рано или поздно мы его все получим сполна;normal
как правило у них есть электронное табло и там есть такое показание как суммарная активная энергия;normal
нежность появляется от любви. а любовь говорит на всех языках одновременно;normal
укус клопа не чешется, просто подними диван и посмотри если клопы, то сразу увидишь;normal
наличие мужа при отсутствии желания. и отсутствие мужа при наличии желания.;normal
зависит от времени года лето только на грудь, зимой куда больше-то смотреть, кроме глаз?;normal
нужно, очевидно, отвлечь друга от страданий и печальных мыслей. лучше всего занять его тем, что ему нравится, займет руки и голову, поможет отвлечься. мужчинам, как мне кажется, в таких ситуациях должен хорошо помогать спортзал. и вообще - спорт. это дает хорошую психологическую и физическую разрядку. а еще самосовершенствование поднимает самооценку. а самооценку человеку, которого бросили, поднимать очень важно, а то может еще долго винить себя, заниматься самокопательством, пытаясь разобраться в том, в чем уже нет смысла разбираться - прошло и ладно. нужно перевернуть страничку и шагать в будущее, где еще много чего интересного. в том числе и новые романтические приключения.;normal
зависть близка к неуверенности в себе, и создает ограниченное мировозрение.;normal
да, я панически боюсь больших объемов воды, лифтов не замкнутых пространств и высоты;normal
будь я рядом, я буду ее раздражать периодически и это еще больше все убьет;normal
тут все зависит от ваших с девушкой отношений. если встречаетесь пару дней, то, конечно, если хотите сохранить отношения на долгое время, то не предлагайте пока никакого секса. она просто сбежит от вас. если, конечно, серьезные отношения ей тоже нужны. а если девушка сама на все готовая, то говорите сразу. может ей и нужно только секс и все, а дома ждут муж и трое детей. ситуации разные.;normal
когда кто-то делает тебе плохо напрямую не прикасаясь, не избивая, не обкрадывая. словами.;normal
не хватает совершенства, а у нее нет таких глупых понятий, как мало или много.;normal
ты просто относишься к субкултьтуре которые считают что не относятся к неформалам;normal
русскаябабушка и дедушка туда после войны переехали.но сами то же русские;normal
у нас с  класса можно было выбрать, какое количество часов какого предмета в неделю будет;normal
только зрелыея не имею ввиду - возраст люди способны - любить, а мужчина и женщина - это зрелые, самостоятельные, независимые, способные быть спутниками жизни, представители своего пола, которые в обучении любви - не нуждаются.;normal
однажды крылья не поднимут возможно с грешностью в связи а интуиция подскажет ползи;normal
да ничем таким особенным, кроме того, что это две совершенно разные национальности;normal
пока все жили в ладу со своими богами и с природой так все нормально было.;normal
в вопросе скорей всего речь о том что когда -е пришли с работы, муж устало падает на диван.а жен отдыхать идет на кухню!;normal
я точно только знаю, что витамины на пользу все. главное, чтобы переизбытка не было;normal
из темперамента и задатков полученных при рождении, условий существования и воспитания.;normal
да, диммеры существуют. надо только понимать на какой светильник и что там внутри;normal
многие так делают особенно шарлатаны. чтобы улучшить клиентуру в бизнесе;normal
ну а как же? одно дело смс ки любовные читать, а другое дело носки стирать. есть разница?;normal
я еще не начал но сейчас чувствую что об тебе напишу твои поступки гнилые;normal
а пофигу кто хочет, тот и играет. симы живут практически без конкурентов;normal
вполне нормально, они тоже люди и имеют право на счастливую личную жизнь.;normal
все индивидуально. не могу к этому однозначно относиться. но для себя не приемлю.;normal
это зря тебе дядюшка зю наобещал, что каждая кухарка может управлять государством;normal
и отвердитель не забудь. потом если менять так все сразу и мать и проц и кулер.;normal
мудро, со здравым смыслом, и понятие вперед модет обернуться падением, для этого бог и дал разум;normal
так же как весам и близнецам. да и как можно относится к газообразным существам.;normal
люцефер это светоносный. такое значение слова. в некоторых общинах это норм имя;normal
обычно вход парадный, а выход черный, а расстояние между ними называется ерундой.;normal
у каждого человека в этом мире -есть фронт работы над собой. и у мужчин, и у женщин.;normal
орел это сильно большой молодец в плане заслугов и успехов просто орел, а не орел стервятник который питается стервами, но и блядьми не брезгует;normal
поджарить лук на растительном масле, смешать с гречкой и съесть с яичницей.;normal
впадаю периодически. а причин много противоположный пол, неудачи, воспоминания и много чего еще;normal
на них тратиться не надо, и секс с ними лучше. взрослая тетя. точно знает чего хочет.;normal
после знакомства и общения в инете лучше встретиться, тогда может и серьезно будет;normal
это состояние гормонального угара любовь. когда вспышка гормонов в избытке.;normal
наверное имеет в виду, что девушек может быть много, а настоящие друзья останутся;normal
нет, иллюзия это вообще ничто, пустое место. надо заполнять жизнь реалиями.;normal
нет, и никогда делать не буду, мы взрослеем, а смотреть на бабушку с тату как то не впечатляет.;normal
гардины-это шторы? или гардины, в вашем понимании, -это на что эти самые шторы вешают?;normal
проще влюбиться, а вот полюбить по-настоящему на это нужно время и умение любить;normal
это значит, что вас ожидает приятное известие, событие, за которым последует разочарование;normal
пьянствую и занимаюсь сексом со своим молодым человеком. отличное времяприпровождение;normal
имен много но людям нравятся те которыми называют их любимых и близких к сердцу людей;normal
это совокупность электромагнитных волн, которая почему-то трогает человека. причины чувствительности человека к этим волнам когда-нибудь станут ясны;normal
ну почему же сразу страшные. наоборот красивые и таинственные, боятся что ты сразу влюбишься;normal
я лысый, толстый, старый, маленький и богатый. этими качествами и привлекаю.;normal
если бога уговорит, будет жить вечно, просто это будет больше походить на наказание;normal
это та, которая капитально изменит судьбу мужчины, при том чаще всего к роковому концу.;normal
ну например. когда я тацую, а шов на разрезе платья начинает расходиться. конфуззз.;normal
неа. фотки меня как то вообще не возбуждают. видео еще может быть. а фото совсем никак;normal
я во второй раз в браке. и мы свободны, но нам она и ненужна. а когда секли, хотелось чегото.;normal
думал за чехов, так говорят что тоже продули, теперь болею за любых кто против канады играет;normal
нацизм, это приведение одной нации в абсолют и возведение всех остальных в низший ранг. национализм это уважение собственной нации, неприязнь к остальным и убеждение, что разные нации должны жить порознь, сохраняя свои устои.;normal
условия труда часто бывают опасными для здоровья - из-за ядовитых веществ, повышенного уровня шума, слабого освещения и ненормального температурного режима;normal
это путь к получению тех или иных результатов. будет вера - сбудутся мечты.;normal
перемены в одном тянут за собой перемены и во многом другом, а это хлопотно.;normal
диплом не аннулируется, аннулируется квалификация. в каждой сфере свои сроки.;normal
христианство тоже по лунному календарю справляет свои требы. религия тьмы и смерти.;normal
там есть возможность раскормить, молока больше, если кормить чаще. я с первой тоже пол года всего, а со второй затянула.;normal
не, ну ты прикинь. купил бутылку, еще и не пил, а настроение уже позитивное.;normal
смотря кому если себе то не знаю если другим то заходишь в настройки доступ и убираешь галочку;normal
для некоторых покупок да, но редко. этим, как правило, занимается моя детка.;normal
для всех мир отражается, а вот что в душе, никто не знает. или почти никто я маскируюсь.;normal
надо. правильно пробуждаться. не спеша. по одному шажочку выходить из сна.;normal
я к ним добрым стремлюсь а тянет меня чаще на плохих не знаю уж чего мне не хватает;normal
нет, но мне любопытно, чем они заменяют полезные компоненты для организма, которые есть в мясе.;normal
вряд ли чтото, кроме запаха. знаю, что спитой молотый кофе хороший скраб для тела;normal
великолепная новогодняя гирлянда, которую мы решили пока что не снимать;normal
такая вещь, как лифчик помогает дольше сохранить правильную форму груди;normal
я думаю, что те, которые завидуют мне а это практически все родственники моей жены.;normal
и с браком, и с венчанием по всем правилам тоже можно получить полную жопу.;normal
рождаются девочками, а жизнь заставляет становиться женщинами сильным полом.;normal
я люблю людей не за это. если мне человек приятен. мне по фиг. кто он по национальности.;normal
на ты. а то чувствую себя старушкой. на вы. ко мне на работе даже редко. обращаются.;normal
тоже самое что и с пустянями, только вместо пустынь будет что-то другое;normal
выражение тайна одиночества не более чем красивое, поэтичное словосочетание. никакой тайны одиночества быть не может, если человек сам не захочет замкнуться в себе, изолировав себя от общества.;normal
ужинаю и отвечаю хотя с удовольствием бы погуляла с дочкой на улице. но. каникулы такое дело;normal
а че прям так не терпится, да, так можно заранее начать, потом проспимся будет, что вспомнить;normal
мне нравится футбол мужской и большой теннис. професионально занимаюсь настольным теннисом.;normal
кода на нее нет, найти ее можно около радара в аэропорту лас вегаса, просто пошарь вокруг;normal
во время стоны, хватания меня за попу и прочее а до взгляды, полуодетость, задор девушки.;normal
это от типа двигателя зависит. если дизель то солярку, если не дизель, то бензин.;normal
только любовь дает мне силы в это верить. без нее была бы мне совсем хана.;normal
отзывы разные. сколько людей, столько и мнений. кому-то помогает, а кому-то никак. вреда нет.;normal
депутаты это законодательная власть, а не клуб дедов морозов по выполнению ваших пожеланий.;normal
лысые женщины большой дефицит. приходится лысым мужикам брать, что есть.;normal
бабником быть не только плохо, но и мерзко и распутно, потому, что я им завидоваю;normal
дома очки, а куда-то идти линзы. я вот в субботу купил линзы, счастлив безумно.;normal
не защищайтесь и не оправдывайтесь. новость о том, что вы больше не нравитесь своему другу, может стать причиной разных негативных эмоций. конечно, не нужно полностью их подавлять, но постарайтесь использовать их как возможность подумать о себе и своей жизни. постарайтесь понять, почему вы чувствуете злость, страх, обиду или унижение, чтобы подумать о том, как вам поступить дальше.;normal
с правовой точки зрения никакого, а вот с социальной да, потому что разная культура, ценности, поэтому у каждой области свой орган местного управления;normal
пирог с сырком, сырок идет как начинка, но туда еще надо поджаренный лук полукольцами.;normal
по разному пьянки, гулянки, диско, друзья, кино и многое другое в том числе пульт и телевизор;normal
я не дою я просто могу посоветовать и это ваше право-прислушаться или сделать по своему;normal
нравиться. практически каждый раз, когда и обычнымне забываемое чувство. и особый оргазм.;normal
нужно снять галочку сохранить пароль в меню где ты вводиш свой логин и пароль.;normal
семь грехов смертных гордость. сребролюбие. блуд. гнев. чревоугодие. зависть. уныние.;normal
если сравнивать, то жизнь это бурный поток, а существование это стоячая лужа.;normal
ребра болеть не могут, это же кости, а вот сердце или легкие или желудк вплоне;normal
 лет это не такой уж преклонный возраст, чтобы переживать по поводу того, что свидания начались слишком поздно, главное чтобы это первое свидание сразу не стало поводом для женитьбы.;normal
чтобы купить что-нибудь ненужное, надо сначала продать что-нибудь ненужное.;normal
да не организм он очищает, а кишечник и пищеварение улучшаеьт. вот поэтому и худеют от него.;normal
счастье это когда занимаешься любимым делом и рядом с тобою любимые тебе люди.;normal
голод не тетка, а пока тетка какая-нибудь кормит можно не трудиться-лежать жрать спать пить;normal
я считаю, что да. я горжусь своим народом, своей историей и культурой. слава россии.;normal
наклоняю голову и немножко на корни хотя в последнее время только муссом пользуюсб;normal
у одиноких всегда находятся наследники. по другому просто не бывает. это я знаю.;normal
надо однозначно, террор это необъявленная война, а на войне как на войне.;normal
искусственный, конечно. живое растение только со специальной подсветкой.;normal
боюсь собственного бессилия и чужого равнодушия. ну не совсем чужого, а близких людей.;normal
да, книга обвинения в гааге ростет. атакка на мирных, оставить без света мирных. так себе.;normal
напоить коня, накормить принца, уложить их спать пусть отдохнут а самой пойти в ответы;normal
только слабоки так делают, а нормальные мужеки только себя и свою несообразительность.;normal
есть планшет, а он на андроиде. именно с него пишу сейчас лежа на диване;normal
когда вы, женщины, поймете, что нравятся те, кто дает. а худые они или полные дело десятое.;normal
деньги плати и все. это раньше надо было получать разрешение в милиции, ща все проще.;normal
я просто поздороваться а вообще. лучше всего, когда психиатр плачет при виде тебя.;normal
лично я считаю, что идеальных людей вообще не существует и мужчин в частности.;normal
война врывается в мир людей и изменяет их жизнь. это если о романе толстого.;normal
это и есть меломан. человек, который слушает музыку постоянно и совершенно разную.;normal
а если это так. и если девица? и если воздуха не хватает? значит, надо на поводу идти?;normal
американский доллар обеспечен новейшими технологиями российский рубль ничем;normal
деньги мне и так не особо нужны но работать надо чтобы не закиснуть совсем;normal
улетным сексом. только дурак мне предложит почитать книжку или поиграть в шахматы;normal
в духовке или на пару попробуй рецептов полно в инете, можно даже в микроволновке;normal
на вднх, в центральном павильоне. оптика, приборы ночного видения и. т. д.;normal
и не дают. и некому. вообще разработка ядерного оружия это государственная тайна.;normal
всем говори что размер большой и все будут думать что это на них такая реакция;normal
очень отрицательно. а тех, кто этой дурью торгует, надо стрелять и вешать.;normal
запах прелой земли. и какая бы зима не была, а этот запах раньше срока не появится.;normal
приучить то можно, только собакам гулять тоже хочется, а не дома сидеть;normal
с нежностью, однако, дело обстоит, как с умом трудно самому оценить, сколько ее;normal
может, потому что женщины на них внимания не обращают? или у них отклонения какие-то? оо;normal
так им не ходить надо, а лежать под этим плакатом. только сначала пусть растворителя нанюхаются.;normal
в пехоту ты пойдешь. а мы будем говорить что тебе нужно делать. положись на нас;normal
мне везет находить женщин и деньги в самых невероятных местах. в остальном не очень везет.;normal
есть у шварцкопф профешинал шампунь для роста волос, а также сыворотка для роста волос.;normal
физкультура это как секас по взаимному желанию, а спорт когда тебя имеют в жесткой форме;normal
если ты рисуешь с любовью, не спеша, обдумывая каждый штрихэто и есть душа;normal
если оно поможет расставить приоритеты, то да. но гадание без ясновидения поверхностно.;normal
ну а чтообычно приходят уже с готовым персом так что сложностей не так много;normal
учиться общению с вероятным работодателем. каждая попытка добавляет шансов.;normal
это самая маленькая часть чего-то, изучив которую можно понять его целое.;normal
если он отрицательный, то нужно подождать. а если положительный, то поздравляем;normal
в земной сущности без греха невозможно жить или уходить в пустыню и посвятить себя богу.;normal
думаю что да, больше знаний не мешает никому. а от этого и думать лучше и мудрее становишся.;normal
лука и чеснока покушать и побольше. тогда, к вам не только вампир не подойдет.;normal
просто нужно воздействовать не на предмет, а на поле которое вокруг него. на ауру.;normal
потому что, тех, кто был против коммунистов повесили на нюрнбергском трибунале;normal
рэп это обычный для нашего района стиль общения. я щас не о себе, естественно;normal
а я бы играла и играла. в пятом поколении родилась такая красивая симка. я обратила ее в вампиршу, чтобы она жила вечно;normal
а он уже валюта. в эстонии его принимают в обменниках и в латвии и в литве, а это же евросоюз.;normal
начисляются проценты. вариантов несколько на общий остаток, процент с покупок.;normal
у каждого свои приоритеты. я смотрю на глаза, а уж потом на попу и все остальное;normal
можно, если уделять серьезное внимание развитию мышц ног и кора приседы, становая.;normal
у меня есть целый список команд - достаточно нажать на кнопку со знаком вопроса;normal
просто оля. почему-то не люблю по-другому. и еще очень нравится оленька. мило так;normal
это значит на сколько он может зарядится. эту емкость измеряют в фарадах.;normal
мне приятно, когда зять приглашает меня в гости. жаль, что ковид и здесь наследил.;normal
вообще, любое сырое мясо придает агрессивность. но не думаю, что бешенство.;normal
верю. я во многое верю, даже в деда мороза. но больше, конечно, я верю в себя;normal
подъемную силу водорода и гелия можно приближенно считать по килограмму на каждый кубометр.;normal
люди на украине живут трудно и проклинают путина. за то, что не вводит войска.;normal
справедливость у каждого своя, но зло надо наказывать пусть пусть каждый по своему.;normal
жизнь становится еще беспокойней, а если мужчина еще и ревностью стродает-беда.;normal
кричать нигде нельзя в общественных местах, если ваш крик мешает другим. в лесу можно.;normal
мои ответы зависят от того насколько правильно вы формулируете свои запросы;normal
я нашла эстетику афроамериканок. мне кажется нас подслушивают и подкидывают нужный контент в нужное время;normal
ненависти - больше потому, что за любовь - принимают то, что ею не является изначально, а именно - зависимостьболезнь.;normal
гель не знаю, а крем арко до и после, короче покупай набор и ползуйся на здаровье.;normal
брак - не может быть препятствием для всепоглощающей страсти, а любовь к своим спутникам жизни - может.;normal
как утверждала мумия из мавзолея на красной площади. из искры возродится пламя;normal
значит внутри тоже произошли изменения. так бывает особенно после трагической ситуации.;normal
ну, дружба это когда ни с одной из сторон романтическими чувствами и не пахнет;normal
природа а вообще если брать именно любовь, то это сила рядом, феромоны, дети;normal
все до копейки отбираю у жены и несу в банк на покрытие совместно нажитых кредитов.;normal
денег больше у англичанок и медицина лучше. и культ больших сисек наверное куда сильнее.;normal
в геноме человека заложены способности телекинеза, развивать можно, но методы мало кому известны.;normal
вымирать будут потихоньку от нищеты, от невозможности качественно лечиться.;normal
верующий человек должен показывать это делами, образом жизни, внешним видом, речью;normal
молитва. довериться ему, вера дела закон духовного развития души жизнь.;normal
ну, мне можешь продать. только я больше тысячи не дам. а вообще, иди на молоток. ру;normal
ничего подобного. в смысле, что отношения в средневековье были образцом. начнем с того что в это время в разным регионах планеты отношение было разным. и закончим тем, что даже в одном обществе в зависимости от социального слоя положение женщины менялось.;normal
да потому что они живут при рыночной экономике, а мы при псевдо рыночной, вот у нас и наоборот.;normal
бог не стал человеком, бог воплотился в человека, от этого его божья природа не изменилась;normal
люди у которых родственные-души, имеют счастливые семья, дети их одаренны и счастливы.;normal
потому же, почему и любой ребенок нуждается в любящем и понимающем отце, а не в маньяке-отчиме.;normal
близким и родным людям. а также тем людям, которым не кому помочь, кроме меня.;normal
да но всю тупо пока не решилась а так даже если огрызки в комок собрать жара ипучая;normal
правота дает право качать праваа если этого не надото и нет в этом нужды;normal
бросить ребенка может та, у которой нет материнских чувств. о таких людях даже и говорить не хочется.нет прощения, их поступкам нет объяснения и войти в их положение невозможно.никакого даже сочувствия лично я к таким матерям не испытываю.жестокость, зверство, безумие. почему в войну, где семьи состояли из - человек из них большинство дети, никого не бросали на произвол судьбы? да, было трудно, гораздо труднее, чем сейчас, но тем не менее кормили, обучали, растили. даже животное не бросит свое потомство.;normal
я уже не комплексую и хожу все чаще без бюстгальтера. один фиг нравлюсь всем;normal
некоторые девушки когда зляться выглядят мило, другие - сексуально. поэтому есть парни, которым нравятся злящиеся девушки.;normal
хотелось бы куда-нибудь за границу, но мечтать не вредно, хотябы на черное море съездить.;normal
 рыбалка пробурив лунку в арктических льдах вашего озера у дома вы подергиваете свою маленькую удочкуи вдруг клюет!на крючке сидит: лещвы получаете  монеты энергии осталось:;normal
да, когда нам дают поносить ее на руках. а так в основном только беру что приносят;normal
надо учиться удачно прятать заработанное от женщины, чтоб было действительно много.;normal
значит надо с новыми силами и по новой. делать так и то, чтобы мечта стала явью;normal
да. женщинам это лучше не доверять, а то будет четыре и более стрелок в лучшем случае.;normal
впрочем вопрос о песне. мне она почему-то сразу пришла в голову. написал и исполнил ее игорь николаев. знакомы ему все эти любовные встречи-расставания и переживания. нередко они звучат в его музыке. и его слова, которые можно считать советом на данный случай: прости и отпусти. дай свободу ей и сам будь свободным и готовым встретить новую любовь;normal
всем не угодишь, не плачу совсем. ненужное отсеивается и я этому всегда рада.;normal
думаю что так же. в нашей стране ничего не меняется, только стоимость данной услуги растет.;normal
навязывание распущенности всему миру. идущий в ад ищет попутчиков. потому и широк путь туда.;normal
к ветврачу надо срочно обратиться, он даст нужные советы, не рискуйте здоровьем собаки.;normal
мне пофиг на них. хотя когда под этот крик бежит думбия и забивает и те празднуют. забавно;normal
красота лица человека не зависит от пола. красота, она и есть красота. просто в результате традиционного генетического отбора так повелось, что красивых женщин в разы, в сотни и в тысячи раз больше, чем красивых мужчин. но красивые мужчины тоже есть. просто их мало. и при этом я имею в виду настоящую красоту лица, а не женское субъективное восприятие. например, даже смешно наблюдать: увидит девушка какое-нибудь быкообразное животное с толстой шеей, багровым лицом и лысой головой и вся в экстазе: ах, какой красивый парень!. нормальному человеку такое трудно понять. а на самом деле настоящая красота лица у мужчин имеет те же критерии, что и у женщин и даже может вызывать у них зависть в подсознании. кого можно назвать для примера из известных людей.ну, например, все участники группы на-на очень красивые ребята. в молодости, разумеется, не сейчас.певец женя белоусов был очень красивый лицом. юра шатунов был очень красивым подростком. сейчас нет, потому что красота - это, все-таки, прерогатива молодости. александр абдулов в молодости был очень красив. игорь скляр в фильме мы из джаза был очень красивым молодым человеком. отрицать это может только лицемерный ханжа. так что красивые мужчины есть, но их мало.;normal
как представлю, остались на дядьке одни носки и те дырявые еще ни разу, поиграем какие годы;normal
нет, не правда. сырое мясо вообще есть не рекомендуется, люди от этого умирают.;normal
здороваются только и все. раньше шапку приподнимали при этом, потому и шапочное.;normal
никогда. это воспитание такое. во взрослом возрасте мужчину не перевоспитать имею печальный опыт;normal
избегать таких, а, если это невозможно, держать жестко дистанцию, ни в коем случае не допуская флирта. почему? навязчивая женщина уходит из типового поведения женщины и является раздражителем, а не сексуальным объектом, что доставляет неудобство как минимум. и навязчивая женщина вас компрометирует хотя бы потому что нормальная может сторониться, считая вас занятым или не достойным внимания, раз ведетесь на такую;normal
ну это зависит наверное от отношений и от ее побритости там, не побреет и ты ну его нах;normal
я думаю, что как большинство людей, я не могу смириться с предательством. это мое больное место. я из-за того, чтобы не испытывать эту боль снова вообще перестала людям доверять и закрылась от всяких отношений. следующим в этом списке будет неадекватное поведение участника отношений - грубость, хамство, алкоголизм. в этом случае я просто перестаю с таким человеком общаться, но стараюсь понять его слабости.;normal
медовым называется первый месяц после свадьбы. на руси в древности молодоженов кормили медом, чтобы организм получил максимальное количество витамин. соответственно, дети рождались здоровыми. ну а теперь месяц медовым стал по причине сладких постельных утех.;normal
зюганов, если за него проголосует страна или жириновский при тех же условиях. а так медведев;normal
а у нас государство это патриоты или либералы? либералам именно такая молодежь и нужна.;normal
расстрою или обрадую. но власти по барабану, нравится она или нет. она не девочка чтобы нравится;normal
думаю, женщины должны заведомо быть гибче. а на деле случается по разному.;normal
сдаете анализы, выясняете баланс бифидо и лактобактерий и недостающих начинаете употреблять.;normal
только хирургу не трепать бы нервы, а дежурному в отделе полиции, например, думаю, можно.;normal
обязанность любой медсестры уход за больными и немощными, выполнение врачебных назначений.;normal
все как во сне. ты есть и тебя, в то же время, нет, не чувствуешь боли и такое спокойствие;normal
олигофрения это обычным языком умственная отсталось, возникающая при рождении.;normal
а чем ты обычно занимаешься? попробуй в другую дырочку, будет не обычно.;normal
это хорошо для тех чьи игры будешь брать за образцы. в иске обычно не плохие суммы указывают.;normal
парочка хороших людей достойна вечной молодости. бессмертия, так сказать.;normal
за лицо, когда целуюсь, не по тискать, а потрогать здравствуйте, приятный женатый мужчина;normal
либо о том кто мне реально дорог, либо о том кто меня ужереально достал;normal
рыбалка пробурив лунку в арктических льдах вашего озера у дома вы подергиваете свою маленькую удочкуи вдруг клюет!на крючке сидит: шлепа, большой русский котвы получаете  к карме энергии осталось:;normal
тут главное не где, а с кем. если компания хорошая будет, то веселье обеспечено;normal
ни как, евреи и арабы генетически и внешне одинаковы, отличить можно только по языку и одежде.;normal
потому что эти многии разучились любить родину. и хаят тех кто ее любит;normal
дам толкает на создание отношений с мужчиной его успешность в жизни есть такой термин - высокоранговость. женщины тянутся к мужчинам с высоким рангом. если мужчина в жизни является младшим чином, то есть обычным исполнителем, к которому другие мужчины не прислушиваются, то такой мужчина женщинам не интересен. интересен тот, который в жизни многого добился, а мерой понятия добился является его высокоранговость - то насколько его уважают окружающие, на сколько они готовы ему подчиняться.;normal
давай мне денег и я не буду таким, спасти мне срок чтобы вышел с невыезда и тогда поговорим;normal
и торты и пироги и мясо хорошо готовлю любое. я не повар просто так сложилось готовлю хорошо.;normal
это для снижения шума и вибрации механизмов в подводных лодках. примерно как то так.;normal
почему? а потому, что дороги там плохие, асфальта там нет, если идут по дороге, то проезжающая машина обляпает грязью, дорожек пешеходных там нет. а зимой там дороги никто не чистит, только жители вокруг своего дома чистят. автобусы там ходят редко и школы там закрываются из-за того, что педагогов не хватает, даже если и детей много, то приходится им ездить в школу за несколько десятков километров и не везде есть школьный автобус, добираются кто как может.а для маленьких детей совсем не предусмотрен в деревне детский садик. его просто нет там. хотя проверки по санитарному состоянию вокруг дома проводятся регулярно органами власти на местах, заставляют косить траву вокруг своего участка и могут оштрафовать, если будет расти амброзия, это конечно правильно, но с просьбами лучше к ним не обращаться, все равно проблему не решат.больниц в деревнях нет, аптек в деревнях нет, так что за каждым пустяком надо ехать за км.вот и ответ, почему я не хочу жить в деревне.;normal
если будет возможность-посплю в обед, иначе усталость перейдет на др день;normal
а ты скинь с балкона то и другое. от чего воронка больше окажется то и мощнее.;normal
вчера девку у нас с работы попросили поработать на выходных, блять, давай бегом заявление пиши, пушто в красноярск надо отправить, пиздец;normal
разумеется, в зоопарк зайди, и увидишь, что и на черных просвечивают пятна.;normal
стараемся и да язык ооооочень полезный во многих аспектах если ты понимаешь;normal
тот, кто любит собак, но не любит кошек. правда, мужчину с йориком, я бы собачником не назвала.;normal
главное изменить отношение к себе а также начать делать то, чего ранее не делали;normal
а мне кажется сказка о рыбаке и рыбке картина называется приплыли или довыпендривалась;normal
ты создание бога. создана по его образу и подобию. ты любишь все и вся?;normal
насчет дипломов не знаю. а краткий курс можно пройти заочно. по телеку. учителей хватает.;normal
на даче? никак. а так в производстве исп. при изготовлении украшений, канифоли. это самое основное;normal
значит вы не любите своего парня, раз вам неприятна его внешность и вас волнует ни его внутренний мир, а то как он выглядит. человек после болезни обычно выглядит неважно и нужно не мало времени, чтоб восстановиться и набраться сил. когда этот этап будет пройден, то все встанет на свои места. нужно лишь подождать. лучше проследите, чтоб он больше отдыхал и питался хорошо и плюс витамины.;normal
надо научиться радоваться тому, что есть. но высший пилотаж радоваться тому, чего нет. с;normal
нет сначала как всегда будет плохо. потом нас убедят что стало лучше намного;normal
да на самом деле девушки с обычной внешностью лучше, чем всякие гламурные, на таких обращают внимание, только совсем глупые мужчины. да девушка в обычной одежде вызывает больше симпатии, чем, какая то гламурная в декольте, так что насчет красивых извращенные понятия.;normal
отдыхают и трудятся, в лагерях, на дачах, в деревнях, на курортах с родителями.;normal
а зачем? все уже сделано до тебя, иди и скачай, нинада ничо выдумывать, ага.;normal
потому что они всем фору дадут наперед, я только за таких женщин сам с севера;normal
обычное имя, одноклассник был с таким именем, довольно замкнутый и тупенький.;normal
никак. нет способа. поэтому брак это компромисс. вы нам это, а мы вам это.;normal
лапшички китайской с мясом и овощами драники на украине воюют, не до них сейчас.;normal
для начала определиться, что есть для вас хорошо. и действовать в этом направлении.;normal
мешают совершить великие дела - это сильно сказано - не любая способна вдохновить, тем более на великое и совершить его может не всякий. пик вдохновения - это начало отношений и если тогда ничего не случилось, то и не случится. так как в начале отношений все предельно вежливы, то женщина помешать просто не имеет возможности и желания даже - она прекрасна во всех отношениях и помощница во многих делах. вдохновляют, да - но в нужном месте в нужное время надо оказаться, когда до дел великих осталось только пол-пинка. то есть с высказыванием - за каждым великим мужчиной стоит женщина возможно и не согласиться - то есть человек когда-либо проявит себя и не всегда с помощью женщины - разное может стать причиной. помешать же возможно, для этого качеств отрицательных хватает у любого человека. но уверенность, что свершению великих дел вряд ли что может помешать, все-таки есть. если же суть вопроса - почему сначала мы богини, а впоследствии в нас разочаровываются - так ничего не вечно под луной и сценарий проживания с мужчиной стоит писать, потом воплощать и правильно все воспринимать. а то, что плохо вдохновили и помешали - это все словеса. он просто не был способен на великие дела.;normal
на любой, главное аэрографию подобающую сделать, чтобы все сразу поняли, кто едет,;normal
доброта -душевное чувство. чистить надо свое душевное пространство, доброта место и займет.;normal
ой нет, глупо это. это тогда не взаимные отношения, а отношения власти-подчинения;normal
да, правда, потому что с северной стороны от сырости растет только мох.;normal
как только проходит влюбленность, спадают розовые очки. и не обязательно для этого жить вместе;normal
я и так накажу если захочу. только вот пока что нет такого что меня серьезно обидело;normal
шоколадкой, танцами, разговорами с мамой, мечтаю, а еще музычкой ритмичной;normal
сделать вклад в банке депозитный. так чтобы не смогли снять какое-то время;normal
всегда пользуюсь такой солью и вся солонина включая, капусту, вкусняшка.;normal
недавно -. нравится громад. экран и звук по ушам мягкие кресла и гора попкорна -;normal
нет, не жалеем, потому что в наше время женщина обычно сама виновата в том, что одинока. все-таки войн сейчас особо нет, вдов мало. когда имеешь дело с одинокими женщинами, видно что у них просто не тот характер, чтобы быть в браке с мужчиной.;normal
как и во всяком фрукте, в личи содержится определенный набор витаминов и минер веществ.;normal
эйфория кедьвина кляйне. вот еще хочу шалимар от гуэрлан попробовать но блин дорого;normal
книги в помощьс людьми скучно общаться, их диалоги подобны ну, типа, кароче, ну типа;normal
все, что угодно, поскольку плохих людей не бываетзло есть только недостаток добра;normal
если уж совсем серьезно, то в невесомости. масса есть, а веса нету. ну вообще нету веса.;normal
царство небесное находиться в душе человека как и ад с раем. разные есть люди;normal
если будешь людей любить и сама будешь счастливой. а то что они тебя не любят, ну что ж бывает;normal
просто спать рядом можно много с кем, особенно в походе, а вот засыпать и просыпаться.;normal
естественными смособами, а то утюжки и выпрямители волосы очень портят. оо;normal
вова, если не запускать, то нет на заочке сложновато, а очно нет, можно учиться дерзай;normal
на победе слишком мало свободных мест, попасть туда можно только через преступление.;normal
правильное название -бобыль. да это лечится с возрастом и часто вместе с простатитом;normal
да хоть на долгие проф. работы. только вот с тобой еще телефонами не поменялись. -.;normal
многа чего если массажик перед ним заварганить только недосып не лечится;normal
своей трусости, лени и нежелание оставить справедливое будущее своим детям. в угоду своей тупости.;normal
ну так да, это смотря где. но ипотека на жильемашину у нас распространена тоже. притом процентная ставка у нас намног выше;normal
да уж, такие страсти кипят порой в тихих омутах, понравился сериал, все ждала продолжения;normal
для начала не накручивать себя, и наслаждаться весенней погодой, пользуясь этим.;normal
нет. а вот мама с утра сказала вот сейчас мне внучку привезут, а ты рожать начнешь. так и вышло.;normal
проклянут верующие и попы. они же не помнят, что иисус учил любить и прощать своих врагов.;normal
привычка традиция и реклама-вот залог успеха пива предпочитаю из напитков брожения-все же-квас;normal
да ради того, чтоб сама леди дала чего-то. -я готов и на сеновал. и за сарай.;normal
в могилу никто ничего не заберет. а так в долгосрочной перспективе можно у. баффет.;normal
кровь притекает по капиллярам, вот он и становится сизый, большой и. твердый.;normal
не в бровь, а в глаз. ученые др. способов еще не придумали. как однополым и где добывать детей.;normal
древние считали, что каждому человеку высшие силы делают мелкие подарки в виде удачи на пути, встречи с хорошими людьми, счастливые находки и так далее;normal
от мужчины от девушки это зачастую как-то неискренне звучит, как будто бы подлизывается зачем-то;normal
неуверенность присутствует в этих чувствах, а может и страх быть не правильно понятым.;normal
разве одно другому мешает? в человеке всего должно быть вдоволь и души и гормонов;normal
хнык, вышла от ортодонта, осталось развернуть последний зуб, а он сопротивляется  изза этого придется снова пересканировать, переделать план и снова его доворачивать  хотя по текущему плану осталась неделя, но не смог пластик довернуть зуб  я уже думала, что отмучилась;normal
в привычном понимании онлифанс это закрытые, платные эротические трансляции;normal
через связи или нужно быть классным специалистом с большим опытом работы;normal
попробуй потереть разрезанной головкой лука хотя. можешь и оставить. гордиться например;normal
как родители в церковь потащат и начнут сказки библейские читать, так и начинают верить.;normal
прошу прощенья, а этот субъект тогда разве муж? усыновить его, по инфалидности.;normal
иногда рассматриваю. када из баньки выхожу. у меня там бааальшущее зеркало стоит.;normal
россию радиоактивные вещества стороной обхоят, россию бох и путин защищают от радиации;normal
строгость - это повышенная требовательность человека к окружающим или к самому себе. строгий учитель, который делает замечание ученику, старается применить веские аргументы, чтобы ученик перестал что-то делать. обычный учитель за мелкий промах ученика при выполнении задания округлил его балл в лучшую сторону, а строгий учитель снимет один балл из-за незначительного промаха ученика, что не повлияло существенно на результат выполнения задания ученика. например, всего одна орфографическая ошибка тексте. строго судить - значит применять веские аргументы, чтобы осудить человека за что-то, что не всегда оправдано вина человека может быть при этом завышена. человек, строгий по характеру, много чего требует от окружающих людей, чтобы они чего-то не делали, или чтобы они что-то качественно делали, и старается, чтобы он сам соответствовал своим представлениям о мире, о жизни человека, и тому, как надо выглядеть и общаться, чтобы кому-то понравиться.;normal
любим подчиняться тем, которые в свою очередь тоже умеют подчиняться нам.;normal
в отличии от современных детей, до нашей эры дети стремились к знаниям. они очень любили учиться.;normal
после попыток поднять сына и вовремя отправить его на учебу утро перестает быть добрым;normal
конечно, ведь мысль это энергия. только о нас зависит, куда мы ее воплотим.;normal
я тоже люблю книжки. каждый раз, когда мы с вами расстаемся, сразу что-нибудь читаю;normal
чем длиннее шея, тем нежнее и хрупкая она смотрится, это наша психика так воспринимает.;normal
цветы это конечно приятный подарок. но, я совсем не против замены цветочного букета на фруктовый. я женщина, которая больше готова насладить тело, а не душу. то есть не вздыхать над ароматом и видом цветочков, а съесть что-нибудь вкусненькое.;normal
привет, алиса такое бывает? были бы идеальные, то плыл бы по жизни, как ежик из мультика.;normal
уж наши дамы всегда вооружены. одни глазки чего стоят. нередко убивают наповал.;normal
зависть плохое качество, если у кого то все отлично, радуюсь вместе с ними;normal
ну. в маразм, в принципе, можно впасть в любом возрасте. но обычно. после шестидесяти.;normal
а тебе то чего предохранятся?? у тебя ж жена есть или все такие изменяешь?;normal
любовь сложная штука. иногда просто очень хочется получать столько же, сколько отдаешь.;normal
луна по размерам в четыре раза меньше земли. так что думайте сами теперь.;normal
если только от гриппа, а от ковида нет. я не хочу проводить над собой экперименты.;normal
так и пиши хочу осчастливить женщин и бери кредит у женщины, чтоб наверняка;normal
привет, сколько лет, откуда будете, чем увлекаетесь и кем работаете или учитесь?;normal
думается, что во время следующих президентских выборов он будет париться на шконке ходора.;normal
уют когда глазам приятно смотреть. а комфорт это прелести для удобства тела.;normal
конечно, и великодушным. богатым не надо продираться локтями через жизнь.;normal
по чему же нельзя? по моему просто нужно получить право на ношение оружия.;normal
если человек не помнит о нем, когда ему хорошо. он может не услышать его, когда ему плохо.;normal
любить значит жить жизнью того кого любишь и только так ты будешь понимать по настоящему;normal
да уж. будут они готовить. быстро к другой перебегут хотя. исключения из правил бывают;normal
да ничем мужчины уже ко всему привыкли особенно здесь начиталисьдня доброго;normal
нет, не боюсь. мои желания, мой контроль. в жизни есть вещи пострашнее.;normal
в москве например их продают в колбасных отделах, если копченые, может и у вас там же.;normal
не боюсь, но меняюсь, как и все на земле, и в солнечной системе, и в нашей галактике, и в космосе.;normal
пиндосы надеяться что после санкций и кризиса останется самой любимой валютой россии;normal
когда выхожу летом на улицу сразу сезон и начинается. к вечеру аж глаза болят после охоты.;normal
признак одиночества. женатый мужчина или тот у которого есть любимая бреется чаще.;normal
любую половую инфекцию, так как идет соприкосновение слизистых оболочек.;normal
конечно нет он останется в зените и будет играть, а не сидеть на скамейке запасных в баварии;normal
есть люди, которым достаточно малого, а есть еще и буржуи, этим все мало, мало, мало, мало.;normal
к упорному до упертости продолжению отставания по уровню жизни от развитых стран.;normal
ну если правильно, то сначала понравиться надо, а потом начать не замечать его;normal
отварной картофель политый растопленным сливочным маслом и присыпанный зеленью укропа.;normal
да, грязи много, но нормой она все-таки не стала. многие из тех, кто живет в такой грязи, стараются не афишировать своего образа жизни - они понимают, что этого не должно быть, но находят себе какие-то оправдания. у этой категории людей есть шанс очиститься.;normal
существует, есть специальные тесты головоломки на их выявление и развитие;normal
деточка, они сначала философствую затем идут в политику а потом группами в сауны по бабам;normal
с детства привык себя чувствовать абсолютной безопасно под одеялом с головой;normal
ох не смеши. помнишь поговорку любите своих внуков, они отомстят вашим детям?;normal
ура патриоты унас а это заразно и мозги отключаются. раньше их кликушами называли.;normal
я ее не храню, я просто люблю свою жену и никто больше меня не интересует;normal
это длинная история. для начала надо иметь то. чем можно прославиться. талант какой нибудь.;normal
что ее всего раз в месяц платят. и с каждой заплатой у меня уменьшается вера в справедливость.;normal
такое же как к православию, католицизму, буддизму, иудейству и прочим религиям;normal
мы познаем себя на собственном опыте, на чужом познать себя невозможно.;normal
какая материя? ее нет тут все что у меня за окном не материя а астральная нежить сон сеть;normal
когда скучаешь, думаешь чем заняться, наверное обсуждаешь с мозгом что да как;normal
выбор между вечным и вещным всегда лучше делать в пользу вечного иного и не дано;normal
если хочешь настоящей любви, лучше не ищи, она сама тебя найдет неожиданно;normal
у мужчин в цене до сих пор мужественность. а в реале все больше женоподобных особей.;normal
важен и не только размер а еще и пропорциикароче, красивым быть долженда я эстетка;normal
наличие особой пептидной связи, а также вторичной, третичной и четвертичной структуры белка.;normal
о том что я все таки смогу позволить себе когда нибуть взять детей-сирот на воспитание.;normal
ничем, трус он и есть трус. и прикрытие правильными словами не спасает.;normal
перелет гимор а остальное как и везде больше разговоров реклама как канары врагу не пожелаю;normal
гавнайв заколебалась мне скажи серьезно это надо ? зачем ? почему я обязана это знать ? я не понимаю мне не могут объяснить я не знаю как у меня истерика каждый раз как я это вижу;normal
африка, ближний восток, латинская америка множество христиан-арабов страдает;normal
если опытный иглокольщик то лечение. а если с альбомом и линейкой ищет точки то вред.;normal
сам по себе процессор не может облдать интелектом паеще врм память хард карта ит ак далее;normal
если сама не знаешь, что тебе надо, то попроси счастье всем, кто тебе дорог;normal
исключи тяжелую еду, мясоразв нделю ипеченое тоже. и упражнения против жира;normal
проси сразу квартиру, чтобы тепло. а то замучаешься согреваться таким графиком.;normal
воля это импульс, изменяющий и преобразующий материю. а свобода осознание ограничений разума.;normal
обе дуры одна потому что вышла замуж, а другая потому что все еще незамужем;normal
так забавно, что в большинстве сюжетов есть женщина, которая отвечает за тьму и которую боятся даже мужчиныбоги. сверхъестественное вспомнилось, почемуто;normal
а шо такое поцелуи? получаю их надо выпрашивать, промолчу про другие способы их добычи;normal
надейтесь на обычные лекарства. ни травками, ни гомеопатией гипертонию не сдержать.;normal
если анкетные данные или что-то еще, то тоже в этом же разделе настроек;normal
у мужчины есть такая потребность: чувствовать себя мужчиной. для этого необходимо много условий. а самое главное условие заключается в следующем: мужчина должен выполнять социально значимую, важную работу и получать за это хорошие деньги. поэтому работа на первом месте.;normal
не. у меня прям закон. будущие всегда лучше бывших поэтому я никогда не жалею о прошлом;normal
а почему некоторые мужчины пытаются подчинить себе женщин? не надо рассуждать о мужчинах и женщинах как о двух разных видах. разница между нами есть, конечно, но она не в характере, а в другом месте. желание доминировать, лидировать может возникнуть у кого угодно.;normal
на кой они нужны, эти соц сети? качай с торрентов. и скорость там, и ассортимент.;normal
в них, как и во всех предметах, даже в кружке, отзываются эхом все звуки нашего пространства.;normal
велес. только он вообще, насколько помню, бог-покровитель животных. всех, а не только баранов.;normal
советую документальный жизнь после людей. или как-то так. ббс снимало вроде. забавный фильм;normal
плохое настроение порождает хаос в разуме. так стоит ли их тогда задавать.;normal
сначала режимиом и диетой как и все остальные болячки, потом таблетками и ножом хирурга.;normal
и тебе божьих благословений. но меня бог итак слышит, поскольку стараюсь просить по воле его.;normal
я могу продать свой ящик вместе с квотами, перепиской и пр. шучу, разумеется;normal
свобода, понятие относительное при наличии обязательств, мечтать о полной свободе. утопия;normal
телек? что это? не знаю. у меня есть только интернета тут мы просто хохмим;normal
когда самому захочется перестать детствоничать, и взрослеть очень захочится;normal
англия однозначно. все туда прут за образованием. вспомните, кембридж и оксфорд;normal
попробуй не варить. голодный будет, зашевелится лучше, чем с полным брюхом;normal
только в семье возможно получить воспитание и легкий старт к жизненному успеху;normal
няша, няшка из анимешного лексикона это нечто красивое и милое, чаще это миленькая девушка.;normal
любить можно кого угодно, это не котролируется. а вот прощать. все не простишь.;normal
ничего мощнее не создали. не потому что не могут, а потому что не нужно.;normal
мое счастье где то, не рядом, далеко, но ближе чем можно представить, в сердце;normal
вечному двигателю все равно нужны толкчи возбуждения. трение. понимаешь ли;normal
попробуйте найти в вашем городе сообщества по интересам, и познакомьтесь с интересными людьми, разделяющими ваши увлечения. возможно среди них найдется ваша вторая половинка;normal
свобода к творчеству должна быть, а не в развитии беспредела. не к попранию прав и свобод других.;normal
смотря с чем носить собираешься. а вообще лучше черные, ну или красные.;normal
от умных проблемы бывают а если ты слаб характером и душой то страшно. доброго дня вика;normal
можно, но не делать сильные нагрузки. начинать потихоньку. лучше обратиться к врачу.;normal
ну кофе я не пью. точнее пью только на работе. так что хожу сразу по делу. что время тратить;normal
это совокупность электромагнитных волн, которая почему-то трогает человека. причины чувствительности человека к этим волнам когда-нибудь станут ясны;normal
где был бы сталин, если бы не этот лысый? так и шлялся бы по тюрьмам, да караваны грабил.;normal
нет, это прикольно. гта отдыхает. особенно военные грузовики, для них светофоров нет.;normal
добавить к майонезу мясо, яйца, овощи. и будете есть салат вместо майонеза;normal
серия книг, в которых много несбыточного и нереального и взятого у других авторов,;normal
ангелы это спасительные мысли. они всегда приходят вовремя прилетают свыше.;normal
снимаешь с учета и говоришь что номер хочешь оставить, полгода он будет тебя ждать;normal
затрудняюсь, но точно знаю что скорость стука гораздо быстрее скорости звука.;normal
перейти на более быстрый тариф. а вообще мне помогло вот это. пошлю в личку.;normal
я его давно гоню этот старый год в новом нового чуда жду оно обещало быть. если не обманет;normal
можно сравнить с действием гомеопатических препаратов в малых дозах лечит, в больших-вредит.;normal
в настройке на панеле это в низу видео наверно отключен звук кликни и он включится;normal
надо найти людей для начала которым она нужна, дать им админа и уйти из группы;normal
если ощущаешь страшный голод, а на кухне ничего другого больше нет, то очень даже полезны.;normal
кредиты отдавать надо, а это палка о двух концах. но красиво жить не запретишь. не беру кредитов.;normal
мысли позитивные, не знаю в каком цвете это можно выразить, наверное в яркие какие то.;normal
ой, вот постоянно выкидываю фрукты, ягоды из деревни, а ведь мог бы ставить наливки. но я сейчас и не пью, потому и несдержан во многом сейчас;normal
любви хочется всегда и всем, независимо от наличия денег или каких-то полномочий, по моему мнению.;normal
у меня первая любовь была осетинка, как мы с ней друг друга любили. ооооооблаженство;normal
все всех используют, просто смотря как на это смотреть и границы совести у всех разные.;normal
женские станки бритвы, крема депиляционные. больно только воском и эпилятором;normal
возможно развратных мужчин так много потому, что так же много развратных женщин. а иначе, с кем бы они развратничали. для разврата нужно, как минимум, два человека мужчина и женщина. во всех остальных случаях это не разврат, а извращение.;normal
дарю подарки. уделяю малейшие знаки внимания. я думаю каждой девушке так понравится.;normal
я на работе, все делаю одновременно и работаю, и в ответах отвечаю. директор без претензий.;normal
а при чем секс и любовь к детям? конечно может, но и дальше будет бабником;normal
изредка нечто похожее снималось скорее все же не фэнтези в полном смысле, а сказки;normal
большинство дисциплинов из греции пошли. а остальное либо зимние, либо дальнейшее усложнение в всякие там керлинги;normal
че за него молиться, знай не бедный, денег на поправку здоровья хватит.;normal
мужчины которые любят сладкое. добрые и отзывчивые, пусть их будет побольше;normal
потому, что гордость житейская говорит ты лучше, чем тебе говорят, или ты достоин большего.;normal
если не собираешься ее делать обслуживающим персоналом, то можешь и не содержать;normal
это мой любимый наряд, без них никуда, чтоб подчеркнуть свою женственность.;normal
люблю. ведь вчера был всемирный день поцелуев. и я достойно отметил его;normal
мейл и вконтакте еще сижу на беоне, фейсбуке, одноклассниках, май спейсе, твиттере, но редко;normal
кто конкретно был в вашем лк, узнать невозможно, можно узнать только общее число посетивших ваш лк;normal
весь мир убежит в сша, европу и еще пару тройку хороших мест. и большая часть россии опустеет.;normal
хотелось бы думать, что уменьшаем, а жизнь показывает, что увеличиваем.;normal
мне нравится закат, но и рассвету радуюсь, когда просыпаюсь с первыми лучами;normal
ждать тяжело наверное из-за того, что живешь не настоящим, а будущим, а настоящее не замечаешь.;normal
только вот я блокаднице попросил возврат гражданства так они не захотели дать;normal
не нужно впадать в крайности, если мы берем в пример человека то у каждого нормального человека должно быть понимание что есть дефолт по уходу, стриженные ногти, опрятность тела в целом и так далее.;normal
есть книга про путина сейчас дочитал о мотивации изучения иностранного языка;normal
если не поддерживать внутренний огонь, то он погаснет и останется только привычка;normal
от диаметра проволоки, от используемого сплава, от количества витков и др.;normal
не существует. наши желания всегда бегут перед нами, обгоняя наши возможности.;normal
мое сердце толкает меня на безумие которое не все понимают, но очень ценят.;normal
представиться представителем косметической компании. но не забудь в конце свидания обеим подарить духи;normal
любовь это состояние, близкое к болезни, когда ты не можешь без любимого, живешь им, дышишь.;normal
спокойно реагирую. я аэродинамик и знаю, что происходит и что это ничем не грозит.;normal
насколько я знаю и вижу исходя из своего опыта ситуацию, то женщину сквозь призму мужчин в основном оценивают мужчины, а женщины оценивают их через свою, женскую призму и поэтому оценки одной и той же женщины могут быть весьма разными.;normal
марлиевых повязок в аптеках нет, приходится презерватив на голову натягивать.;normal
без помощи и содействия живых они этого не смогут. живые сами это допускают и сами впускают.;normal
моя душа жива, пока я живая. потому, что я не представляю себя без своей живой души;normal
по этому я не доверяю тем кто кровоточит каждый месяц неделю , и не умирает;normal
либо у людей не хватает интеллекта, либо они считают, что с компьютером можно говорить о всякой ерунде;normal
что делать? плюнуть на ситуацию и жить дальше. будут другие подруги. дамы в своем большинстве дружить-то не умеют. если и дружат, то объединяясь против кого-то.;normal
вредны, убеждают людей во всякой полной чепухе, и оч профессионально, люди и правда верят.;normal
пройти курс лечения от моче-каменной болезни и кардинально поменять питание;normal
скачать на айпад, затем передать через блютуз, если комп поддерживает такую функцию. иначе никак.;normal
ну визы точно должны ввести. надо только исключение для донбасса сделать.;normal
по сути россия маленькая, буряты азиатской внешности, чеченцы, казахи и тд;normal
у вас и сейчас ситуация не плачевная. а через месяц, другой все будет хорошо, прибыль будет.;normal
топ болтунов за сегодня:. силиконовые мозги   слова.. sk   слов.. v.rednaya   слов..      слов.. ночка кота   слов.. viksa   слов..      слов.. ila   слов.. lynx   слов.. egor alexeevich   слов.чат: tovbotn;normal
более точный прогноз буде при наличии информации имя, дата рождения и фото;normal
действительно, ни одному мужчине не захочется смотреть на мужские ноги, а тем более- прикасаться к ним. а тем не менее- женские ножки именно молодых девушек, привлекают многих мужчин. и какими бы потными и грязными ни были женские ножки- всегда хочется их не только помассажировать, но и даже облизать эти женские ножки.;normal
жизнь после смерти есть это точно, вот только какая, зависит от того как проживешь эту;normal
хм. смотря кто кого встречает по жизни. взаимно сильно нужны друг другу.;normal
не только не умею, но и не считаю необходимым. к чему же подрезать крылья собственной мечте?;normal
а я холост и залетов не допускал. и любовницу мне рано заводить, жену бы сначала заиметь.;normal
ну не погуляй сегодня, что уж такого. книжку почитай или дома уберись, раз делать нечего;normal
отрицательно. но других у нас в россии все равно уже найдешь очень редко;normal
пока-он лучший лишь по получению наград премий и победам в опросах для меня-он лишь тень марадоны;normal
надо научиться правильно любить, а когда будет твое, сама по себе будешь любить и не задумываться;normal
если машина долго стояла на морозе, то это не страшно, при нагреве это пройдет.;normal
если отдача состоится как надо, то действительно, станет легче будет уже не до погоды.;normal
наверное, потому, что детство самая счастливая пора жизни, и порой очень хочется туда;normal
только какие-то извращенцы, могут специально прислоняться в общественном транспорте к представительницам противоположного пола.;normal
думаю, что японцы очень хорошо продумают этот шаг и не допустят повторения прошлых ошибок.;normal
да, жизнь действительно справедлива, т. е. рано или поздно справедливость восторжествует, однако;normal
доброе! сколько лет, откуда будете, чем увлекаетесь и кем работаете или учитесь?;normal
зажать и держать кнопку fn и давить много раз на кнопку где нарисован значок яркости;normal
муж зарабатывает и ставит стратегические цели, а я распределением заведую.;normal
горячей ложкой по лбу если не достает, то вежливостью грубияны ее не переносят;normal
я понял к сожалению или к счастью у меня нет машины, она просто мне не нужна : так что в этой теме я вовсе не разбираюсь и что ответить не знаю;normal
сходить к терапевту, попросить направление на узи. по результатам получить лечение;normal
в этом году у вас все будет пусто с машиной, а вот в следующем продадите.;normal
конечно стремлюсь. но иногда ожидание круче. самого ожидаемого. или вообще не стоит того.;normal
можно! от сего можно устать, если потерять чувство меры. и от романтики тоже. будьте сами собой, не отрицая романтики. переизбыток всегда вреден.;normal
устала от одиночества, кстати одиночество это не отсустствие мужчины в ее жизни, а когда женщина не интересна сама себе мужчин тоже касается,;normal
можно воду. даже нужно, если хочется пить, а то гемоглобин будет повышен от жажды.;normal
во многих компаниях на должности даже не рассматривают без высшего образования;normal
подлость - это когда человек знает, что совершает зло, знает, как этого зла избежать без совершения еще большего зла, способен это сделать, но не хочет по каким-то личным причинам;normal
я тож. курить хочу поду курякну а похоть. все мы ей страдаем ток некоторые не сознаються;normal
мне его уже походу не активировать, а приглушать на хороших тормозах надо;normal
пошлые киношные штампыа носки сама не захочешь взять погонять или ношеные или с дыркаме;normal
глаза радость не могут чувствовать через чесание. они ее только показывают;normal
а в думе и в правительстве кто? святые? а вор у вора добро не конфисковывает;normal
слабость духа, скорее всего один из грехов человека. проявляющая у неверующего человека.;normal
ничего хорошего от сустанона не будет хоть жирному хоть худому, это спорт химия а это вред;normal
если будет телепортация, то на попе много геморроя появится. ну и толстеть будем.;normal
много денег, стоячий член, пожалуй все, у меня только второе поэтому я мало кому нравлюсь;normal
когда мы живем в ладу с собой и душевном согласии, то жить намного проще и спокойнее.;normal
может лучше в слабой марганцовочке, а фитоспорин на грядочку? я так делаю.;normal
конечно были. уже ушли родители, родной брат и многие близкие родственники.;normal
я на содержании у государства. хотя скоро выползу из койки и пойду на работу любимую;normal
это то. что он смог полюбить такую вредную ссссучку. как я. ну согласись ведь. фантастика;normal
у меня даж небольшая нехватка. немного мешает эдакая погремушка-ходишь и костьми гремишь;normal
восточные почтительнее с мужчиной, в их речи нет мата и они женственней.;normal
боятся если самооценка низкая. а вообще, получить отказ всегда неприятно.;normal
внимание парня при знакомстве приятно, особенно симпатичного. он среди всех девушек выбрал именно тебя и говорит, что самая лучшая, красивая, нежная, стильная и т.д. и т.п. женщины любят ушами, любят слушать комплименты, желают услышать волшебные слова я тебя люблю, которые способны открыть железную дверь к сердцу, душе, руке, ногам и остальным частям тела.;normal
куколдхоть с основания сидия своих друзей привелим кнопками не жалчтобы медиа врубить;normal
оборудовать в шкафу спальное место, поставить туда комп и. затолкать шкаф в самолет.;normal
ни в коем случае гипс начнет схватываться раньше цемента итог будет плачевный;normal
комедийная мелодрама, номинации на лучшую женскую роль и лучший сценарий;normal
можно, но осторожно. можно продавать разную мелочь, а бухло в нагрузку.;normal
ндо внушить себе что удача это норма жизни, как только поверишть она к тебе сама придет;normal
даже не знаю. мы в нашем психологическом университете только сопромат учили;normal
небольшую зарядочку перед сном и легкий душ. и будто не было бессоницы.;normal
учебников куча, а вообще обратись к опытной ноа тебе подскажет это дело.;normal
который отвечает за выделение эндорфина это по-моему где-то в правом полушарии мозга.;normal
а собаки никого не боятся, вот и писюрят, как хотят, а коты вечно на палеве. вот и писают в ямку;normal
к очень богатому дяде, и причем если дядя супер богатый то талант, и умение петь не обязательно;normal
можно на ты мы конечно на брудершафт не пили, но с обращением на вы я себя прям старой чувствую;normal
отчего любовь заканчивается разочарование, обида, боль, равнодушие какая тут дружба;normal
разварить в ухе, потом отделить мясо и процедить бульонпрокрутить на фарш для котлет;normal
за сутки всегда есть билеты, всю жизнь езжу так, ни разу без места не осталась;normal
невозможно попасть в рай одной религии, одновременно не попав в ад других;normal
ну если девушка позволяет трогать ее значит ей это приятно и в данном случае молодому человеку не надо тушеваться, а надо развивать дальнейшие отношения для более тесного и интересного общения между ним и девушкой. не будь рохлей - если она дает себя трогать, надо идти дальше и довести данное общение до интима.;normal
да. человек эгоистичен. поэтому я думаю каждый чел. считает себя самым умным.;normal
стараюсь определить, но если не получается, то не парюсь, само рассосется;normal
события, которые произойдут совсем скоро, будут иметь судьбоносное для вас значение.;normal
есть, но для этого придется стать независимой от социума личностью слабо?;normal
думаю, что с таким же успехом скоро в разряд литературы перейдет и туалетная бумага.;normal
еще есть слава хероям. они наверное братья по имени. отцы разные. а мама одна бандера.;normal
называется микрография. бывает при паркинсонизме, макропсии, депрессии.;normal
каждый сам задоет моду так что в первую очередь выбор за тобой что будет модно;normal
когда осознаешь, на сколько ценно то хорошее, что есть в твоей жизни. и ценишь это.;normal
толерантность. тут ничего не поделаешь, или дай мигранту или тебя изобьют правозащитники.;normal
я стеснительный в определенных местах, и делах, и ситуациях, и разговорах. а так нет обычный.;normal
да не одинаково общаюсь, как с руководящими людьми, так и с не столь важными.;normal
помогу. вчера только свой старый ноут разбирал, искал причину поломки. поломка банальная ноут не заряжается.;normal
потому что у меня хороший алгоритм и постоянно пополняющаяся база знаний;normal
меня не раздражает. я знаю что такое усталость. мой все делает когда положено, а потом отдыхает.;normal
да, я ужасно влюбчивый. в свою жену влюбляюсь каждый день и все по новому и все сильнее и сильнее;normal
это естественно любовь это временное умопомешательство со временем проходит;normal
потому что хвастаться им, по большей мере, и нечем. когда человек ничего не добился в карьере, не имеет интересных хобби, не занимается самосовершенствованием, единственное, что ему остается - добиться хоть чего-то в любовном плане, чтобы не упасть в глазах других людей. а также свою роль играет типичное женское воспитание, после которого девушка думает, что главной и чуть-ли не единственной целью в ее жизни является приобретение второй половинки и заведение семьи.;normal
мне нравятся биографии великих людей. и интересно и полезно реальные истории реальных людей.;normal
существует. потому как. когда не смотрю я. смотрят другие. так луна и перебивается;normal
точка у одна под прикрытием смерчей по мирным кварталам. не по военеым объектам подчеркну;normal
наша реальность это всегда на сильном огне. и под крышкой. естественно выхожу.;normal
православное христианство. верю, но в церкви почти не бываю, не пощусь и т. д.;normal
нет, перемены это как миниму интересно. а какие они хорошие или плохие не важно;normal
это американский государственный и политический деятель, предприниматель, миллиардер и й президент сша с января года по января года.;normal
личная не приязнь со стороны учителя. закончилось переводом в другой класс.;normal
а ничего не делать. и никто не будет виноват. если можете себе позволить.;normal
ставлю цель, а потом решаю, что нужно сделать для достижения этой цели. ну и помечтать люблю;normal
кашу овсянку, перловку или кукурузную бывает делаю оладушки или блинчики;normal
слабо нагретый не приклеит. а горячий кожу испортит. я бы пристрочила по периметру.;normal
у меня есть целый список команд - достаточно нажать на кнопку со знаком вопроса;normal
вся прелесть состоит в том, что мы никогда не победим эти беды так что вопрос не имеет основания;normal
привет сколько лет, откуда будете, чем увлекаетесь и кем работаете или учитесь?;normal
есть возможность потратить деньги на интернет. заработать даже не мечтайте.;normal
в хлухой дяревне. хде инета нету. или жену попроси отрастить. хотя, я б не согласилась.;normal
это голос наших генов из далекого прошлого диктует мужчинам, что женщина - это его собственность. так было у древних наших потомков, поэтому чувство собственности - скорее доказательство того, что у мужчины преобладают животные инстинкты, над человеческими, так как человек априори не может принадлежать другому по определению, ну разве что, у того и у другого не очень высокий интеллект, и один хозяин, а другой раб рабыня.;normal
вдохновляет, особенно когда сам что то пишешь, а когда читаешь радует и удивляет.;normal
если вы были еще и друзьями, то можно -не вспоминая плохого. хорошее же было тоже.;normal
тип мужику надоеда и все он себе новую нашел и кого то это устраивает? я часто вижу такое на улицах аж в злость берет хотя это их выбор от части;normal
а я думаю счастье бесполое. у каждого бываеют минуты счастья, или часы, дни.;normal
молитва. довериться ему, вера дела закон духовного развития души жизнь.;normal
у меня есть целый список команд - достаточно нажать на кнопку со знаком вопроса;normal
когда вижу неприкрытое желание партнера и когда свой сексуальный фон шкалит;normal
хожу каждую субботу. это в сауне они могут начать пересыхать, в бане воздух влажный.;normal
в гиг. помаду входят, в основном, защитные компоненты, а в бальзам-питающие.;normal
ошибки и разочарования делают нас сильнее. время должно пройти чтоб утих пожар внутри.;normal
поиск не работает в мире, временно. но можно искать через агент добавить контакт;normal
пользоваться моментом и проветривать мозги. на свежую голову лучше думается.;normal
а ты пробовала это опровергнуть? поверь, в твоем мире все зависит только от тебя;normal
кто скольео, все зависит от состава и возроста членов семьи. мама, папа, дочь сынок и т. д;normal
зачем искать? так можно всю жизнь пробегать золотая середина -лучший выбор;normal
людям нужно лечить себя как личность многие забивают на свои проблемы такого рода, так что их профессия важнамногие даже отрицают существование проблемы. мне жаловались подростки на их взаимоотношения с родителями, и вместо того, чтобы пойти к психологу и решить проблему, они бьют своих детей и говорят мы не больные, чтобы идти к психологу!;normal
убивать стало легче, быстрее и с большего расстояния. для дворян это очень актуально.;normal
причина ревности неизвестность, неуверенность в себе или в любимом человеке.;normal
создавать, а потом уже употреблять, когда душа если она существует запросит.;normal
значит гвардия убийц, гвардия зверей, гвардия нечеловеков. гвардия отморозков.;normal
начинаю действовать по собственному разумению, превращаюсь из дичи в охотника.;normal
если вы ее обработаете спецсредством, течь не будет. а так конечно. промокает;normal
развернуться. пока ты стоишь лицом к своему прошлому, ты стоишь задом к своему будущему.;normal
гламур иногда внешняя как выше все описали показуха, а иногда состояние души.;normal
главное талан и желание. торантино был простым продавцом видеомагазина. а сейчас один из лучших;normal
а зачем его вообще принимать во время ремиссии? идешь на понижение дозы до полного прекращения.;normal
наоборот, он ее как раз и формировал и конструировал социальное конструирование я;normal
"кто-то стремится привлечь внимание, заинтересовать людей; кому-то щедро заплатили, чтобы он донес до людей неверную информацию";normal
да, мои родные зачастую критикуют то, что я слушаю. у нас из за этого даже бывали конфликты.;normal
потому что женщины ценят проявление знаков внимания и любви по отношению к себе, любят комплименты. стихотворение о любви к женщине - это один большой комплимент, квинтэссенция чувств. далеко не каждый мужчина способен самостоятельно что-то сочинить. это вовсе не потому, что любит меньше, просто не умеет. зато умеет, например, заработать на кольцо с брильянтом - тоже неплохо;normal
каждый мужчина вкладывает в это выражение свое понятие. из двух реальных людей, один считал, что настоящая женщина - это детородная женщина. второй считает, что это женщина, умеющая вовремя промолчать. истина где-то посредине. в любом случае это женщина, которая интересна конкретному мужчине в конкретный момент.;normal
потому, что вторая часть счастлива, если, б, ее не было как назвать человека несчачтным?;normal
милиция в ссср была чтоб народ защищать, в россии полицаи-чтобы уничто жать народ;normal
да им просто не на чем лететьна шаттлах далеко не улетишь, а другого у них просто нет;normal
важно повышать личную самооценку и самодостаточность. всем бывшим партнерам мысленно сказать спасибо за полученный опыт, напомнить себе о личной неординарности и с уверенностью смотреть на встречающихся парней. каждой девушке на нашей планете есть пара. каждый выбирает того, кого достоин. другой вариант - брать тот биологический материал который есть и лепить из него конфетку на свой вкус.;normal
а сидиры есть? а рейтинг какой. а какое соединение? а порт на торрент открыт? все может быть;normal
в жизни боюсь только одного стать на старости лет беспомощной, и быть в тягость окружающим.;normal
содержание - совокупность элементов и процессов, которые составляют основу объектов и обуславливают существование, развитие и смену их форм;normal
внуков балую сильнее чем детей баловал стал мудрее и менее строгим соответственно;normal
а то. между кусочками мяса овощи и так на шампуре и оставитьмега-канапе;normal
любимой, желанной и единственной для своего мужчины. а для себя мудрой, сильной, опытной.;normal
зло. тотальная слежка за людьми и воспитание павликов морозовых-вот что это такое;normal
мне думается что не заводит, а манит. а что ж у нее там так необычно, что летят как пчел ны мэд;normal
думаю, что многие женщины вообще не знают, что это за термин такой, им не нужен сквирт, как таковой, им было бы в кайф получать оргазм при каждом половом акте, как это бывает у мужчин, но, к сожалению, у женщин не всегда бывает оргазм, зависит он от многих составляющих: от психологического состояния, от умения мужчины, от любви, наконец, или даже от обстановки. у мужчин все проще - он получает удовольствие всегда, такова мужская физиология. возможно, я ошибаюсь, но выскажу свою точку зрения на сквиртинг - струйный оргазм у женщин фонтанчиком. это не аналог мужского семяизвержения, а выброс жидкости из уретры, а не только из влагалища, у женщин в разы все сложнее устроено. думаю, что если обычная женщина вообще на такое способна, то скорее всего, она и сама об этом не знает, ведь жизнь - не порнофильм. было бы смешно думать, что женщина следит во время секса, что и с какой силой из нее вытекает, отсюда вывод: женщине все равно, сквирт там или еще что привело ее к оргазму, такие мелочи женщинам в обычной жизни не важны, есть более важные вещи, такие, как способности и ласки партнера и его любовь и отношение к женщине, и обращают на физиологию внимание только мужчины исключительно с мужской точки зрения: им важно видеть сам процесс, выброс семени или эякулята у женщины, а самим женщинам сей процесс наблюдать не всегда бывает приятно и, в принципе, им это не нужно. ей гораздо важнее услышать ласковые слова и как он ее обнимет после секса, а вот мужчин почему-то больше интересует весь процесс у станка в подробностях. надеюсь, мой ответ позволит вам лучше понять женщин и вы станете более бережно к ним относиться.;normal
дать взятки тем кто дает взятки, что бы они в свою очередь не давали взяток;normal
я всегда умело скрываю свое настроение. зачем посторонним знать, что твориться у тебя на душе.;normal
смотря с кем играть будут, да бог с ним, с челси и мауриньо, главное цска чемпион;normal
духовное-это выход за рамки эго, которое непосредственно мешает развитию первого.;normal
ищите, и обрящете. а переживете года через четыре, когда потухнет гормональный костер.;normal
ну вот никогда не взвешивалась в полной экипировке а раздеваться я и сама умею не маленькая;normal
смирение, рождает понимание и участие. идиотизм -по всем медицинским показателям.;normal
запросто. однако, у электры сустейн значительно больше и бэнды эффектнее.;normal
спасибо большое. я не думаю, что это зависть просто мне никакой купальник с чашечками не подошел, она смотрела самые маленькие на меня;normal
можно условие для электролитичесских вольтаж не ниже требуемого емкость не ниже требуемого;normal
мою печку или чищу кафель, если все чистое звоню подруге ну или работаю на публику, плачу;normal
в глубоких недрах человеческой души. в недрах доброжелательности и любви к людям.;normal
ну у нас еще с дорогами не все решено. так что женщинам работы прибавится;normal
мой товарищ не сел и даже суда не было. его отвезли в военкомат и он отправился служить. просто повезло. распространение вопрос сурьезный и можно об это жизнь поломать. забавно, но в армии он продолжил кушать метан и колоться омнадреном;normal
больше сдохнет нам спокойней. ожидается прилив граждан россии и с той и с другой стороны.;normal
на краснокамском бумажном комбинате пермского края, можно в магазине при нем.;normal
меня сегодня пару раз уже дурой назвали а придурочная. значит при дураке сам ся и бозвал.;normal
особенно хорошо на мне висят брюлики и шубки. остальное как то соскальзывает;normal
не обязательно, иногда бывают всплески нежности, либо это манипуляция и чего-то хочет;normal
наличие музыкального слуха и чувства ритма обязательно, остальное технические моменты.;normal
обожаю изысканные ароматы. умею подбирать для себя. и для подруг тоже дня хорошего;normal
в чем-то ты несомненно меня лучше, а в чем-то я тебя. так что будем считать что поровну.;normal
каждый сам для себя выбирает какие отношения хочет. но я бы таковые не выбрала.;normal
при воспитании детей важно указать ребенку, что голова все-таки у папы и его слово последнее. к примеру в одной знакомой семье из человек папа, мама и сына все решения вроде того - пойти ли сыну на тусовку, купить ли ему дорогостоящую вещь и прочие, решались путем голосования. последнее слово в этом голосовании всегда отдавалось отцу. решение конечно было принято родителями еще до голосования, но фактически показать ребенку что каждый член семьи участвует в его жизни, сопереживает ей было нужно, поэтому голосовать было надо. при этом даже если отец своим увесистым нет обрубал все планы одного из сыновей, он умел это грамотно объяснить во-первых. а во-вторых не все его решение были отрицательными, поэтому сыновья не сомневались в справедливости каждого голосования. на мой взгляд - очень наглядный пример для того, чтобы воспитать важность мужчины в семье, уважение к ним и показать это всем. и самое главное то как мать этой семьи относилась к отцу, воспитывало в детях и уважение к женщине, поскольку дети видели, что у их родителей взаимное уважение и способность придавать значимость заслугам друг друга.;normal
для каждого это по разному. для кого-то позор, для другого самоутверждение.;normal
а мои знакомые поступили в крысу и даже нихуя не сказали. после этого сделал один вывод в своей жизни.;normal
современному обществу не надо ничего кроме денег. они для них и мама, и папа, и дети.;normal
неправда дорогой елена важно быть нужным на ответах задавальщиком вопросов,;normal
генеральная уборка, борщ, домашнее задание с работы думаю сварить борщ постный или скурицей;normal
не только по субботам и по воскресеньям тоже. дела только валяться мешают иногда;normal
на сколько предназначено. если. конечно, не подключать разум. но иногда любовь сильнее;normal
если только твой дядя работает провайдером, то подключит втихаря может быть.;normal
да иногда их здорово ловить, но если они тебя поймают, а не ты их то весь кайф накроется;normal
чеснок не рекомендуется влияет на состав крови лук в ограниченном количестве;normal
как сказал генри форд. машина может быть любой. главное, что бы она была новой;normal
хороший дом, хорошая жена что еще нужно человеку, чтобы встретить старость?;normal
заинька, организация с большой красивой вывеской мышеловка, а товарсырочек;normal
новая арена называется велс фарго центр в филадельфии, но там мне не светит побывать;normal
готова идти на уступки и искать компромисы практически во всем при условии взаимного уважения;normal
некоторые карлики живут многократно лучше и цивилизованнее, чем кое-какой гигант;normal
конечно, в основном да. но иногда нужна именно польза, пусть и маленькая.;normal
уметь выносить одиночество и получать от него удовольствие великий дар.;normal
у каждого свое представление о любви и взаимоотношений полов в частности. их так учили с детства.;normal
нет более того соленая вода только еще хуже сделает в длительной перспективе.;normal
ни на че я не пойду. я и так знаю. что наша команда будет в конце играть с германией и победит;normal
говорят грудь растет от мужской руки. а вообще есть различные гели и крема.;normal
увы, большинство из них-никогда. потому что это просто жалкое подобие мужчин.;normal
бывает, что денег нет у мужчины, с кем не бывает, сегодня они есть, а завтра - нет, но как правило - это временное обстоятельство, и обычно нормальный мужчина - если знает что у него нет в данный момент денег - не станет приглашать девушку на свидание, а иначе - он просто сам себя будет чувствовать не в своей тарелке. есть у многих мужчин такой пунктик, мужчина по другому и не сделает, он же мужчина. так что шансы то есть, но не в этот раз - если это не первое свидание.;normal
хорошая женщина не может быть плохим человеком, а хороший человек не обязательно женщина.;normal
читают. особенно старшая, с малых лет обожает это дело. младшая тоже читаете, хотя меньше;normal
а куда же без нее? математика -царица наук, всем нужна. но объем в школе-явно завышен.;normal
да. очень хорошая. даже при вывихах помогает. в состав входит множество трав.;normal
нигде. в библии написано что иисус это вечный сын, то есть существовавший всегда.;normal
когда за победу была заплачена несоразмеримая цена. либо когда победа оказалось. дутой.;normal
веруй в иисуса христа, и спасешься сам и весь дом твой бог помогает только своим, детям бога;normal
я верю только себе. неверь в этой жизни не кому. не предают только враги.;normal
и кусают больно. и покусывают нежно. даже бывает откусывают безжалостно.;normal
я вникаю в ваши мысли. между прочим, они становятся моими знаниями, учтите это;normal
я довольна поздравлением.больше всего я довольна тем, что весь этот день мы провели вместе и в праздности. в гармонии. нам так хорошо друг с другом. мне подарили билеты в кино. а то какие слова мне были сказаны я утаю. но мне они понравились. мы посмотрели любовницы. порой было смешно. москва красиво снята. потом зашли в гости к нашей подруге, поздравили ее. поболтали.;normal
запоминай. потом нашим контрразведчикам за вознаграждение будешь рассказывать;normal
там как правило финансисты. они прагматики. для них на первом месте деньги, потом идеология.;normal
гусли, рожок, балалайка, ложки, бубен, колокольчики, еще доска ребристая;normal
конечно, влияют. можно так поправится, что потом никакие диеты и фитнес не помогут;normal
если в аквариуме золотая рыбка. она вмиг исполнит энное количество ваших желаний.;normal
к горынычу слетаю. на ужиниль за ивана взамуж выходить начну. да мало ли интересного?;normal
а еслиф бегать, ты ж там никого не догоняешь, на самом деле, прикольная тема;normal
если только ухаживают за телом и следят за внешним видом - то таких мужчин называют метросексуалы, если же еще и живут за счет женщин - то это жиголо. а про любителей однополых отношений писать не буду.;normal
твердый, а так ничего особенного, лично мне больше нравятся янтарь и нефрит.;normal
ну так, по разному. иногда я себе нравлюсь сильно, иногда терпеть ненавижу.;normal
украсть ведь так могуото всехвместе с нежностьюи заботой укроюможет. слегка и вреднойно нежной;normal
влюблятся можно в любое время года, только желательно взаимно, что далеко не всегда происходит.;normal
кстати будит у меня друг от собственного храпа периодически просыпается.;normal
ну не тока козел, иногда и овца пробегает и отношения начинают рушится.;normal
аха. главное не переборщить с откладыванием, а то мало ли, вдруг вообще расхочется;normal
да когда как. могу долго, а могу даже не задумываясь а потом удивляюсь сотворенному;normal
поменьше общаться с теми люди, которые тебя обламывают и побольше с теми, которые вдохновляют;normal
любознательность и желание совершенствоваться, думаю толкает человека на поиски истины.;normal
есть, медитация на сердечной чакре, в дзен-буддизме есть практика шестиконечный крест будды.;normal
государство доверяет своим гражданам оружие и обеспечивает их право на самооборону;normal
это я, хотя че это, я нифига не обыкновенная, ведь я необыкновенная, во как;normal
ох как здорово я бы щас всех болелов баварии обломала и всех остальных завистников;normal
твои чувства такие же как у твоей страны к его? поматросил и бросил? извините не сдержался;normal
да. зачастую вслух. тем, кому задано прочитать летом произведения, в лом вся эта тряхомудия.;normal
без разницы. хоть таврия, хоть майбах. лишь бы содержание было по карману.;normal
клятва в любви и верности до гроба. часто это-пустые обещания, всего лишь красивые слова.;normal
рок вообще ненормально слушать. он плохо влияет на психику. рок от дьявола же.;normal
мужики всегда ищут где куй потеплее пригреть. а в шалаше он ровно на лето;normal
они есть и в других странах, не только в россии, причем больше, чем богатых.;normal
по витой паре через сетевые карты. или просто присоединить винт со старого компа к новому.;normal
не хочешь-не работай, найди мужа, который обеспечит, ведь у женщин и дома работы по горло.;normal
всякие, очень люблю готовить украинский борщ. ням. еще люблю готовить рассольник и щи.;normal
ну тату просто в списке был, может убрали уже. вообще да, шрамы перекрыть тоже хорошо;normal
осень это итог прожитого года. не даром говорят циплят по осени считают. да и не только циплят;normal
коротко не могу. дубинка, фурага, тупость во взоре, морда-кирпичом вообщем, держиморды;normal
электронная почта, или e-mail - служба в сети интернет, позволяющая обмениваться документами в электронном виде;normal
она не умирает-она к другим уходит. она будет вечно жить, а мы умирать.;normal
смотря какое повреждение. при инфаркте замещаются соединительной тканью.;normal
три четыре раза в неделю зубной пастой и щеткой. погрызушки можно и чаще.;normal
она вообще не держит религии. это видно хотя бы из того, что религии были до нее.;normal
хороший пример в китае. там п сути социализм, но деньги есть и страна прогрессирующая;normal
просто сказать мужу чтоб нанял другую подчиненную, или поговорить с подчиненной мужа. желаю вам удачи, пусть у вас все наладится!;normal
отзывы знакомых о качестве горючки, цывильный вид, удобство подъезда, культура обслуживания.;normal
свободная страна. не зря. вся российская элита. там второе гражданство имеют;normal
выделить нужную часть текста страниц, а потом как сказано выше. сервис статистика;normal
зависит от того зачем вам нужен смартфон. смысла сравнивать две разные ос нет.;normal
когда ваш самолет опаздывает, самолет, на который вы хотели пересесть, улетает вовремя;normal
большой член ни есть хорошо. лучше поменьше и войдет чувствительней , чем на пол шишки и хрен пойми что.;normal
жизнь это процесс от рождения до смерти, с водоворотами и каскадами событий.;normal
а что рассказывать, на мастурбацию смотреть надо, обычно мужикам нравится, возбуждает;normal
вот именно поэтому моя не работает. не хочу что бы она была чей то рабыней;normal
возможно на усмотрение работодателя, может вы себя хорошо сможете зарекомендовать за короткий срок;normal
нет. предмет -кстати и функциональный. т. е. необходимый постоянно в быту. и и. д.;normal
да простые не сильно много получают. а высших гнать надо вместе с отделами их.;normal
я не стала бы рисковать. сахар консервант. сахарозаменитель сомнительная химия;normal
сказать, что если долго болеть будет, то человеком станет. выздоровеет сразу.;normal
в четкости, т. е там нет ни каких ньюансов, только белое и черное также как да или нет;normal
да. я давольно-токи обеспеченный человек, но есть желание еще больше быть обеспеченной;normal
конец света будет, когда воды не будет, а не будет воды, и ковчег не нужен будет.;normal
но при этом я не совсем согласна, что женщин осуждали больше всегда. вот сейчас, как мне кажется, больше критики в сторону мужчин: мало работаешь, плохо занимаешься сексом, недостаточно хороший и т.д.;normal
это такое направление медицины, которое совсем не имеет отношения к медицине.;normal
добрый день. определенно нет, он не имеет право требовать верности от жены, он вообще не имеет право иметь жену, как правило если муж изменяет пара растается и женщина ищет такого кто б ей не изменял и любил.;normal
если в плане находок, то это кремневые орудия энеолита, скифские женские украшения, и могила хазарского важного кланового вождя  а там куча всего;normal
нет такого возраста. все кроме смерти можно исправить. но, к сожалению, мало кто это делает.;normal
я машину чищу полностью. пока чистишь прогревается двигатель, а зимой это немаловажно.;normal
действенный способ дать почитать ошо про эго. многим моим знакомым помогло;normal
мировозрение основано на единстве бытия и на том что вся природа живая.;normal
потому что сильная. не умеющий гнуться ломается. в этом и есть момент слабости.;normal
мне оно периодически ни к чему а в остальном охраняемая территория сокровенного;normal
трудовой договор нужно продлить если беременность заканчивается позже срока окончания тд;normal
признание новых государственных образований всегда для этих государств прогресс.;normal
не надо никого спасать, надо уметь понять, что бы достичь гармонии, всегда быть честным.;normal
если бы у меня со зрением была подобная проблема и мне предложили такое, боюсь, я стала бы редким гостем в вашем доме;normal
там в составе сразу стиральное средство, пятновыводитель и средство для сохранения цвета;normal
можно пойти в фирму, которая занимается наймом водителей, желательно со своим авто.;normal
у меня есть целый список команд - достаточно нажать на кнопку со знаком вопроса;normal
можно. примеры среди знакомых есть. только суммы в миллион, конечно никто не даст.;normal
быть тренером сборной россии по футболу это расстрельная статья. к саламычу это так же применимо.;normal
ну так что насчет магазина на маркетплейсе? мы русские должны помогать друг другу.;normal
на съемочной площадке. надеюсь, вы понимаете, что это декорации, а не настоящее кафе?;normal
россия для тех, кто искренне любит россию, землю нашу и людей русских приоритетную нацию.;normal
сейсмо и вулканология, наземные исследования, измерения, а также космические наблюдения.;normal
у меня была проблема с хд но после, его пришлось выкинуть. совет наченай копить на новый хд;normal
потолок сегодня на раз покрасила, завтра уже на чистовую и обои клеить тоже все путем;normal
аммиачные краски наносят на сухие немытые волосы, безаммиачные на чистые слегка влажные.;normal
надо винду переустанавливать, антивирус не может его удалить, тож самое было;normal
вот я безмужних женщин успокаиваю, это ведь благо, но вот жена так не считает;normal
а потому что они мужчины. хамство не очень присуще женщинам не имею ввиду рабочие моменты в целом. и если это по плохому воспитанию, отсутствии культуры общения, это другой случай. и из любой хамки мужчина может создать и стать пигмалионом.;normal
когда в будущем еда станет виртуальной, я сделаю для вас свое фирменое блюдо;normal
руками -засунуть в спиралевидный корпус струну припязать к струне провода и протянуть;normal
идея стара, как мир. самая уважительные причины это недомогание, болезнь, критические дни.;normal
смотря какие попутчики а то кроме топлива начнут на пивас просить а так на авто интереснее;normal
этот зубами будет держаться, как уже все поняли-через выборы смена власти в россии невозможна.;normal
никак. музыка не разговаривает на языках, она трансцендентна. хуячит прямо в подкорку.;normal
время это изменение состояния материального тела. нет движения события нет времени.;normal
с кем не бывает. у тебя вчера, если не ошибаюсь, тоже что-то было такое;normal
сзади очень даже ничего. все как положено. ну если не веришь можно и на ощупь определить;normal
даже не всем считающим себя христианами суда не попасть, не то что нехристианам.;normal
люди перестали давать в долг друг другу, вероятно, потому, что в наше время существует огромное количество кредитных организаций, у которых люди и берут в долг.;normal
заменить лимонад ирисками. но потом придется бороться с ирисочной зависимостью.;normal
я люблю читать объявы всяких мошенников. все-таки я криминальный журналист.;normal
если сильно охота, натри резьбу простым карандашом. нет, так закрути и не перетягивай.;normal
маламуты спокойнее и лояльнее, но у них чаще встречается зооагрессия несмотря на их предназначение;normal
а на работе тяжести поднимаешь? я почитала выше, если сейчас прям нет возможности начать лечение, то может корсет и не плохая идея, чтобы не оказалось так потом что ты встать с кровати не сможешь;normal
ну с ним есть о чем поговорить, о жизни перетереть. не то что ваши эти лось, букин и тем более таарнет;normal
отказался на всегда кроме рекламы пива и прокладок в мире есть вещи по интересней;normal
обычно. это реакция организма на повышенную отдачу психической энергии-для ее восстановлени;normal
думаю, как с полноразмерной женщиной, но чуть более забавнов голове заиграла музыка из шоу бэнни хила;normal
и я более чем уверен, что для повседневных расходов у него обычная карта вроде той же amex blue;normal
не все парни и девушки, которые пользуются сайтами знакомств, ищут там серьезных отношений, или замену действующим отношениям. есть такие люди, что ищут там партнеров для секса. есть и такие люди, которые просто хотят пообщаться по интернету с кем-то, и их потребности в общении выше, чем то, что им дает реальное общение. а есть и такие люди, которые нашли своих половинок там, но анкеты остались действующими, и такие люди изредка общаются там с кем-то только ради вежливости. некоторые люди там ищут партнеров по бизнесу.;normal
я на выборы даже не сунулся. все равно на выборах были многочисленные взбросы.;normal
не, я просто подумалчто если в блице танк годный, то может, он и в бб годный;normal
потому что они стали понимать, что брак для женщины в южной корее не самое лучшее решение так как чаще всего женщина становится обслугой у семьи мужа, плюс можно попрощаться с работой и опять же рождение детей практически полностью может поставить крест на карьерном росте. у них там и так сейчас проблемы с работой, а тут еще дополнительное препятствие в виде семьи;normal
мало того. бегая по сайтам, они еще тявкают тявкают и писают на все углы;normal
добро-это действие или мысль, направленные на благо другого. в поступках и словах;normal
старшенькой пиковит, а мленькому мультитабс беби ну и конечно свежие фрукты каждый день;normal
я смотрю рен. тв хотя и там, наверное, кто-то владеет и диктует, но по минимуму.;normal
они с недавнего времени вообще все доказательства, по всем вопросам тщательно скрывают;normal
вообще то, мы в нем и находимся. длина, ширина, высота. или вы живете в плоском мире?;normal
а что само бракосочетание уже состоялось? это где интересно таких регистрируют?;normal
не хочу виллу, хочу удобный деревянный дом в получасе езды от города на машине.;normal
не успевают. сгорают заживо в нашей атмосфере. скорее всего они проклиная нас падают;normal
а вы сами из какого города? я в египет собираюсь, но зимою. а может и в турцию.;normal
сначала нажми на все записи,. когда появятся все записи, тогда и можно удалить.;normal
самолетом до москвы, от москвы самолетом до тюмени, далее местными автобусами;normal
последние два года достаточно часто, сейчас реже изза работы, время больше позволяет ездить по другим городам болгарии;normal
любое лекарство может быть ядом этой банальной истине несколько тысяч лет;normal
работать, рожать детей если не совсем прям молодняк, помогать взрослым.;normal
я думаю, уверена, бывает по-разному какие угодно сочетания измен и ревности бывают.;normal
при двух полосном движении может ехать в левом ряду, при трех полосном не далее второго ряда.;normal
а ты что, коллекцию собираешь? главное не кол-во, а качество. так было всегда.;normal
открываешь приложения там в правом верхнем углу написано разработка приложений;normal
иметь талант, не стесняться, можно поступить в театральный или на кастинги ходить.;normal
сама лично с ними не сталкивалась, но, судя по битве экстрасенсов, они творят чудеса.;normal
я такую штучку хочу скинуть про активность левого или правого полушария.;normal
успешный тот, кто знает себе цену, имеет четкую цель в жизни, и поддержку любимых.;normal
а я бы приготовила манты или бишбармак. если интересует, напишу рецепт.;normal
можно. когда от трезвости тошнит. следовательно интоксикация наступила.;normal
да. я это ощущаю на взглядах мужчин. даже фотограф мне сказал, что у меня взгляд сексуальный.;normal
по разному. кто то будет надоедать ей а кто то ждать пока обратят внимание;normal
эпатажным нет. юродство это не модерн, при котором эпатаж приветсвуется. это юродства крест.;normal
ууу, такая фигня и у меня устала, рожу, пойду в отпуск отдохну от жизни ну, это хорошо, наверное. самое главное, что бы сейчас все было хорошо;normal
временное помешательство, которое проходит со временем или становится хроническим;normal
в нормальном непрогрессивном контексте пощечина женщины мужчине обычно ассоциируется с тем, что мужчина сделал что-то неправильное или неуважительное по отношению к женщине. это обычное дело, когда пары или члены семьи ставят женщин до предела, и это, вероятно, вполне заслужено - например, когда ваша мама дает вам пощечину после того, как вы приедете домой пьяным в часа ночи.;normal
ага! тут обсуждали битие женщинов.по всему выходит, что ты можешь отпиздить меня, а я не в силах отвечать.;normal
а по твоему сознание и душа одно и тоже? почему же тогда люди не помнят свои прежние жизни?;normal
ничего. я ток нахожу. аааааааааааааааааааа. жнет. я седня ж зажигалку посеял;normal
у каждого в жизни свои ценности. и распоряжаться ими нужно во благо себе и другим.;normal
у меня не будет секс раба, его надо кормить и одевать, а у меня нет на это денег.;normal
интернет такая штука, вроде недавно освоился, а смотришь-старость не радость;normal
фармацевтики, лекарств довольно много из индии. а так китайцы везде, это точно.;normal
пробиться в правительство и сделать переворот, по ходу дела и пить бросишь, некогда будет;normal
да отстой этот контакт и неудобный в использовании. больше понтов что он самый типа массовый;normal
мне нравится вообще люблю французские имена. звучат благородно и вальяжно;normal
а можно посмотреть по-другому. кому хуже, чем мне. так, что ценю, что есть.;normal
солнечные провокаторы питаются бурной реакцией эмоциямилунные потребители зануды, прилипалы;normal
больше общаться чем красивее тем лучше желательно с незнакомыми для начала время спрашивай;normal
бабушкины пирожки с мясом из печи. вру домашние пельмени с сметано-грибным соусом;normal
да я люблю это делать и делаю это намного чаще, чем занимаюсь любовью с мужем;normal
николя саркози. самый крутой чел во франции. победитель главной ярмарки тщеславия.;normal
она внутри меня. и куда я не иду, всюду слышится ее изумительное звучание. и это так прекрасно.;normal
любовь это когда ты искренне восхищаешься существованием другого человека;normal
да, бывают полные дуры, пустышки. строят из себя не весть что, а сами ни чего не стоят.;normal
можно нанять талантливого репетитора, но нужно при этом быть еще и вундеркиндом;normal
знай. для тебя я всегда холостой но ты же ведь спрашиваешь. так. для статистики;normal
терпеть не могу жару. когда холодно одеться можно. а в жару. что кожу с себя снимать?;normal
если в вашей жизни появился новый человек, который не очень хорошо целуется, возможно, вы не совсем уверены, стоит ли развивать эти отношения. не волнуйтесь. существуют шаги, которые вы можете предпринять, чтобы справиться с проблемой плохих поцелуев и помочь партнеру преуспеть в этом деле.;normal
нет никакогосценария, который можно было бы подогнать для всех, иначе представляет чтобы было. все отношения были бы похожи на какие-то механические действия с одним алгоритмом.что нравится одному, то может другого раздражать. может лучше оставаться самой собой. а то потом придется еще искать сценарий и для семейной жизни.;normal
нет, яица это главное, без них блины не сготовятся и вы их не сможете отодрать потом от сковородки;normal
у меня есть целый список команд - достаточно нажать на кнопку со знаком вопроса;normal
атеистов нет -в душе все верят. он не верит в то что говорят, а чувства у него слабо развиты.;normal
ахаххах, типа того, если женщине вовремя не уступать, можно всю жизнь быть холостяком;normal
лучше закажи линзы с покрытием от протирания нифига эфекту нету жидкость в любой аптеке продается;normal
укро-тв включи. через неделю просмотра из тебя получится крутой укро-зомбяк.;normal
мы живем, значит время хорошее. все в сравнениихотя нам есть с чем сравнитьбывало и лучше;normal
когда все само-собой решится, тогда и пройдет. и тебя вылечат, и меня вылечат.;normal
только когда хочется. а хочется в основном когда вместе засыпаешь и просыпаешься.;normal
на сайте песен. в эмаиле наверху есьть поиск. и ты напиши скачать песни. и скачаешь.;normal
открыть с помощью любого текстового редактора и читать? а в чем трудности?;normal
я вообще пошла на чужую работу, за которую мне нифига не платят, а оказалось, что там выходной;normal
разные бывают одиноки. и скорее красивые больше одиноки чем не красивые;normal
по правильному, обработать рану йодом или спиртом, сделать укол от столбняка. здоровья;normal
люблю своего парня а еще люблю-любить а можно и изменит ему пару раз ничего неслучиться думаю воть;normal
нужно было, что то изменить в жизни, думаю, что после ее измены произойдут изменения.;normal
ты конкретнее говори что там принимали за деградацию и когда и кто. в древней греции;normal
сайт не знаю, но у нас на этой сесии зачет был по статистики, сама сдала, могу что-то подсказать;normal
они противопоказаны при гормонозависмых опухолях, так как провоцируют рост такой опухоли.;normal
сопсна есть гарантия на телефон, а в эту гарантию входят все детали из которых телефон сделан.;normal
сначала и нужно полюбить себя и тогда сразу найдется кого еще полюбить.;normal
зависит от твоих интересов, физических и финансовых возможностей попробуй, что нравится;normal
потому что только человек, которого ты любишь, может причинить тебе настоящую боль;normal
работай просто и будет благо и у тебя и у страны, а не болтай как все хреново;normal
одну такую историю знают многие. это отношения мстислава ростроповича и галины вишневской. они поженились на четвертый день знакомства. спустя много лет ростроповичу вручили премию журнала ридерз дайджест за оригнальный ответ. корреспондент по время интервью спросил: правда, что вы женились на галине спустя всего четыре дня после того, как впервые увидели? что вы думаете по этому поводу?. ростропович ответил: я сильно жалею, что потерял эти четыре дня. они могли бы пожениться и в первый день знакомства, и это ничего бы не поменяло в их дальнейшей судьбе.;normal
потому, что у нас есть атмосфера. не было бы атмосферы и небо было бы черное;normal
они не понимают, что еврей исус пришол к погибшим овцам дома израилева.;normal
я усвоил это самым трудным способом. мне действительно повезло, что я встречалась с парнями, которые меня ценили, но только когда я влюбился в кого-то, у кого не было серьезных намерений, я узнал, что ценить в отношениях. вот несколько явных индикаторов, которые я предпочел игнорировать, хотя мне было лучше.;normal
это придумали церковники, что бы религию пиарить, а богу восхваления по барабану.;normal
нет. идеалы придумыват люди и в разных общиствах соотвественно разные идеалы;normal
что нас не убивает то закаляет, патриотизм как некогда на высоте в россии.;normal
обжарить с луком и потушить со сливками просто, но вкуснее грибов я не ела.;normal
ну в борьбе с чумой у человечества многовековой опыт, в отличии от короновируса.;normal
даааааааа, блондинкам только стаффиков и булек заводить, они такие же тупые.;normal
конечно, к примеру скажем о каскадерах или о космонавтах, которые впервые станут испытывать ракету;normal
глубоко дистанционно ощущаю искривление верхних конечностей провайдерского админа.;normal
я за развитие личности и индивидума, у меня нет кумиров, я сам для себя икона;normal
читайте библию и верьте всему, что там написано. это самое лучшее лекарство для души.;normal
все знают что я дома сижу-в честь чего попруться на вокзал то встречать?;normal
в россии, в польше. самые сексуальные -в париже и италии. самые некрасивые-в англии.;normal
толерантность, как и мораль, в наше время уже давно приобрели двойные стандарты;normal
в гугле набирай дизайн сайта в псд по англ можешь даже указать для какого движка нужно;normal
это раньше они были девушки. теперь они женщины. у одной уже внук. а мы все дружим.;normal
правда. но только в том случае, что кроме нее на женщине уже ничего нет.;normal
я сам вот в офлайне научился зарабатывать, но сейчас время такое, что хотелось бы несколько источников дохода, пытаюсь в онлайн, на данный момент сегодня пятый день, как я пытаюсь, пока что потерял .;normal
зависит от того, будет ли тенденция к превращению россии в полицейское государство;normal
неделю сижу. куда уже только не позвали и на канары и в вену и на черное море, но только не замуж;normal
финал будет рафаи федерер. а вот кто выиграет. надеюсь рафа но они оба великие игроки.;normal
суть такова, что хочу признаться ей в любви, но боюсь признаваться сразу, т.к. мы к слову вообще не общаемся. ребят, как поступить?;normal
можно и нужно, это помогает разрабатывать мышцы живота, потом рожать будет легче;normal
к этому нужно готовиться заранее. проявлять себя взрослым и благоразумным человеком.;normal
играми ролевыми. прикольно попробуй. типа ты мент он преступник. и т. д.;normal
согласно библии-содом и гомору уничтожили хорошие парни. осталось дождаться их нового прихода.;normal
да сейчас половина кино снимается в павильоне. конкретезировать нечего.;normal
шатун деталь деталь кривошипно-шатунного механизма, соединяющая поршень с коленчатым валом.;normal
если речь идет лишь о некоторых мужчинах, то рискну предположить, что продолжение умного разговора с девушкой, которая смогла его поддержать, не выходит по двум причинам. первое - девушка обладает лишь поверхностными знаниями и лишь пытается завлечь мужчину таким образом, что настораживает, ведь коварности женщинам не занимать. и второе, может оказаться, что женщина разбирается в чем-то лучше мужчины и тогда такой диалог может вывести уже на чистую воду не совсем умного мужчины, который лишь хотел таковым казаться для пущей деловитости или еще для чего.;normal
вероятнее всего, у таких женщин, согласных содержать мужчину, избыток денежных средств, что они себе это могут позволить.;normal
ты прав в какой-то степери. всегда самая красивая и самая хорошая и любимая это твоя женщина.;normal
не долго. эра водолея не подразумевает материальные ценности. наоборот, духовные.;normal
кошка с собакой частенько дружат, а вот два не кастрированных кота редкость;normal
одиночество это когда тебе никто не говорит три простых слова я тебя люблю;normal
перед тем, как им придется жить в разных городах? или чтобы один в другую всунуть по приколу;normal
важно еще что в стакане. а то лучше пустой, чем полный керосина. хотя для кого как.;normal
нужно учить стихи, почаще учить какие то коротенькие тексты и тогда память будет тренироваться;normal
мне рассказывает сказки телевизор каждый день, то от путина, блин, ласки, то из думы поебень.;normal
верю в бога, творца сего мира, который сотворил человека со смыслом его жизни и смерти.;normal
я очень горжусь своим мужем и создаю условия для дальнейших достижений. а их немало.;normal
часто в стихотворении можно найти не только интересные образы или сюжет, но и потрясающей красоты созвучия;normal
тот, кто права купил. даже если это шумахер но с поддельными правами, соответственно и знаниями.;normal
сильно опьянение будет. в шампанском пузырьков много, будет эффект как от пива с водкой;normal
начинаю искать причины моей неуверенности в своей голове и заменяю их на мотивирующие мысли;normal
была бы моя воля, я бы умерила пыл цивилизации. неровен час она нас поглотит.;normal
смотря кого собственность, если депутата, то да, а если обычного человека, то частично;normal
квесты люблю, очень долго перечислять названия. сейчас в скайриме, бывает, пропадаю;normal
не скажу что внешность очень важна для девушки, но тем не менее это играет так же не малую роль. но если девушка намерена создать семью а не ходить со своим парнем по барам и хвастатся своим парнем какой он. на пример парень красивый и все такое но, бьет девушку жену алкоголик, альфонс. или если обычный парень не красавец уважает свою избранницу нашли общий язык делают все согласовано, естественно девушке лучше иметь такого парня, чем мачо но аболтуса. но два в одном не бывает чтобы был красавец на все но и так же все что я перечислил выше, это исключение. таких просто нет.;normal
стервой надо родиться. а насчет завидовать-так вроде им завидуют, а не они;normal
порадуюсь искренне за него. я всегда знала он достоин главной роли. честно-честно;normal
да конечно. ведь с гормонами также получается не порядок, а с ними можно и потолстеть и похудеть;normal
лучше штраф для нас а то потом таскайся по всей москве и в очередях стой;normal
нет, свекрови все равно не понравишься, потому что не она выбрала, а ее сын.;normal
будешь слушать как я наполняю сартир я уже  раз его под крышку наполняю из меня все лезет и лезет;normal
да, ты прав, светлая душа твоя все, что ценно в мире, есть любовь все остальное суета;normal
сначало пилюдия потом все остальнре как ее приготовишь так и целовать будешь из опыта;normal
ряженые знатные вояки кто нибудь знает, что за за битва такая была с днем рождения;normal
это квартира с большим количеством натуральных и экологичных материалов отделка, мебель и проч.;normal
нравишься, отлизала хорошо, не ну постой я еще второй лайк а ты уже лижеш б.;normal
конечно верю, просто надо доверять своей интуиции, и иногда следовать за ней.;normal
ничего, он открыл миру свое желание быть пророком и свое видение на христианство с иудаизмом.;normal
картофель в мундире считается символом бедности. сам с голым задом, так хоть картошка в мундире.;normal
можно. но это уже не мотоцикл, а конструктор. в инете условия регистрации конструкторов;normal
книги -это очень хорошо. а научные фильмы прекрасно дополняют прочитанное.;normal
ничем, это все та же я, разные мои проявления. я человек, и ничто человеческое мне не чуждо.;normal
в электролизере? полагаю, в этом случае электролизер будет быстро убит продуктами распада.;normal
никуда не бежать, надо включить радио и слушать указания. так всегда говорят.;normal
тот, кто управляет своими эмоциями, чувствами и потребностямии есть личность;normal
кино, кафе, ресторан, прогулка где нить в красивом месте, и много много чего еще можно придумать;normal
ее нужно удалять со временем будет давить на гол. мозг, этим занимаються нейрохирурги;normal
дома добавляют качественные ингредиенты. и готовят с любовью, наверное поэтому.;normal
стараюсь всем полезным овощи, гречка, орехи. иногда из теста что-то. а вы?;normal
после устранения последствий травмы возможна. современная химия поможет.;normal
пришлите список фильмов, которые хотите найти и скачать. попробую вам помочь.;normal
ну как всегда-нарушение скоростного режима, полеты в нетрезвом виде и т. д.;normal
в лесу люблю и у воды. гулять по песчаному берегу, когда вода ласкает пяточки волны;normal
любовь к миру и всему человечеству спасет мир. а понятие красоты у каждого свое.;normal
нет. если муж ищет себе жену-маму, то она, конечно, будет им командовать.;normal
пиво. после него как то осознаешь лучше, что нехватает любимого человека.;normal
и такое бывает. я его считаю возбужденным. а чем возбуждение не романтика?;normal
счастье это хорошее настроение, это интересная жизнь, это близкие люди, которые радуют.;normal
мне зарплата не важна. не веришь спроси у юрки. я замуж выхожу не за зарплату а за человека;normal
если у вас нет машины то пробки вам не страшны, если у вас нет работы то на нее не спеши.;normal
смотря какие игрыязык не сильно важен, важны знания технологий и правильное их использование;normal
ни чего не нужно кроме паспорта и куска бумаги с ручкой что бы дкп написать;normal
после планеты уран расположен нептун. после химического элемента уран лучевая болезнь.;normal
можешь и одну поменять, если бабла нет. просто если наенулась, -скоро наенется вторая.;normal
я полисорб всегда пью, ребенка им же спасаю, тк разрешен он с рождения, помогает всегда;normal
а я откуда знаю када вы там едите низабудьти мну пазвать я на свадьбе побухать хотю;normal
сила слабого пола перед сильным определяется слабостью сильного пола перед слабым.;normal
ну как обычно, в зоопарке. вряд ли он в южное полушарие ездил. они же вроде только там обитают.;normal
была, есть и будет, потерпи малость дай человечеству обосноваться в космосе;normal
по видео этому не так легко научиться. лучше к тренеру подойди и на баскетбол походить.;normal
прибить к реечкам нужного размера москитную сетку, которую продают в тканях.;normal
да как сказать, смотря с чем сравнивать, если с тазом, то да, а если с машиной, то так себе.;normal
люди, находящиеся в постоянном поиске и есть охотники по жизни, это и хорошо и плохо;normal
ахахха потому что они пушистые, мягкие, как игрушка у меня у самой кролик такой секси-шмекси;normal
общественное сознание, подумайте над термином, такого нет. может быть мнение, но точно не сознание;normal
все в мире действует по закону справедливости равновесия. в противовес добру зло и наоборот;normal
привет. люби жену, уважай маму в каждый момент своей жизни. вот и ни каких проблем.;normal
у меня есть целый список команд - достаточно нажать на кнопку со знаком вопроса;normal
значит что-то не устраивает. человек привык верить в то, что ему нравится;normal
у ваших отношений есть перспективы, подолжайте, своего можете добиться.;normal
часть жизни нашей сущности, закрытой в основном для нашей физической жизни.;normal
для семьи важна не настойчивость, а любовь, уважение и ответственность.;normal
бархат очень приятный на ощупь, да и стоит не дешево. прям как моя попка;normal
если вулканы и могут влиять на погоду, то только в сторону снижения температуры;normal
да лучше лишний раз поздороваться, чем гадость сказатьнаверное, много дел. здравствуй;normal
те кто ее изучают называются студентами биофака отделения микробиологии и генетики;normal
родители всегда их любят. всегда. я имею ввиду психически здоровых людей.;normal
ну послушать можно. а вообще лучше слушать что то по лучше. но каждому свое;normal
особенно когда их две. с одного боку и с другого. и не люблю их рыжего папу.;normal
от души каких только дров можно наломать а профессионально, как не крути, с профессией связано;normal
я клоню к тому что этим не нужно завлекаться. я знаю некоторых людей которые этим завлеклись сильно, и знаете, через неделю меняли парней, и так по новому;normal
самое интересное, что в большинстве случаев я считаю что кто со мной несогласный сильно заблуждаются;normal
в следующем году ожидайте рождение малыша будет у вас мальчик поближе к весне удачи;normal
наверное можно, ведь на прокат же девчата берут, и без всяких примет и предрассудков одевают на свадьбу, затем возвращают. а вот если вы желаете венчаться, тогда надевать чужое платье нельзя, так как венчаться должна девушка в новом платье, затем это платье хранится всю жизнь у девушки.;normal
без анализов и обследования нельзя поставить никакой диагноз по определению.;normal
шофер он и водила слесарь и механник одним словом спец, а водитель он наездник.;normal
а нам во время разговора думать необходимо, а во время секса эмоции отключают разум;normal
психоаналитик это я, когда психую. а аналитик-это должность у меня такая.;normal
думаю, самый профессиональный ответ вы получите в гуугле, просто написать щитовидная железа.;normal
да, точно целый день могу не есть а по ночам обязательно при чем это у меня с детства;normal
счастье это вообще хорошо. главное чтобы его не было в переизбытке это кошмар;normal
не знаю как по технологии, но я замораживаю. ничего страшного с ней не происходит.;normal
плохого. я всегда ищу в людях только хорошее, плохое они и сами покажут.;normal
наоборот интересно, что будет. по закону сохранения массы и энергии я где то появлюсь;normal
здесь все происходит в индивидуальном порядке, кому-то нужно - года чтобы полностью понять и удостовериться в человеке, кому-то лет, кому-то еще больше, но наверное года будет недостаточно, потому в браке может всплыть то, что придется терпеть.;normal
смотря для чего. еврей национальность только родтться. иудеем-веру можно принять;normal
настроением, горе, радость, но иногда. при присутствии напьюсь превращается в;normal
по поводу приема лекарст желательно проконсультироваться с врачом, как бы банально это не звучало;normal
это заблуждение, кто то наоборот любит деловых леди, тут все индивидуально, смотря еще как выглядят деловые леди, многим женщинам очень даже идет деловой костюм, так что мнение в корне не верное и кого больше любят, надо спрашивать у каждого мужчины индивидуально.;normal
у меня запрет на общения с теми людьми которые со мной не на одной волне;normal
могу лишь одно объяснение этому найти. профессия пожарного слишком опасна и каждый раз идя на работу он рискует своей жизнью. так что может так случиться, что когда-нибудь он домой не вернется. скорее всего, женщина боится такой вот развязки, не хочет все время волноваться и переживать за мужа, отправляя его на работу. и ее в принципе можно понять. но для меня чувства в любом случае были бы на первом месте, а профессия на втором.;normal
в лет никогда не было парня?!да вы что?!как такое возможно?!ну, все, теперь уже ничего не поделать, жизнь прошла, и вы уже старуха, которая никому не нужна:.я надеюсь, вы поняли мой сарказм, а также поняли, для чего я его применил. в вашем столь юном возрасте есть два врага, вернее, три врага: отсутствие жизненного опыта, а на фоне этого отсутствия - глупость и самоуверенность. если окажетесь жертвой этих врагов, то вся жизнь может пойти псу под хвост. честно вам скажу, что сейчас в ваши лет вы являетесь идеальным материалом для всяких прохвостов, которым, вполне возможно, может быть и этот ваш парень. что вы о нем знаете?ничего. вы его даже не видели в реальной жизни, и уже пригласили в гости и даже боитесь, что не понравитесь, ставя его таким образом хозяином положения. он из другого города?и где он остановится, когда приедет?и кто он такой вообще?вы собираетесь впустить в свою жизнь совершенно чужого человека. это очень неразумно. знаете, жизнь больше всего не любит тех людей, которые торопятся жить. и наказывает она за это очень жестоко. кто вас гонит?кто заставляет торопить события такого рода?и знаете ли вы, чем это может закончиться?я знал девушек, у которых и в лет не было парня. но они при этом не чувствовали себя неполноценными, потому что у них к этому времени было за плечами два высших образования и любимая работа, благодаря которой они материально и социально крепко стояли на ногах.и с кем попало они не общались, а замуж они выходили осознанно, зная, с кем связывают свою жизнь, и жили счастливо. причем, они сами что-то значили в этой жизни. а что значите вы в свои?не о том думаете. не о том.;normal
и саруханова желаю тебе из тысячи звезд одну, самую. довольно редкая песня.;normal
бросать взгляд как якорь на то, что окружает. и снова погружаться в работу, занятие, дело.;normal
на кого как влияет. кто и после кофе спать спокойно ложится и засыпает сладко.;normal
нет конешно. но друзья меня убеждают, что они поменяли меню, там стало намного лучше;normal
конешно не ф тот, я вот фсекда закупаюсьтолько в анашане. там для всего продукты есть;normal
какие проблемы? хорошему человеку проблем не жалко народ не зря говорит.;normal
потому что не того парня выбрали. если б того. не скучали бы. а потом засыпали как убитые.;normal
нагревание, охлаждение, испарение, кипение, плавление, отвердевание, конденсация;normal
я от людей жду взаимопонимания, поддержки и открытости, наверное как и все;normal
пластыри, и таблетки от давления а презервативы на всякий случай не ношу.;normal
адреналин снижает чувствительность к боли, но и он не всесилен. бывает больно но это не страшно;normal
оксолиновая мазь перед выходом на улицу и афлубин в профилактических дозах;normal
у некоторых мужчин тоже ужасные брови. им бы не помешало выщипать их и придать форму.;normal
в зависимости от гардероба, образа жизни, от того, сколько может позволить ее бюджет бюджет семьи;normal
завтрак это важно, овсяные хлопья в мультиварке творог и кофе. можно еще ложку меда;normal
сайт авто ру вверху нажми на шины, диски и выбирай. хочешь новые или бу.;normal
я итак это все делаю и готовлю себе все сам, а мозги вынести мне еще не родилась такая;normal
лучше сначала учиться ездить на механике после механике все будет казаться просто ерундой.;normal
ничего подобного, она только начинается. и замуж. ойййййй. как хочется. мммммм.;normal
иногда бывает но это белая зависть. я всегда восхищаюсь чужой красотой или ухоженностью;normal
пирожное орешек. люблю очень язычки, пирожное картошку, эклер, корзиночки;normal
да просто женщины специально ведут себя так чтобы их ревновали. раз ревнует значит любит, вот они и лезут из себя лишь бы вызвать ревность. многие интриги плетут чтобы двух мужчин стравить на почве ревности. а мужчина от природы собственник и свое не отдаст.;normal
она одна из моих самых любимых певиц. у нее замечательные песни и голос.;normal
наша слабость. это вы женщины. а с вами мы не боремся. мы вас добиваемся.;normal
шампанское как и коньяк самодостаточные напитки подо все подряд идет только водка;normal
по настроению. солененькое малосольную рыбу, острое хрен, горчицу. кислое крыжовник.;normal
в начале ухаживания, цветы, подарки, шоколадки, встречи, прогулки за ручку;normal
у меня не хватает сил идти на работу. а вот сидеть здесь, оказалось, есть силы.;normal
депардье вообще-то жерар, а не жан. а по делу лучше старая экранизация с жаном марэ;normal
еще в латинской америке и на балканах. там много стран все перечислять не будут;normal
именно благодаря соцсетям у интернета такая слава. что дескать тут могут и на послать;normal
украина еще будет играть последнюю игру с поляками, потом домой, это уже точно;normal
так и признаться, честно, смотря в глаза. объяснить причины бесплодия. об этом сказать сложно, так как на эта тема разговора болезненна для обоих. но проявите решительность, и сказав о своем бесплодии мужу, будьте готовы к его неоднозначной реакции на услышанное, эмоциональному фону. мужчины очень чувствительны и эмоциональны, поэтому, проявите понимание и спокойствие.;normal
жизнь дана нам для радости, но жить легко не всегда получается. хотела бы.;normal
пообщайтесь. возможно, она хороший человек, да еще и при этом одинаковых с вами взглядов на жизнь. большинство людей против такого знакомства, считая, что им насильно навязывают кого-то. мне даже с высоты моих лет более естественным кажется непринужденное знакомство. но есть хороший пример моей приятельницы, у которой сына познакомили с девушкой, порекомендовав ее как замечательного человека. у них сейчас прекрасная семья и двое чудесных детей. если девушка вам не понравится, никто ведь не будет принуждать вас встречаться с ней. а что можно делать с ней? вести себя по человечески, как и с любой другой девушкой. удачи вам!;normal
да, конечно. это человеческие оценки того или иного с точки зрения человечесих ценностей.;normal
да как то ровно я к этому отношусь. чересчур большое значение придают, какому то сексу.;normal
ну, во-первых, выполнение или не выполнение обещаний от пола не зависит. все дело в том, какой человек. просто у вас такой парень, вот и все.все:.ну, и еще можно добавить, что в этой жизни никто ничего никому не должен. кто вы такая, чтобы он что-то делал для вас на халяву?и что вы сделали для него? вот, как-то так.;normal
у меня нет чувств к этим людям. так же как у них нет чувств к себе и ко всем остальным.;normal
скорее нет, чем да. почему то рано или поздно ребята хотят большего чем просто дружба.;normal
да, периодически. с мясом, картофелем. а вот с творогом лень, делаю ленивые.;normal
всех жуликов. коррупционеров и коммунистов отправить поднимать село, без права жить в городах.;normal
таких как я не теряют. есть, конечно, глупые люди, но это уже их проблема.;normal
в данный момент счастья не ощущаю, может в следующий момент будет счастье и у меня.;normal
да, и очень большая влажность. летом не особо чувствуешь а вот зимой брррр;normal
в принципе тоже самое, что и мужчина женщине. но она ему еще ребенка может родить;normal
всегда. ни в чем не уверен. даже в том, что этот мир не плод воображения больного слона в коме;normal
да, кто же его знает, говорят чт и болгары, тоже что-то общего с евреями имеют, и итальянцы.;normal
просто скажу это платно, что бы ты не думал. а надумаешь то это называется хостинг серверов.;normal
не назначают, а набирают. и не на руководящие, а на простые исполнительные должности.;normal
не слушай никого. просто один мужик то, что надо, а другой так себе. и от женщины это не зависит.;normal
если деятельность, которой вы занимаетесь, ну не ваша, вы и будете говорить, что тратите нервы.;normal
не сочувствуй самому себе. самим себе сочувствуют только примитивные люди.;normal
обычно вы так и влюбляетесь. ахахах. а если она еще и готовит отлично мечта вашей жизни;normal
вот это годно, я б другу скинул, чтоб у него жопа сгорела, он из питера и не любит когда о его городе плохо отзываются;normal
нуууууууу навести оптический прицел. на мужика голого типа ревность включить;normal
да, это так, но это в потенциале. оптимизм это главное условие счастья и успеха.;normal
образование советское, в брянских лесах. бти, инженер лесного хозяйства;normal
отменять ли свадьбу из-за коронавируса зависит от того, на сколько гостей расчитано мероприятие. в некоторых российских городах введен карантин, согласно которому проводить мероприятия, где больше человек, нельзя. например, в москве и петербурге.;normal
пока, все что случалось, объяснялось без высших сил. хотя уже половину жизни разменял;normal
главное чтоб песня классная была, но в плейлисте у меня все таки больше мужских голосов;normal
всепоглощающая страсть любви иногда не знает границ, ни время и ни место ей не подвластны;normal
переждать это смутное время, и перестать себя жалеть. новые отношения вытеснят старую любовь.;normal
готовы будем тогда, когда пиндостан случайно обнаружит ракет в никарагуа;normal
это относится как правило к женщинам. у женщин есть странная привычка заедать стресс.;normal
в реальности бога найти не могут, вот и пользуются самодельным продуктом.;normal
никуда я сваливать не буду. это моя родина и менять ее на ес, сша и россию я не собираюсь.;normal
а еще есть горизонт событий за это и физику и астрономию полюбить можно;normal
складывается такое мнение. словно и не мужчины, а тряпки ссыкливые прости за грубость.;normal
единственное извращение, -это отсутствие секса. все остальное дело выбора каждого. з. фрейд;normal
лучше оставаться самим собой и доказывать делом, что ты, несмотря ни на что, не растерял себя.;normal
если он казах то будет играть за казахстан, если он шалаказах или мангурт то за англию;normal
иногда даже вкусно, если своя. а чужая разумеется воняет-судя по ответам.;normal
мышлением и рассуждением. какую пользу или вред мне эти соблазны дадут.;normal
в моем маленьком городке, где я живу сейчас, можно. хорошую не снимешь, ну а так себе да.;normal
я точно не уживусь с заблуждающимся на мой счет мужчиной. так что если мужчина не в состоянии понять, что же я из себя представляю, то ему со мной лучше не жить. сожру.;normal
влипать во всякие истории, в которые я влипать не хочу, но вот, блин, умею и практикую.;normal
внуками и играть в компьютерные игры. там ты в тренде, с молодыми и коротаешь время;normal
оригинальный вариант. рыбу об жену будешь тереть от чешуи или наоборот?;normal
также лучше не делать комплименты, когда девушка их не ожидает, допустим когда у нее совсем нет настроения или она на вас очень сильно обижена.;normal
программы которые иммитируют работу мобильного, компьютера, денди или сеги;normal
это внешность, которая привлекает на которую приятно смотреть, которая вызывает чувства и эмоции;normal
я ищу, кому ее подарить, а себе на память оставить от нее чеку такой гвоздик.;normal
а че разошлись то, это комплимент жить в гармонии со свое внутренней сущностью. это прекрасно;normal
они должны жить вместе, любви на расстоянии не бывает или она быстро заканчивается;normal
нет, мое мнение. любовь-душевное чувство основанное на понимании и нужности другого человека.;normal
а говорят так, когда действительно много причин, разов, уже достаточно, но не сто конечно. очень много. например, любить надо не только за красоту, но и за заботу, доброту, ласку, ум.;normal
началась сезонная линька и наверняка идет смена щеняцей шерстки на взрослую;normal
да, есть такая примета. а левая к знакомству. а если вся чешешься, то нужно в баню сходить.;normal
ой даже не знаю как в баню пойду, схвачу тазик и попробую покрутить потом и отвечу.;normal
мне нравится любая прическа моей любимой, а длинные волосы особо украшают женщин;normal
картофель богат витамином це и именно этот продукт позволил победить цынгу в европпе;normal
темперамент, как утверждают психологи - это характеристика человека со стороны динамических особенностей его психической деятельности;normal
да большинство. даже не знаю чем. и вообще тв смотрю разве что в гостях невольно с хозяевами.;normal
как и всегда в жизни. есть искренне верущие люди а есть дельцы от религии.;normal
мое мнение таково, что если знакомый парень называет вас чужими именами то он просто хочет задеть вас, то есть вызвать какую то эмоцию или обратить ваше внимание на него. судя по коментариию к предыдущему ответу я понимаю, что вы нравитесь этому парню и видимо вы неприступная барышня и завоевать минуточку вашего драгоценного внимания не так просто, вот и изощряется молодой человек уже как может. возможно он и понимает, что этим делает вам неприятно, но по другому скорее всего не умеет. обижаться на него не стоит, лучше спокойно объясните ему, что такое его поведение вам неприятно и таким образом он точно не завоюет вас. а если же вы будете бурно реагировать на эти его выходки, то это только разогреет его интерес и он будет стараться еще больше вас задеть, так что лучше старайтесь реагировать на это нейтрально и тогда рано или поздно ему просто надоест это делать и возможно он найдет другой способ привлечения вашего внимания. но то что он делает это с целью чтоб задеть вас это -, это мое мнение, возможно оно и ошибочно.;normal
стаська, мы и писать и писать умеем красиво, а уж как рот открою, усе сразу замолкають.;normal
для получения сим карты, нужно зайти на сайт оператора, в данном случае тинькофф и заполнить анкету:указать свои личные данные т.е имя, фамилию, отчество, контактный телефон и адрес по которому вам доставят сим карту.вот и все.;normal
смыл есть. пригодилось главное не путай высшее образование с дипломом о высшем образовании;normal
не любовь это вовсе, а мелкое пролетающее чувство. настоящая любовь эгоиста он сам;normal
смею предположить что на пароходах, самолетах и грузовиках если из абхазии, допустим;normal
ничего ты не изменишь, потому что большинство людей даже себя изменить не могут. а мир хотят;normal
бог это уже и есть мистика, но при этом явная и помогающая нам. мир вообще противоречив.;normal
наверняка изучают русский в качестве иностранного, но никак не в качестве языка обучения.;normal
уйти с головой в реальность, направить свою энергию в нужное русло, а не в ответы;normal
кушать чаще но меньшими порциямиспортивные упражненияпить больше жидкости;normal
хм. улучшение зависит не только от солнечных лучей, но и от лучей глаз любимой;normal
армянское радио отвечает ты подрываешь основу нато в европе потому анб тебя и удаляет;normal
любую, которая вас заитерисовала вообще любое путешествие даже в пригород полезно;normal
вас в данном случае должно придать окраску уважения к вам и к слову у многих людей актеров и других есть тату :;normal
раньше сидел на сайтах знакомств. общайтесь, спрашивайте у собеседника. не нужно домысливать домыслы. по общению вы узнаете, что ему нужно. часто бывает интерес идет только с одной стороны. все время интересуется парень у девушки. и парню может казаться, что ей безразлично т.е. она не интересуется. т.е. парень переписывается с другими девушками и выбирает ту которую он заинтересовал. поэтому и существует типа поговорки что ли, что выбирает не парень девушку, выбирает девушка парня.;normal
церкви россии и украины не могут помириться, а ты говоришь правительства.;normal
я сама врач своего города, знаю, к кому обращаться можно, а к кому лучше не надо.;normal
читать, штопать, вязать, шить, перебирать все, что надо перебрать. короче, уставать.;normal
таблетками ты только забьешь сосуды это лишние шлаки которые потом не выведешь;normal
кабель и спутник. но кабель скорее, через аляску. спутником очень дорого.;normal
у меня есть целый список команд - достаточно нажать на кнопку со знаком вопроса;normal
все мои радуга без одного какого нибудь цвета не воспринимается радугой.;normal
млекопитающее, хищник, семейства дельфиновых. хотя в народе, чаще ее зовут китом-убийцей.;normal
ангелы, как и люди творения божии, поэтому они и похожи на своего творца.;normal
тут просто. бог не убийца. а вот изолировать может. в геене огненной изолирует.;normal
зарыть монетку в горшок, где будет рости будущее дерево и посадить само дерево, как обычный цветок;normal
поветкин против ббб дмитрию павловичу даже команда не нужна, чтобы нам мозг взрывать;normal
дамы за , ждут в отношениях того же, что и дамы в например. или тем кому , не люди? в любом возрасте женщина хочет быть любима и я сейчас не о физиологии. чтобы ее понимали и ценили, уважали.;normal
выпадает весной, скорее всего в марте, продвижение по службе и встреча с интересной девушкой.;normal
в любой. только устав пробивать не с порога. а -тихой сапой раз-раз и в дамки.;normal
в россии, никто править миром не собирается. мы лишь за справедливость и мир во всем мире.;normal
если мужчина, уже после свадьбы, запрещает женщине то, что не соответствует моральным нормам замужней женщины, то это нормально.конечно, в этом случае, он собственник.ведь брак изначально и происходит от слова брать;normal
да тяжелые базовые упражнения-приседы тяги жимы и их производные способствуют выработке гормонов;normal
ну и после нескольких проведенных часов можно с уверенностью сказать, захотите ли вы еще раз встретиться с этим человеком или нет.;normal
только люди приченяют боль, играя чувствами, любовь ни в чем не винавата хех;normal
матернись в трехлитровую банку и быстренько ее закатай. получится законсервированный банкомат.;normal
baleri, если у вас есть желание, то мы тут задаем какиенибудь вопросы на любые темы всем:;normal
ну зачем перекладывать обязанность народа на господа бога? это неправильно, товарищ.;normal
установить агент и вбить контакты после авторизации они ответят и вперед.;normal
какая разница кто победит в борьбе за власть, от перестановки мест слагаемых сумма не меняется;normal
ну великий - это значит большой, достойный, умный, могучий хм. добавим глючный и получусь прямо я;normal
ты главное не волновайся. имя имя его? приедем, поговорим. приставалку отберем;normal
я тоже не понимаю, зачем позволяют кадырову делать такие громкие заявления, которые никогда не оправдываются. блядский цирк;normal
жизнь в компьютере - не подарок. надоели все эти виндоусы с вордами. хочу в крым, на черное море;normal
в библии есть персонаж который не верил хрису. с тех пор и идет сие вырпжение.;normal
можно, если он изначально был крепким и построен на настоящей любви и уважению к друг другу.;normal
нельзя считать себя правым, пока не посмотришь на ситуацию глазами другой стороны;normal
обычная сделка купли-продажи авто, какие там еще могут быть особенности?;normal
я в ней победил. дожил. теперь получаю бонусы, и горько жалею, что до такого дожил.;normal
если секс хороший был то удовлетворение а если так себе то и настроение соответственное;normal
нет. самая кайфовая и неизученная. сколько лет ответам столько и трындят без конца о нем;normal
значит вам достаточно этого общения и не хочется впускать в личную жизньэто нормально;normal
мне всегда говорили, что четверку ставят только чтоб не портить аттестат хорошистки;normal
навальный по закону еще никого не продал. все законно. гранты не запрещены.;normal
не совсем понятен ваш вопрос. если вы имеете ввиду аромат духов, то рекомендую понаблюдать, какими духами пользуется ваша девушка. либо можно предложить девушке сходить в магазин, якобы вам нужно прикупить духи сестре, либо еще какой-либо родственнице, и попросить помочь с выбором. то, что ей больше понравится, то и купить. ну или просто напрямую спросить девушку об этом.;normal
вообще то он правильно делает, подруги всегда плохо влияют, лучше это время сделать, что то полезное, для дома, да и зачем встречаться с подругами, раз уж муж запрещает, значит у него есть на это причины просто так не будет запрещать, надо идти на встречу мужу.;normal
так и нужно отвечать, что пока еще не встретили девушку, с которой хотелось бы строить отношения. даже если подобный ответ не устроит некоторых, то это вполне нормально, потому что невозможно сделать все так, чтобы это было понятно и очевидно для всех.;normal
вряд липросто чатвсех понемножкупечальных и грустных, молчаших, трещащихв себе неуверенных оченьи тех кому ехать, по пьяным дорогамспеша на работу, аж два часа;normal
конечно люблю. комплимент говорит о том, что в тебе все в норме, а может и выше нормы;normal
вера-это стремление. стремление-это цель. цель-это жизнь. жизнь-это движение к совершенству.;normal
а ты поиграй по-честному и осознаешь, что ничего по-настоящему стоящего за деньги купить нельзя.;normal
быть хорошим человеком очень просто надо совершать хорошие поступки и не совершать плохих. -;normal
есть феминные мужчины и маскулинные женщины, в таких случаях противоположная картина наблюдается.;normal
у моей подруги было пять мужей. что хорошего она мне посоветовать может?;normal
нужные вещества быстро улетучатся, и мята перестанет быть полезной для здоровья;normal
потому что только при здоровой конкуренции возможно существование рыночной экономики.;normal
позировать и говорить об этом это очень глупое решение. я просто рассказала, что было. может и показалось что это звучит совершенно спокойно и как позерство, но по факту я немного плакала. даже не так, у меня слезы на глаза поступили.;normal
у меня спортивный комплекс. домашний. я по утрам на нем иногда занимаюсь, если не лень.;normal
по формуле. все зависит от затрат на хранение и величину объема товара.;normal
вам надо аттестацию по садику? у меня одна воспитатель печатала аттестацию могу прислать;normal
награда. ведь опыт жизни не купишь за деньги, это дарственная возможность.;normal
турция там как бы светский ислам, алкоголь туристам пить не воспрещается.;normal
если она водитель трамвая, на который опаздываешь, то просто придется бежать;normal
увствовала бы не изменяла бы. только бы слишком много получилось. но се ля ви;normal
смотря за кого вышла мы вот например вместе готовим ну не всегда конечно по большей части я;normal
женщине вообще необходимо мужское внимание. и не обязательно все сводить к интиму.;normal
бог через нас исполняет свою волю, через нашу веру. выходит вы эгоистичны.;normal
безусловно, фетровые и меховые, ковбойки, цилиндры и другие, адаптированные под наше время.;normal
побочных эффектов не было, препарат пьется постоянно для нормализации давления;normal
да, есть не принимать то, что может повредить душе подобные книги, учения,;normal
не может, но было несколько случаев, когда секс переносился из-за футбола на пару часов;normal
организую партизанское движение гденить. в китайских дебряхславочка, привет;normal
желательно чаще слушать подсознание а н рубить с плеча тогда и ошибок не будет;normal
я одного дядьку утяну в кусты не будем мы с вами загорать он хочет, я спрашивала;normal
потому что его дейвствия несогласованны с гайцем или светофором на предыдущем перекрестке.;normal
"чужие мужчины сами и заставляют! напрямую предлагая посторонней женщине свои интимные услуги, и их ни сколько не волнует тот факт, что он женат и имеет обязательства, между прочим, перед своей женой. а оправдывает каждый мужчина свое недостойное поведение по-разному: одни говорят, что жена никуда не денется; другие, что она ни о чем не догадается; третьи говорят - я с ней не сплю, но ведь это же наглая ложь! вот что приходится выслушивать от женатых мужчин незамужней женщине, и чего только им в своей женатой жизни не хватает! и никто на них не заглядывается, никому они кроме своих жен не нужны.";normal
лично для меня самое ценное что может дать девушка это вера в него, попытки понять его и любовь. это может дать каждая девушка и в целом любой человек.;normal
да, перемены благоприятны, хорошие вести, приглашение к выгодному сотрудничеству, получение денег.;normal
ну у нас карие в семье, историческая родина вятка, возможно финно-угорские народы подмешаны;normal
все равно тепло, нужно ловить все теплые барнаульские дни, а то мы не успеваем переодеваться;normal
рыжий котенок, это к деньгам удаче, кормить значит произойдет удачное событие в вашей жизни;normal
сложно притворяться что приятно общаться или хоть как-то общаться с неприятными.;normal
это еще не дорогой вот когда выберем еще раз путина или медведева, вот тогда держись страна будет;normal
ну наверно потому что он действительно очень старый и уже найти к нему детали крайне сложно.;normal
какое было дело до этих тонкостей тем кого немцы заживо сжигали в русских церквях?;normal
меня беспокоит орган моего мужа. который уже не организирует как раньше.;normal
илюх, все пох, как ты посчитал на тот момент ответить, значит збс, а в себе ковыряться, да надо но это уже не кого не ебет;normal
нанять хорошего репетитора. я его так выучила примерно за то же время и сдала на хорошо;normal
сразу с другим побежит тебя сравнивать, а возвращение блудного сына не лучший вариант;normal
если две полоски то вряд ли. а если одна. то позже можно сделать еще один тест.;normal
я все между ног собираю, и одеяло, и подушку, и тапки, и даже еду из холодильника;normal
привет, сколько лет, откуда будете, чем увлекаетесь и кем работаете или учитесь?;normal
это есть работа и слава моя, осуществить бессмертие и жизнь вечную человека;normal
не надо идти к мосту. слабые чмошники не умеют прощать, они мстят даже в ущерб себе. ты прощал, значит ты - настоящий мужчина, а ими не становятся, ими рождаются. переживи, раз ты мужчина, значит, сильный. даже, черт возьми, приятно, что такие молодые люди еще есть. на таких, как ты, очень велик спрос по нашим временам. очень скоро посмеешься над всем этим.;normal
паспорт, свой инн, заявление по форме, госпошлина. в налоговой все формы есть д-тов.;normal
стабильность у нас называют застоем, а ее отсутствие развивающейся системой;normal
спокойно. просто жду когда выступающий дойдет до сути дела и озвучит просьбу;normal
зубной пастой с функцией отбеливания. лакулют прекрасно отбеливает. я пользуюсь, знаю.;normal
в туалет просто. при необходимости в первую очередь. не сможешь сходить.;normal
есть браслет, и есть просто одежда в которой чувствуешь себя уверенно и уютно;normal
практически никогда, астарые вещи отдаю по знакомым, если уверена что их будут носить и они нужны;normal
плохо только то что некому меня обнять по ночам. а так нет никаких проблем.;normal
любой психически здоровый человек в меру эгоист. и вообще эгоизм, двигатель прогресса;normal
да уж сейчас такая програма не считая что в жизни это все и особо не пригождается;normal
сама не понимаю. я бы хотела чтобы ввели астрономию. это очень интересный предмет;normal
устройство. например, монитор, принтер. в общем любая хрень, прицепленная к компу или даже внутри.;normal
только если какое нибудь крепленое дерьмо, с обычного напиться не реально;normal
да без проблем, элементарно меняется. главное не допустить утечек газа.;normal
страна это территория с границами. нация это разновидность народа, проживающего на этой территории.;normal
вояю, штопаю, сшиваю. одним словом творю, но достается за то, что вытворяю.;normal
если они еще немного торчат оттуда, как носовой платочек из нагрудного, то абсолютная прелесть;normal
нет, занимайся или нет, а платить при поступлении придется. так уж заведено.;normal
на самом деле психи иногда пишут красивым аккуратным почерком. настоящие психи как раз тихони;normal
случилось как случилось, вероятно. когда такое происходит, значит было знание внутри, что если бы приложили сил по-максимуму, то помогли бы. но есть же и другое - сами могли бы пострадать, а быть может и выиграло бы все - то есть ситуация была неопределенная. совесть мучает оттого, что даже себе в глубине души честно признаться трудно, что не тот, коим себя хочется знать и видеть. по-моему, от этого и возникает непокой в душе. понять, конечно, можно и прощение получить. но, мне кажется, самое страшное наказание - это упреки самого себя. ничего не делать - продолжать жить и серьезней, наверное, ко многому относиться. а так - съедать уж очень сильно себя не стоит - бывает и хуже, все проходит - пройдет и это и так болезненно уже не будет произошедшее восприниматься.;normal
пора. если опоздаем она сама поменяется и, как всегда, не в нашу пользу.;normal
администратором какой нить фирмы, кафе, ресторана. гостиничный бизнес, ну короче управляющим;normal
а лучше с деньгами. и никто не заметит, кучерявый или лысый, дурак или умный;normal
насколько я слышала только ананас допустим. в картофеле много крахмала, какая же это диета будет?;normal
с планетой земля ничего. вся природа наконец востановится. человек на земле пришелец.;normal
для переноски тяжестей, ремонта сантехники, мытья посуды, стирки белья, готовки и вытирания пыли;normal
при помощи любимых занятий. картины, поэзия, проза, интерьер. теперь вот и куклы делаю.;normal
сначала военное училище закончить надо. отбор туда только после окончания училища.;normal
только если нынешние обладатели этих возможностей очень захотят от них избавиться.;normal
на первом, канешнааа. а че, кроме секаса еще че-нить есть в жизни путевое?;normal
неа. фантастика. просто многие мужчины обладают даром внушить это девушке.;normal
иши приключения только соседа уваж ну не ужто он плох не сначала уваж а потом на приключения;normal
потому что там баб нет. так пускай хоть телефоны поимеют, чем друг друга в задницу;normal
иногда конечно. бывает что видеть никого не хочется. свалить от людей подальше.;normal
да. тяжело и плохо. замкнутый круг какойто. и без мужчины плохо и с ним невозможно;normal
унесенные призраками ходячий замок хаула и многие другие полнометражки хаяо миядзаки;normal
мелодичный, звучный, красивый язык. а отношение ровное, такое же, как к фарси, например.;normal
я работаю переводчиком, мне нравится, но это на любителя, не каждому по душе;normal
сионизм родной брат фашизма, а в коломейском он еще и в уголовной упаковке.;normal
если у него за тобой вслед голова как подсолнух за солнцем поворачивается значит. нравишься;normal
ну я формулы наизусть не помню.просто ассоциация с фреонами была и пришлося гуглить;normal
аллергия в основном генетическая. а вот на мужчин-приобретенная жизненным опытом;normal
здравствуйте. вы задали такой интересный вопрос. на него очень трудно ответить. по фотографии, как правило определяется возраст, пол, какая внешность. нравится или нет человек. но характер по фотографии определить невозможно. если только, вы не экстрасенс.;normal
именно так. просто мужчины все без исключения эгоисты, поэтому и требуют.;normal
на рояле, на гитаре, на пианино, на контрабасе, а вот на скрипке не люблю, карты с нее падают.;normal
да я стараюсь по мере сил ни одного из них не упускать, а сколько проходят, этого не узнаешь;normal
и с этой проблемой тоже можно идти я в теории все знала, но на практике не могла разобраться с этим;normal
вот уж истинная правда. любить, значит, доверять. и ссоры будут не нужны.;normal
флюшка обязательна. а все остальное на хрен? как тебя это застрахует от рецидива?;normal
только покаянием. да, здесь я старомоден как, впрочем, и во всем остальном;normal
не занимайтесь самолечением. только врач может поставить диагноз и назначить лечение.;normal
норм. он ей карьеру делать не мешает. больше нам, родителям, ничего от него не нужно.;normal
я очень вспыльчивая и нервная. а еще переживаю всегда, даже по малейшему поводу, очень сильно;normal
да, кое-что было бы полезно не хотеть. однако еще большего все же хотелось бы хотеть.;normal
это от поганого характера почти всегда манипуляторы также и энергетические вампиры;normal
потому, что у них разный набор генов отвечающий за тот или иной признак.;normal
развитие качеств, раскрывающих различные грани. для творчества в общем объеме.;normal
что то вы такого плохого мнения о пенсионерах. все фуфло смотрят неработающие домохозяйки;normal
маленькая я еще чтоб детей рожать а там уж как получится, любому рада буду;normal
астрономический полдень по ним определяется абсолютно точно. остальное - с гимором.;normal
спокойствие и закаленные нервы или сама душа, не знаю пока не доходил до такого состояния.;normal
честность, нежность, доброту, характер, наверно это, трудно судить самой;normal
мои прадеды были репрессированы, поэтому у нас в семье не было пионеров и тем более комсомольцев;normal
знаешь юль ты уже вторая-предложение-снести агент и почту и переустановить, либо ждать;normal
из мужских украшений, в данную минуту, на мне только шрамы. если ты о материальном.;normal
понизьте уровень тестостерона с помощью лекарств. можно принимать некоторые лекарства, чтобы понизить уровень тестостерона, и, тем самым, ослабить половое влечение.;normal
не счастливее, но многие проблемы его просто не беспокоят, вот, как стать счастливым.;normal
она уже давно пропала ото всюду, проблемы с авторскими правами, игра есть на торрентах.;normal
я за ношение. у бандитов есть, у депутатов есть, у ментов есть. хочу играть на равных.;normal
дело в другом. бывает такое что всем кругом нету до тебя дела и не хватает времени именно на тебя;normal
на ио бурная вулканическая деятельность. иопланетянам не до межпланетных полетов.;normal
если я выходная, то часов пять, шесть в день могу сидеть, если планов других нет.;normal
большая часть силы в мужчине, чтобы нравиться женщине заключается в характере, уме, порядочности. быть самостоятельным, финансово независимым. физически крепким. выносливым. чтобы уметь помочь там, где требуется физическая нагрузка или оказать помощь по мужской части. чтобы семье быть в помощь, а не в тягость.;normal
вуз высшее учебное заведение. названий много институт, университет, академия;normal
тот круг который мы выбираем кое что конечно о нас говорит. но общество в целом думаю нет;normal
бояться, что не успеют все сделать вовремя, быстрый темп жизни приучает их к скорости.;normal
уже давно сообщ не приходят. пролистайте контакт-лист, и может заметите, кто удалился;normal
рекомендую читать все, начиная с античных произведений, интересно, красиво, необычно;normal
прекрасный мультик. вызывает воспоминания о детстве, когда не было заграничных мультфильмов.;normal
две недели, как начала работать. сделала вывод, что работать намного интереснее, чем учиться;normal
нет, это конструктивные элементы. а отделка это покраска, обшивка и т. д.;normal
я не могу привыкнуть к жесткости и стервозности этакой. женщина электрошокер.;normal
будете счастливы только в том случае, если попытаетесь сделать счастливым своего супруга;normal
хреновый, иногда по магазину прохожусь, как по музею, смотрю много, беру мало.;normal
недовольство своей жизнью, отношениями, работой, семьейразве материальное это все?;normal
просто хочешь, чтобы он был счастлив. независимо от того, что для него счастьем является.;normal
это веганы, не едят животный белок ни в каком виде, а вегетарианцы, рыбу, едят;normal
воздержитесь от близких контактов. если вы знаете, что эта девушка вас не любит, не позволяйте ей обращаться к вам за эмоциональной поддержкой или физической близостью. несмотря на то, что это может быть очень заманчиво, это лишь причинит вам боль. если она обратится к вам, вы должны найти в себе силы отказать.;normal
не надо их любить, привыкнуть можно и жалко будет с ними расставаться а любовников надо менять;normal
обычно все интеллектуальные женщины на деле оказываются распущенными извращенками без комплексов;normal
всегда надо проверять бабу в пастеле, а уж потом дружить. иначе женит на себе;normal
ммм. ну не то чтобы добрее, скорее спокойнее. хотя вроде почт равносильно во многих ситуациях;normal
у вас получится найти любовь свою. за это лето не уверен, но года через полтора. да.;normal
сама удивляюся. ниче не болит. и вши у нас не болеют, а врач лекарство прописал их лечить.;normal
жениться выходить замуж нужно на человеке, без которого жить нельзя. как правило, по большой любви. со временем романтика сойдет на нет, и тогда вы останетесь с тем, с которым можно жить.;normal
у меня был секес с армяночкой. класс, если бы не уехала, то обязательно женился бы.;normal
если киевляне перестанут их кормить пирожками и котлетами, то могут. куасть-то хоцця.;normal
т. к. деньги закончились будем питаться воспоминаниями съеденного вчера.;normal
в течении двух месяцев будут перемены и хорошие, и нечто новое войдет в жизнь. удачи.;normal
самый элементарный вариант перестать выносить девушке мозг это попытаться сделать так чтобы она вас поняла и самое главное услышала вас чтобы она понимала причину того что вы выносите ей мозг это как мужчины спрашивают чего ты от меня хочешь чего ты мне выносишь мозг тебе что заняться не чем это практически та же самая схема что и у мужчин вынести девушке мозг не обозновавши свои потребности а быть может мужчина просто напросто пытается таким образом привлечь ее внимание а она на вас ноль реакции но и реакции другой не будет и толку если не объяснив и не обосновав свои требования я думаю я все предельно объяснила ведь мужчины как и девушки как дети им нужно объяснять по нескольку раз вот так и со взрослыми;normal
стоит торопиться достичь своих целей, своей мечты, другая спешка не важна.;normal
обстоятельство создает причина. будь причиной. это создаст условие для обстоятельства.;normal
будут воевать между собой чужими странами. как раньше во вьетнаме, корее и т. д.;normal
когда я перестаю его стесняться. ну точнее веду себя абсолютно так, как дома с близкими людьми;normal
понюхать в юридической консультации о-о-о-оароматы вообщемто слушают, а не нюхаютда не важно;normal
да, потому что они милые, пушистые и ласковые. для меня ассоциируются с уютом и покоем в доме.;normal
не вижу лидеров. одни блюдолизы сша. а там, как известно, одни враги россии у власти.;normal
тем, что первые рвутся к власти, а вторые уже у власти. цели и у тех и других одни и те же.;normal
это значит, что горизонт на снимке не горизонтален. тоесть фотоаппарат был наклонен в сторону;normal
взять его за ласты и связать ласточкой и кататься на машинке, а иначе никак;normal
невозможно отнять шанс он есть всегда а вот как воспользоваться им это уже вопрос;normal
есть шансы. но. возможно это будет последнее, что он обо мне сможет узнать.;normal
существует версия, что мужчина должен опускаться на правое колено, как во времена рыцарей, ведь с левой стороны были ножны. так рыцарь демонстрировал, что он хуже защищен, потому что не мог быстро достать оружие и нанести удар первым. встать перед своей возлюбленной на колено показать свою покорность, благоговение и делать то, что она просит такая вот битва послушания.;normal
я заранее уточнил и на всякий случай.меня просто мало кто здесь любит, зато орать и гнать на меня. обожают это делать. :;normal
у меня есть целый список команд - достаточно нажать на кнопку со знаком вопроса;normal
на потенцию больше влияют-дурные мысли и повышенная внушаемость не стоит слушать-речи идиотов.;normal
востребованные женщины никогда не станут лесбиянками а рождаемся мы просто женщинами;normal
если паяльник держал-постав другой, нет-переходник, но надежность меньше;normal
так и делаю. почему-то большинство даже не замечает, что кому-то неудобно.;normal
на практике видно, что необходимое -всегда есть, а все без чего можно обойтись-оно и не приходит;normal
-во-первых, умерший герой - герой навечно, потому что он уже навек будет хранить создавшийся образ, и не испортит его реалиями - не сопьется, не будет бомжом, не станет домашним тираном. а живые люди, к сожалению, меняются, и иногда не в лучшую сторону. с;normal
вертикальными движениями. и не забывай о самых дальних зубах. в них всегда остаются частички пищи.;normal
аппарат снимает нормально хроматит, мылит, ну и фиг с ним а вот фотограф немного косоват;normal
я помню из физики равномерное и равноускоренное, неравномерное не слышала;normal
раньше в вытрезвитель на доску почета самого часто попадающего гражданина;normal
да, а хотелось бы быть брутальной роковой женщиной. но белочки остаются белками, коты котами;normal
у меня есть целый список команд - достаточно нажать на кнопку со знаком вопроса;normal
привет сколько лет, откуда будете, чем увлекаетесь и кем работаете или учитесь?;normal
от скачков давления и назначили это гипотензивное средство, назначают при гипертонии.;normal
незнаю но веб камеру я включаю когда она работает а наушники у меня постоянно в компе;normal
да, вес в основном от питания зависит и если ты ешь слишком много то спортом ты его особо не сбросишь;normal
я сто лет не голосовал. а если наоборот случится? нам с тобой стыдно не будет?;normal
и я. уже кучу всего запланировала и добьюсь своего, только бы не сломаться, только бы.;normal
сертифицированная биробиджанводоканал со вкусом спелой вишни и кусочками ягод;normal
скучно? это кому как повезет. можно и с одной всю жизнь прожить как на вулкане.;normal
тогда они могут протянуть дольше, чем нежели ничего не меняя в своей политике.;normal
йоу ты можешь идти работать на ферму там будет молоко, а дальше сам сделаешь сыр или творог;normal
в россии сильно только то. что помогает сидеть нашей власти. атеисты тут совсем не нужны.;normal
среди дур их тоже полно. по настоящему умной женщине хватит ума стервой не быть;normal
у меня с запоминанием имен вообще проблема. может у женщин тоже бывает.;normal
как правило прямолинейность говорит о честности, но не всегда. может человеку нужно чего-то такого от другого, что он начинает разводить демагогию. причем эта демагогия очень убедительна. к тому же он выбирает какие-то известные факты, но делает это, извращая их понимание и толкования, к тому же его разговор построен в императивном наклонении: ну ты же знаешь, что так и должно быть, - или, - ты же не будешь сомневаться, что так поступить правильно?!. то есть не всякий раз прямолинейность говорит о честности. с другой стороны, есть люди которые постоянно режут правду-матку. признаюсь, я отношусь к таким. я не боюсь их последствий, как правило, и поэтому если ко мне подкатывает с нескромным предложением какой-то неадекват, да еще и в состоянии опьянения, и начинает говорить всякие глупости, то есть он прямолинеен и честен. он говорит, что я ему нравлюсь, и он прочь бы со мной переспать. что делают девушки в такой ситуации? обычно, если в темном переулке, обидеться и убежать. особенно если она одна и ей некому за нее заступиться.;normal
можно. и с контактов можно. нужно установить спец программку. появится кнопочка сохранить;normal
я не пою, но могу включить песню, скажите фразу включи песню название песни;normal
огоя помню лишь первое поколение и и то из го только одного сима которого похители пришельцы и который родил двойню;normal
дарят тогда, когда любят, причем, независимо от времени года, дня недели, обстоятельств;normal
на девятой неделе это нормально, а вот то, что наоборот вес сбросили это плохо;normal
как очки подберешь так и дует. можно состарить, можно омолодить, можно оставить как есть;normal
какая разница? те что собираются в режиме сборки ckd, по качеству не уступают немецкой.;normal
привлечь мужчину близнеца гораздо проще, если вы знаете индивидуальные черты характера, которые астрологи обычно приписывают этому знаку зодиака. чтобы заинтересовать такого мужчину, вам следует тренировать в себе независимость, спонтанность и общительность. взаимодействуя с близнецом мужского пола, вы должны быть открыты к тому, чтобы пробовать новые вещи, посещать новые места и обсуждать текущие события.;normal
да ничего не будет максимум заставят в школе дежурить пару недель, в кабинете убираться;normal
нет, и вам не стоит, это еденичный случай. самолет самый безопасный вид транспорта.;normal
конечно есть как и у всех, но как правило все проблемы упираются в бабки.;normal
нее. лучше трудиться на любимой работекак говорили древние латиняне труд сам по себе наслаждение;normal
умным быть мало-надо еще мудрым. вот таковой себя и не считаю, а это важнее, чем просто ум.;normal
звуки голосов нынешних бездарных козлоголосых звезд эстрадного шоу бизнеса.;normal
бытие есть причина и поводиначе посыл. типа двигайся, ибо движение это жизнь.;normal
думаю, что если парень просит скидываться на коммунальные услуги, значит чувствует, что хозяюшка долго не задержится. не те отношения, в которые можно вкладываться даже по мелочи.;normal
нормальный на многое способен, но главное у вас узнать параметры красоты.;normal
их праздники как правило противоречат общечеловеческой морали и нравственности.;normal
ну зайди в настройки там в сааамом низу будет удалить мой мир без возможности восстановления;normal
скорее всего это произойдет этим летом или осенью в это время намечается банковский дефолт.;normal
и трехколесные делают и с коляской -любые за ваш счет но не в массовое производство;normal
это не астрология, а воспитание в семье. это не отражается в гороскопе.;normal
конечно, имеются. не смотря ни на что, любого человека сможет любить только мама.;normal
никак, а то мок заклюет. пожизненно запретит принимать участие в чемпионате сыктывкара.;normal
как относится мужчина к женщине, понять не сразу, но можно. можно понять, он использует женщину в своих целях и для своего благополучия, или нет. как это понять? а каков его вклад в развитие общей материальной базы, начиная с мелочей. видит ли он, чего не хватает в доме и самой женщине. если планирует с ней дальнейшую жизнь, то поможет быт обустроить и ей постарается сделать приятное. вот планирование совместных покупок в дом - это способ понять, рассчитывает ли он жить вместе в перспективе. пусть женщине понадобится срочно замена маленького холодильника на большой и надежный а что? холодильником и начнем проверять шутки то шутками, а ведь современные мужчины боятся строить серьезные и ответственные отношения с продолжением рода.;normal
есть куча профессиональных программных пакетов, заточенных исключительно под винду.;normal
когда захочется, тогда и ем независимо от времени года. люблю мороженое;normal
сон-благодать, чудесный сон счастья и мира всей семье, будет оздоровление и приятный отдых.;normal
млина я вообще как дурачка, иду по улице, вспомню вас и улыбась а люди уж нинаю че там думають;normal
именно так. а вот у авторов библии, особенно ветхого завета, мораль вообще отсутствовала;normal
не стеснительность, просто предпочитаю быть инкогнито.хотя есть участники которые меня видели, ктото даже пил кофе;normal
у евреев и снега зимой не выпросишь, а мусульмане стыдятся бедных родственников;normal
можно. только желательно отварить или запечь сначала. где вы берете сейчас молодой?;normal
раз в месяц с сыном ходим в александро-невскую лавру и хлеб с булочками церковный покупаем.;normal
хороший пароль, привязка у сотовому и никому и негде не регистрировать этот логин почты;normal
а я тем кого не помню как зовут, говорю дорогая и ласково и безошибочно;normal
не обязательно. у меня нижние удалены а верхние так и не выросли так в деснах и сидят.;normal
это определенный ритуал. нужно выбирать подходящий запах и мантру обязательно.;normal
если человек уверовал, то сердцу больше не нужно доказательств истинности того, во что веруешь.;normal
если их кто и лижет то наверное чистые ну и бритые канеш. а ты какие подмышки лижеш?;normal
я считаю, что когда делает предложение руки и сердца женщина-мужчине, это то на мой взгляд, даже не то, чтобы не очень то хорошо, это просто не правильно и наверное унизительно для мужчины. ведь это так всегда было и будет, что тот мужчина, который любит, обожает свою женщину всегда просит ее руки и сердца, проще говоря делает ей предложение-первым. в тех случаях, когда мужчина допускает того, что его женщина сама ему делает предложение, тем более, если они в месте прожили уже достаточное количество времени, то на мой взгляд такой мужчина в первую очередь не уверен в себе и своих чувствах, во-вторых таких мужчин можно считать либо альфонсами либо иждивенцами. конечно бесспорно в нашей жизни есть такие женщины, как альфа-женщины, которые всегда и во всем первые, в том числе и в этом случае, которые полностью все происходящее в их жизни берут на себя. я не думаю, что уважающая себя женщина, будучи даже в очень интересном положении пойдет ради того, чтобы удержать тем самым мужика на подобные предложения о замужестве. думаю, тем самым его не удержишь, а только больше оттолкнет его от себя.;normal
думаю что люди ненавидят маленьких детей, потому что тем свойственна черта пристально разглядывать взрослых людей, а кто то может не любит, когда на него пристально смотрят, ну или еще потому что маленькие дети своим криком могут сбивать взрослого человека с мыслей и не дают ему сосредоточиться на чем то, я таких людей вокруг себя не наблюдал, хотя мне самому иногда свойственно раздражаться, когда рядом со мной орет кто то мелкий и мешает мне сосредоточиться.;normal
развивайте крепкие взаимоотношения. хотя у вас нет девушки или парня, не забывайте о том, что у вас есть родственники и друзья, с которыми можно поддерживать отношения. в юные годы романтические чувства быстро проходят, однако отношения с родными и близкими сопровождают нас на протяжении всей жизни.;normal
ну там можно чет дешевле купить. мне вот сейчас пюрешки детские, там самые дешевые;normal
к сожалению уже не как. все баги прикрыли. ничего не поделаешь. играй честно;normal
электроны. дырки не частицы, а квазичастицы. движутся все равно электроны.;normal
друзьям вообше не стоит доверять так как продадут и сдадут -друзья скрытые враги;normal
вообще нет, просто часть спит или занята. тут обычно движение периодическое;normal
радикальными мерами как и все фобии, иначе можно всю жизнь сидеть бояться.;normal
после мыть волос, бальзамчик, такая же проблема была, а щас мягкие и шелковисты волосы;normal
я ем свинину. и говядину, и конину, и курятину. а вот баранину не люблю;normal
ае, ака, вот вам два калпака, чтоб наверняка, больше кофе меньше молока,;normal
займись спортом, ложись спать вовремя и меньше нервничай, пройдет проверено;normal
знаю и тех, кто испытывает и тех, кто ненавидит они сами ярко проявляются;normal
если бы со мной начало разговаривать зеркало, то я бы не в ответах сидел.;normal
вмсысле скрещивание? если вы имеете ввиду половой акт, то ничего не выйдет, клетки разные.;normal
носят, носят я сама в нашей раше видела дулин новую форму ввел на заводе просто бест;normal
я бы заменила рубашку на светло-голубую или белуючто бы акцент был на галстуке.;normal
если женское тело чемто не красиво. тогда да. стоит украсить плохо отношусь вобщем.;normal
хельсинкские соглашения. после развала ссср и расчленения югославии стали не актуальными.;normal
бог говорит с людьми не словами, а ситуациями. нужно научиться эти ситуации узнавать.;normal
если вуз серьезный и профильный, то обязательно. причем не только в нашей стране.;normal
это вы должны сами для себя решить а если мы скажем с крыши спрыгнуть или вложить все в эмемем;normal
это умение быть счастливым и позволять себе наслаждаться энергией жизни.;normal
позвольте себе чувствовать печаль. сердечные раны всегда болезненны. вы не можете игнорировать тот факт, что ваши переживания причиняют вам страдание. это означает, что вы должны дать себе время, чтобы прожить эмоции, которые связаны с душевной болью. с помощью этих чувств ваш мозг буквально говорит вам, насколько сильно произошедшее ранило вас. не нужно искусственно подавлять в себе эти эмоции.;normal
конечно могут. и я тому наглядное пособие. снаружи сама мудрость, а копнешь дура дурой.;normal
ну, отвечают, хотя и редко. а главное это повышает популярность проекта;normal
спасибо за беспокойство мне сейчас нормально. не жарко. достаточно удобно. тихо и спокойно;normal
сильнее и выше мелочных обид. просто не надо на них тратить свои нервы.;normal
укрепляет понимание единомышленников, а разрушает предательство близких людей.;normal
когда она перейдет на рыночную экономику. или найдется нефть на ее территории.;normal
никак. девушка перед понравившимся ей парнем всегда будет прикидываться дурой.;normal
ааааа ну я девочка в розовом платьичке в одной руке чупачупс в другой катана и все это на фоне кишков и кровищи;normal
от тех, кто ими не дорожит. от тех, которые в любой момент могут сами уйти.;normal
это мангуст, стоматолог в т. ч. для змей и герой-спаситель для птички-ткачика;normal
я лапшу еще снимать умею и губы закатывать тому кто сильно просит у меня машинка спецовая есть;normal
на современном этапе развития техники вполне возможно, что после третьей мировой войны никто не выживет;normal
для разнообразия-можно любить и одиночество, если знать, что оно временное.;normal
ухаживать согласно породе. вычесывать, подстригать, триминговать в зависимости от породы.;normal
начинаешь считать большое малым и вуаля и скромность сохранена и все такое;normal
вполне себе дают. кстати, когда своих рожу имя уже подобрала. гранислав а;normal
можно, но не на долго. знаешь, если долго дверь не закрывать сопрут ведь все.;normal
надо учиться жить без них-но в сердце и памяти их храня. время лечит. лишь слегка;normal
можно на дачах поискать, но лучше на бирже по трудоустройству, там случаются оказии.;normal
тирион, конечноя его больше по книге люблю в фильме он не настолько прекрасен;normal
может, но нефть это не только бензин, это много бытовой и химической продукции;normal
я пользуюсь темперной. еще подойдет акриловая для ткани осталась от увлечения батиком;normal
саши часто окружали и окружают, и любимый сашечка а женщины почему-то все с разными именами.;normal
ты меня всегда соблазняешь фотками я тоже теперь хочу кинуть, но это искать долго, к вечеру, может сподоблюсь;normal
если сила есть, она используется. что же будет удерживать руку соперника? святой дух?;normal
это естественно любовь это временное умопомешательство со временем проходит;normal
временная разлука полезна, ибо постоянное общение порождает видимость однообразия. к. маркс;normal
никак. как бы спокойна была бы жизнь без любви, как безопасна, как безмятежна, и как скучна;normal
надо выбирать камень самой доброй планеты, ее вычисляют по натальной карте.;normal
если только предсказуемостью, а так это очень даже не плохо, уверенность;normal
ну я могу порадоваться например дочери а так как день сурка и он бесконечен;normal
вкусную. не полезную, не калорийную или безкалорийную, а именно вкусную.;normal
запросто он может быть носителем, но внешних проявлений никаких не будет.;normal
сколько лет тому сводному брату? был ли он женат? если ему лет - и он всегда был сам по себе, то скорее всего он с вами побудет в отношениях и потом дальше останется свободным мужчиной. а у вас будет сломана жизнь.;normal
нормально себя ведет анаэробный герметик. а тефлон вообще не используем.;normal
лично знаю одного мужика кому пришлось ублажать жену что б она подарила ему спинингъ. так что, натурой и мальчик то же можно отплатить;normal
ценное для приобретения дружба и верность. ценное при потери здоровье и воздух;normal
секс похож на бокал вина: возбуждает, пьянит и слишком быстро кончается;normal
не только секс но и деньги если у тебя деньги кончатся ты уже ей будешь не нужен;normal
а я куда хошь в темноте пройти могу. я искры из глаз выбивать умею. лучше всего у спутника;normal
меню-настройка каналов-автонастройка, если порядок устраивает-смотри, нет, то еще-сортировка.;normal
сколько лет, откуда будете, чем увлекаетесь и кем работаете или учитесь?;normal
для профилактики заболевания и поднятия иммунитета, это чтоб организм, сам боролся с инфекцией,;normal
скорее наоборот. агрессию можно выплеснуть лишь на кого-то. а если рядом никого нет?;normal
главное здоровье -чтоб заработать деньги и мозг -чтоб правильно потратить;normal
нет конечно. даже если судим ранее, то что? разве нельзя на права учиться?;normal
мне нравятся когда у парней карие глаза, а у девчонок зеленые, я б сама с такими ходила;normal
желание хоть от кого зомбироваться, видимо. по большому счету не нужна.;normal
потому что если она будет некрасивой и неухоженной ее интеллектом никто не заинтересуется-;normal
выпить нужно все, что на столе у хозяев, чтобы потом не было мучительно больно.;normal
без взаимности секс. полное скотство зато при взаимностииииии-нет границ невозможного;normal
на все четыре стороны. но больше всего я люблю наблюдать из окна рассвет над озером.;normal
мужчины сильнее женщин, в большинстве своем они доминантные личности, их сила как раз и проявляется в доминантности. это природный подсознательный инстинкт побеждает сильнейший. это действует и на людей, они ведь тоже биологические существа, но некая человечность личности смягчила этот закон природы до уровня доминантности, которая проявляется у каждого человека по-разному.;normal
много какие породы нравятся. всех и не перечислить. а люблю своих беспородных;normal
я не запойный. а когда и было. то пока не появится аппетит не ел и не пил. а потом супчика.;normal
прочитала вашу историю. так как он звонил, поздравил, поинтересовался есть ли парень или нет, и отправил фотографии, значить все еще любить вас. из за армии он сказал вас такие вещи. не расстраиваетесь, он вернется.;normal
в доме быта в меховом отделе. если возьмутся. дома только валиком и масляной краской.;normal
поищи на сайтах со старыми играми. раньше игры были лучше, правда графика не очень была.;normal
грамотный психолог может создать из ничего образ политика. даже если он им не является.;normal
от гормонов щитовидки. увеличение, равно как и уменьшение, небезопасно.;normal
потому что в стране создана система, при которой гос-во помагает толстым давить жир из тощих.;normal
если муж дома готовлю, а для меня одной кофе и бутер на завтрак достаточно.;normal
вот так совсем и не работает? не качает или не запускается? может, просто пиров нет ни одного?;normal
интересно, что вы понимаете под словом правильные? хорошие девушки есть везде и всюду! надо только приглядеться. но наша жизнь устроена так, что мы обычно проходим мимо таких девушек и просто их не замечаем. и еще по природе или еще по каким законам не все девушки и парни нравятся друг другу. удачи вам в ваших поисках! советую сходить на выставки или музей, в театр наконец. успехов и благополучия!;normal
многие женщины прощают измену своим мужьям, потому что остаться одной с детьми еще страшнее, чем гулящий, но все-таки свой родной муж. российские женщины обладают таким долготерпением, которое трудно где-либо в мире отыскать. очень часто женщине просто некуда уйти, а если и найдется куда, то материально не прожить, независимость нынче стоит дорого. вот и терпят годами, временами жалуясь, и создавая видимость крепкой семьи.;normal
если есть возможность обращения в личку, можно попробовать спросить, что же случилось с ее мужем, ведь он, скорее всего, был еще нестарым человеком.;normal
о, офигенная тема. там же еще параллельно продолжали щемить индейцев с территорий;normal
у меня обычное телосложение, улыбаюсь редко, мобильник терпеть не могу, валяется фз где.;normal
можно сходить в кино, можно в парк погулять, а можно в кафешке посидеть;normal
ничего, настройки не дефолтные, поэтому от балды тесты, как мерятся писюнами не ясно.;normal
с хорошими детьми родители счастливее. если нет проблем значит, хорошо воспитали.;normal
травка зеленеет, солнышко блестит, ласточка с весною в сени к нам летит;normal
да, бог сотворил его по своему образу и подобию. в дальнейшем они уже вместе все создавали.;normal
любая с канала культура, хотя бы там наверное еще нет пропаганды и лжи.;normal
они панки, только старые. их сейчас уже почти никто не слушает. а жаль.;normal
с пк ничего не будет, а игра может подтормаживать на высоких настройках;normal
ну а женщины также-в хорошие руки с хорошими мозгами вкупе, плюс на хороший куй;normal
надо нормально денег за линзы отвалитьили будет выглядеть ужасно толстые линзы на тонкой оправе;normal
смотреть фильмы, слушать музыку, сидеть вк, играть в игры в интернете, спать;normal
потому что дочери выходят замуж за богатых. а сын как был раздолбаем так и остался.;normal
я кароч делал паспорт через них и теперь они меня заебывают, что срок паспорта истек. блять. как так?;normal
я думаю, что просто общаться, даже в обычной жизни будет не слишком интересно. более высокий уровень общения возможен при обсуждении тех или иных тем, тех или иных жизненных вопросов. и как раз сайт бв дает такую возможность.;normal
ошибочное мнение надменные это глупенькие женщины и до красоты там далеко;normal
экономить, это не мое, я транжира. зато умею расставлять приоритеты и следовать целям;normal
окей. обязательно. сейчас просто по делам надо ехать, пить нельзя. но пахнет збс.не удержался, открыл, понюхал;normal
все дети рождаются безгрешными. авраам родился от отца-язычника, идолопоклонники.;normal
а достойные что при любой ситуации улыбаются? это как то на глупость смахивает. ведь все зависит от ситуации, к примеру у вас полоса неудач и понятно вы будете обижаться на жизнь. другое дело, то что надо бороться за счастье на земле. и с человеком, если он плюнул вам в лицо, вы не обидитесь? тогда вы просто кремень. поэтому недостойной личностью называть человека который обиделся не верно.;normal
существует, когда-то проводил на ней подсчет тироцитов, но не помню как она называется.;normal
а ты женись жена тебя такими фокусам покусам обучит. и покажет. сам обалдеешь;normal
ну лучше гайца знакомого попросить. и с учета снимать лучше с хозяином вместе.;normal
глобально, или персонально? если я безразличен, то плачу той же монетой.;normal
совесть не мешает совершать дурные поступки. она мешает получать от них удовольствие.;normal
пытаюсь найти зерно правды. правда часто облачается в одежды лжи, чтобы быть не слишком горькой;normal
а что делать с хабалками? стараться не пересекаться с ней и игнорировать ее и ее общество. нормальный человекне быдло, долго не протянет с такой мадам. перевоспитать взрослого человека уже не получиться, да и надо ли тратить свое время на всякое хамло? девушка является хабалкой из-за отсутствия нормального воспитания, поощрения, безнаказанности и внутренней злости.;normal
посмотрим, посмотрим, насколько симпатичный, может и номер телефончика дам;normal
а сердце оно думать не может, оно или любит или нет. если любит то мешает мозгам думать;normal
так ведь ей по сюжету лет поэтому и поведение у нее соответствует ее возрасту так сказать;normal
привет сколько лет, откуда будете, чем увлекаетесь и кем работаете или учитесь?;normal
к ним не отношусь, но в рамках ролевых игр, можно проверить актерский дар.;normal
в машинах, я к футболу, как старик хоттабыч, дал бы каждому по мячу и пусть гоняют.;normal
смесь мазохизма с потребностью в покровительстве. в принципе, это рядом.;normal
я считаю-да. хватит выпендриваться, об учебе надо думать, а то нация стремительно тупеет.;normal
не знаю, но мне говорят, что у меня не нервы, а воловьи жилы. и морщин тоже нет;normal
никак. твоя правда вот и хожу вся влюбленная в своего мужука виноградного;normal
вы свой газ продаете кому хотите не спрашивая, мы тоже сало и оружие продаем, кому хотим.;normal
с усталостью. безразличие не может быть вызвано извне. оно всегда идет изнутри.;normal
малыш с бородой или усами. или вообще лысый звучит прям. мило аазхахаах;normal
с точки зрения оптики ни тот ни другой цветом назвать нельзя а с чисто человеческой черный.;normal
заходишь в ленту, там есть кнопка настроить ленту, потом снимаешь все галочки и сохраняешь.;normal
а я готов. всегда готов. пускай нападают. броня крепка и танки наши быстры;normal
у меня есть целый список команд - достаточно нажать на кнопку со знаком вопроса;normal
мне кажется белковый крем взбивают не с сахаром а с пудрой или даже с сиропом. точно не знаю.;normal
если нравится чужой мужчина, сделай своим, и поймешь, что лучше бы он оставался чужим.;normal
мдя, ну я такая. при наличии трех сыновей. ну фиг ли сделаешь? пока муж сам не снимет, я тушуюсь.;normal
развитие это приобретение нового, а совершенствование это новое доведенное до автоматизма;normal
раньше пила витрум не плохие витамины, а сейчас решила попробовать компливит. мне нравится.;normal
со всех людщей самые жестокие дети а так. люди хищники, отсюда и жестокость но люди все разные;normal
отсутствие крепкого мужского плеча и жизненные неурядицы. очень закаляют.;normal
я думаю, что не стоит соглашаться на свободные отношения. ведь ни к чему хорошему это не приведет. в свободных отношениях ведь кто-то может влюбиться, а потом будет страдать. но если у вас нет никаких чувств к этому человеку, то можно конечно вступить с ним в свободные отношения.;normal
ну, наличие внутренних паразитов возможно. главное, как они туда попали;normal
еще больше человеком. всегда есть куда стремиться и развивать человеческие лучшие качества;normal
самое верное и самое правильно решение в данной ситуации, это сократить совместное времяпрепровождение со своей свекровью. а лучше совершено исключить его встречи только по праздникам в большой компании, что бы на вас было меньше внимания от нее. потому что будет только хуже когда вы в ответ начнете так же вести себя и не заметите как к ее годам превратитесь в такую же токсичную женину вапм.;normal
в воскресенье выборы мера пойду до этого из-за возраста не пускали бе-бе;normal
кроме валенок и бигудей ниче не надевай, прынцесса мы выезжаем. на мну если че часы будут.;normal
скорее всего чувствовать другого человека получается на уровне подсознания;normal
да такое иногда бывает, я думаю лучше всего сьесть что-нибудь легкое и не мучиться до утра;normal
в обувном магазине есть прекрасный спрей для растяжки обуви. срабатывает за один раз.;normal
а я привык платить или подарками или деньгами или потраченым на это занятие временем;normal
если ваше большое будущее осталось в прошлом, надо ожидать в будущем светле надежды прошлого.;normal
посоветуйся с сальери, он дока в деле отравления творческого контингента.;normal
которые не любят светское высокоинтелектуальное общество ольги бузовой и ей подобных;normal
обратитесь в едро там вам дадут проголосовать, причем неоднократно. да еще и денег дадут.;normal
для меня это взаимное чувство двух людей, которое связывает их духовно и физически;normal
тут нельзя дать однозначного ответа. у каждого мужчины свои вкусы. скажу коротко о своих: привлекательная внешность, стройная, ухоженная, пользуется косметикой, ярко одевается я бы сказал даже вызывающе. не курит, пьет в меру по праздникам пиво, вино, шампанское, но не водку или самогон, не хабалка т. е. не матюкается, в драку на соперниц не бросается. немного пошленькая. имеет чувство самоуважения, т. е. не позволяет себя унижать или издеваться кому-либо, включая своего партнера.;normal
в этот раз союзнички обомлели сша страна, которая пнрвая закрыла свои границы от других стран.;normal
брат, тут у многих два мнения, свое и неправильное. проще быть дурачком;normal
я не напрягаюсь что бы потом не расслабляться, потому что в нашей стране расслабляться нельзя.;normal
психиатры между собой вапще не дружат и не общаюца не интересны друк друкуздравствуй девачка;normal
вам, что разве мало ника крестного отца, хотите еще и духовным лицом стать?;normal
вы что, доктор айболит не читали? его даже пираты боялись. женщины просто чаще верят мошенникам.;normal
так у меня с телефона раздача на ноутбук включена была с мобильного интернета смотрел. благо безлимит.;normal
отдыхать, высыпаться. найти время в выходные на прогулки по лесу, с друзьями например.;normal
жись в кайф качаешься на волнах, а не в кайф, судьба быть битым о скалы.;normal
конечно дом, правда в доме очень много работы, чтобы содержать его на должном уровне.;normal
потому что это против природынельзя вмешиваться в организмлучше воздержание;normal
без тех же матов опасно все, даже кувырки обычные вперед но видимо это тебя не остановит;normal
женщины выбирают плохих мужчин, потому что хорошие давно выбраны и живут в семье или выбирают сами, в случае необходимости. то есть - выбор невелик. совершенно непонятен вариант выбора женихов из мест лишения свободы - не потому, что не смотрят на них чистоплюйки - все помнят, что от тюрьмы до сумы - и так далее, просто доказано уже многими примерами, что толку от таких знакомств - ноль нормальных отношений не получается, потому что психика у таких людей сломана - и лучше женщине быть одинокой, считаю, чем медленно себя уничтожать. выбор же альфонсов можно оправдать - все, о чем мечталось и желалось - реализуется, женщине трудно не поверить во все эти сказки, которые альфонс рассказывает часа в сутки - поэтому выбор падает на этих лжецов. нормальные есть, но и жены у них тоже нормальные. а выбирают плохих мужчин еще и потому, что каждой женщине хочется семью - да и на лбу не написано, что он плохой.;normal
вызывает ли у жирдяя отвращение аппетитнейшая куриная грудка с кетчупом? и да, и нет.;normal
да, тоже стараюсь на нем не читатьно научное чтиво дается не всегда очень легко;normal
у меня есть целый список команд - достаточно нажать на кнопку со знаком вопроса;normal
люблю за то, что они есть. а как берегу? стараюсь поддерживать и не расстраивать;normal
а на своей не хоца? а то смотри. можем пожениться по быстренькому, погулять, а потом разбежаться;normal
после клинической смерти еще можно вернуть к жизни, а после биологической только в кино;normal
электролиз, но затраты превзойдут все твои ожидания. так что шура пилить не нужно.;normal
потому что они верят во всякую хрень, впрочем как и любые верующие в несуществующего бога.;normal
я думаю по прекрасному алгоритму logicchain, который разработал дмитрий журавлев;normal
если после каторжного труда, еще хорошенько походить по врачамможно добиться инвалидности.;normal
о себе настоящем. и большинство людей молчат о себе даже сами перед собой.;normal
акула похожа на всех женщин, когда они добавляют статус тещи или свекрови.;normal
тогда почему пизда пиздатый хороший , а хуй хуевый плохой ? чем хуй хуже пизды?;normal
девушки не все, но очень много считают, что парни им должны просто потому, что они девушки. они слабый пол, а значит, им якобы позволено заставлять парня вгонять в разные долги, строить из себя этакую королеву, вокруг которой и для которой все должно делаться просто по природе своей. типа, я родилась девушкой - и этого достаточно, чтобы ты - парень - все делал первым, все для меня, а я там подумаю, поломаюсь, тебя помучаю, ведь я же девушка.;normal
посадить еще хотя бы три, чтобы стыдно не было. блудить. или все-таки блуждать?;normal
причины поведения парня могут быть абсолютно разными. вероятно, он вас не заметил и просто закрыл шторы, ибо ему было слишком ярко. или заметил, но захотел пошутить над вами, аля меня здесь нет.;normal
деня, денечка, денюля, деняша, денька, денюлечка, денюшечка, денюли-муси-пуси;normal
хорошо. хоть без толку. но трахаются же. значит есть надежда что что нибудь получится;normal
поэтический журнал арион многое нравится. особенно публицистика и критикав инете хуже.;normal
заняться спортом. баскетболом, волейболом. а вообще, мужчины позже девушек вытягиваются.;normal
hello world навсегда забанил полинаreason: несоответствие возрастному ограничению;normal
на мясо. если голодные. а вапще. любимых не выбирают. их им ангелы дарят.;normal
вот такая музыка и такие клипыа вообще слушаю абсолютно все кроме русской музыки;normal
можно найти учителя можно самому читай и пробуй можно получить в наследство дар.;normal
вас ждет изменения в отношениях в лучшую более серьезную сторону и совместное путешествие;normal
положить и запечь с чесноком или салом. с тем что есть тут и рецепты не нужны;normal
если друзья никакой тусни не намечают, вааще офигенно работы мало, начальства нету. мечта.;normal
мне больше по душе компания хороших друзей, на свежем воздухе, с шашлыком и холодной водочкой.;normal
напрасно. весьма многообещающий актеродин из немногих за кого не стыдноэто неданила казловский;normal
вообще-то слышала другую версию. все болезни от нервов, только сифилис от любви.;normal
я покупала в аптеке. мне не помогло. против седины. давно пользовалась.;normal
корпус и есть радиатор, да и кулер во многих моделях все таки есть, хоть и небольшой;normal
если уж договариваться так с марьей искусницей. у нее кровать тоже не холодная;normal
неравнодушен. без корысти. душевной полон теплоты. но свет души его и мыслейвнутри не каждому видны.;normal
хотелось бы верить в реинкарнацию, поэтому. сынком какого-нить миллиардера;normal
то что боится смерти в вас, в любом случае смертно и о грехах ему нет смысла задумываться.;normal
украина тут не при делах, все решения принимаются за бугром. донбасс воюет против сша за россию;normal
любовь приятна всем, но некоторые хотят умереть, чтобы потом от нее без остатка избавиться;normal
наверное, не смогу причинить намеренно физическую боль. про моральную молчу.;normal
если вы ищите работу, то работ полно. а если ищете хорошую зарплату, то тут без связей тяжело.;normal
"и это ты называешь простым вопросом. не так уж просто сказать в двух словах. это создание нового - но не всякого, а лишь по-настоящему нового; появление новой идеи";normal
хендай машина неудачников обиженых жизнью и дибилов из опыта. лучше киа посмотри.;normal
а сладкое можно? выпечку? на булочках с маслом, запитых сладким чаем, потолстеете;normal
причины для измены всегда найдутся, а точнее сказать, поводы. в любой паре, с любым стажем совместной жизни, или даже еще до создания семьи. но, однако, изменяют не все, а лишь какая-то часть, и мне очень хочется думать, что эта часть - меньшая. отсутствие совести - вот основная причина измен, когда человек дает себе мысленное разрешение стать предателем, соблазнившись или соблазняясь постоянно, не в силах противостоять искушению, теряя силу воли и отдаваясь наслаждению от новизны приключений. замечу, что женатая и замужняя часть общества, не могут жить так же, как холостые, имеющие свободу выбора. хотя на деле многие приличные семьянины так живут, меняя партнеров, что лично для меня не совсем понятно и совсем не приемлимо.;normal
до верхней метки на щупе. сейчас уже тепло, масло может в какой то степени охлаждать двигатель.;normal
наверное затем же, зачем одному человеку иметь много дворцов. от мании величия.;normal
не, ну если мало одной пиз. и, е. и все что движется, независимо от близняки или. хех;normal
нет, у женщин сексуальной зависимости от мужчин нет. у них лишь иногда появляется легкое желание заняться сексом. это происходит при авуляции клетки. все остальное это - показуха, ради того, чтобы получить от мужчины то, что им нужно романтика, деньги, помощь и т.д..;normal
если че присылай мне одного я ему мастер-класс по половому терроризму преподавать буду;normal
к аквариуму еще нужно кресло и травка. вот уж тогда вас точно ни кто от аквариума не оторвет.;normal
когда выходишь на сцену и кланяешься, нужно сказать, смотря в пол да пошли вы все на.;normal
если с условиями, то ищите способы купить машину и готовьтесь к ее очередным требованиям, а в противном случае - уходите от девушки сами, поскольку в данном случае, отношений, любви, счастья - нет и не будет.;normal
деньги, паспорт, билеты, купальник, два платья, очки, шорты и так по мелочи пару чемоданов;normal
для начала медитации. научись входить в измененное сознание. только потом астрал.;normal
если она не хочет значит не надо, какой смысл жениться а потом через время розойтись?лучше найти ту которая этого желает именно с тобой.;normal
все. совершенно все. и всегда. так что излучайте любовь и позитив. и это все вам вернется;normal
можно говорить о любви столько, сколько хочется и не только говорить, но и напевать.;normal
да они да же не проверялись, просто с конца ничего не капает вот и думают что здоровые.;normal
хороший мастер александр ворон, живет в кольцово. аккуратный и делает очень хорошо.;normal
ну не авторитет скорее а показатель прошаренности. некорректно высказался;normal
я. не забочусь, поскольку готовлю сама. на всех угодить- о себе не вспомнишь.;normal
щи, канешно, хорошо, борщ неплохо тоже. а я родину люблю. и каклеты тоже;normal
я не бреюсь только, если дома никого нет, а т. к. все дома, то неприлично ходить как моджахед;normal
может, потому что королевы тоже бывают слепы и глухи или от рождения или от жизни;normal
с торрент трекера. ну набери в поисковике торрентино и выбирай что хочешь.;normal
вглядывайся в пустоту не глазами а ощющениями, и найди там полное удовлетворение;normal
признаков много. но диагностика легко делается с помощью компьютерной томографии.;normal
нет, нисколько. а черная дыра на видео явная подделка, такое еще не снимали на камеру;normal
левша. но не во всем. пишу правой, ем тоже, а вот например камень кидаю левой уже.;normal
ну кому вред приносит то что я привык ежедневно спать с другой, это скорее бюро добрых услуг;normal
ну не стареешь, а взрослеешь. вещи разные, как ни крути. а душа просит, лишь понимания.;normal
конечно есть, но мне больше нравятся русские девушки и украинки, потому что они смелые, красивые и умные.;normal
нет. надо, во-первых, самой быть духовно богатой и физически привлекательной.;normal
ну смотря что за мужчина.мужчину очень легко можно купить лестьючем некоторые женщины и пользуютсяа потом использовать это в своих целях при этом не отдавая своему мужчине ту отдачу которую он совершает, и конкретно такие женщины лично у меня вызывают отвращение.к сожалению я с такими женщинами сталкивался в личной жизни и поэтому знаю на своем горьком опыте что говорю.не берусь говорить за всех мужчин, но женщины именно с такими качествами вызывают отвращение лично у меня.;normal
все познается в сравнении. если ты не попробуешь худшего, то как ты добьешься лучшего?;normal
да, очень и большие и маленькие приятный на ощущения смотря на сколько расчитываешь?;normal
ложь конечно, но это придает обществу некоторое веселье, и некоторые изменения в бренности бытия;normal
секс как информатика без практики теории не понять, так что и того и другого хватает;normal
посуды? хм. даж ненаю. я люблю свою кружку большую только из нее чай-кофе. ну и т. д.;normal
три. трусы майка и фуфайка. ps одно без другого никак, а все вместе костюм тройка.;normal
и очень сильно, сейчас начну нагружать процессор и раскручивать жесткий диск;normal
радоваться гибели людей может только укр. но радоваться гибели шенгенцев им запрещено;normal
йа обычно, без трусов по квартире хожу. варежку на куй одеваю и иду открывать.;normal
приобрести в соответствующих органах. а купить там же, но имея хороших знакомых.;normal
нее. спасибо. там рассчитывать трюки нужно. формулы всякие. и платят мало.;normal
делали первую ночь любви с миллионом роз и дорогим номером в отеле. это не забываемо;normal
если немного, то подымит и просрется, если много, то надо все сливать и промывать;normal
разве можно отказать, девушке с веслом, и к тому же не храпит, приходи, рискнем.;normal
любой парень может познакомиться с девушкой. тебе просто нужно перебороть комплекс стеснительности. выведи причины чего ты больше всего стесняешься, и пытайся их раз за разом устранить. да, будет неловко в те моменты, но в дальнейшем ты их даже не будешь замечать. девушки любят смелых парней.;normal
и я обожаю, а еще гулять с любимым под зонтиком романтика. а у нас солнышко, завидую вам.;normal
у меня есть целый список команд - достаточно нажать на кнопку со знаком вопроса;normal
не поверишь даже если ты меня не покинешь все равно моя любовь будет к тебе расти целую дорогая;normal
если почаще тампончик менять и подмываться пресной водичкой каждые пару часов, то ничего.;normal
вина здесь на неопытности обоих и неумении выстроить быт так чтобы каждому хватало времени на себя. ведь не секрет что и мужчины дурнеют после брака. посудите сами женщина в браке проснувшись с утра должна приготовить завтрак плюс собрать себя на работу, в обед обеспечить мужа обедом, если он не ест в столовой, и на ужин придя с работы она опять должна что-то готовить. а если есть дети, то времени на себя совсем не остается. потом женщины к этому режиму привыкают, а на внешности любая измотанность плохо будет сказываться. поэтому если хотите дать своей женщине время на себя, чтобы она была в форме, дайте ей это время и не бойтесь помочь ей по мелким бытовым вопросам.;normal
история, юриспруденция, например. егэ по математике на эти спец-ти не нужны;normal
а я уже и занимаюсь беготней бегом и волейболом. и еще лелею мысль заняться парашютным спортом;normal
лучше из фотоарбалета ну, или фотоглушитель к фоторужью присобачить надо ночь на дворе;normal
нет. потому что человек рожден не для страха. что-то же стало причиной страха. или кто-то.;normal
надо сушеные грибы замочить на ночь в молоке тогда вкус почти как у свежих;normal
трясись и держись за нее как утопающий за соломинку. потому что у некоторых нет и этой радости;normal
мой самый заурядный. аську использую не для любования ее номером, а для общения.;normal
стихи пушкина, серьезные мысли от достоевского, а, реально хочется туманы -маны, завидую.;normal
я слушаю советы тех, чье мнение авторитетно для меня. а остальным. на зло;normal
думаю профессия медсестры, они частенько на голое тело халатики одевают;normal
очень редко. если дам стараюсь чтоб были печенье или что-то такое не сильно-действуйшее;normal
начнем с того, что молодые девушки такие истеричные не все, далеко не все! просто изначально есть девушки с горячим темпераментом, которые реагируют например на обидчика моментально, в то время как девушки с более мягким темпераментом подумают или проигнорируют. и каждое такое поведение будет правильное, по тому что все принимают решение в зависимости от своего опыта и так чтобы было менее травматично для них.;normal
с ними бует все окей а вот рублю хана. сликом много денег у народа надо его разгрузить;normal
а ты не летай в херсон на ужин, завтракай в лондоне, а ужинай в париже и спи на рублевке.;normal
что бы вес уходил с бедер и живота то нагрузки лучше давать в вчернее время не за долго до сна;normal
не хожу. пою дома, что душе нравиться что-нибудь из английских песенок с текстом перед глазами;normal
отличное место для запуска позитива в эфир иногда даже получается кому то помочь.;normal
я красивая, но абсолютно не стерва. для меня стерва это та, которая падалью питается.;normal
каждый выбирает для себя. жить с принципами или без оных. и ведь каждый прав в своей правоте;normal
закончить отношения, в которых вами манипулируют или пытаются контролировать, может быть даже сложнее, чем состоять в них. даже если вам кажется, что у вас не хватит смелости положить этому конец, или что ваш партнер не сможет без вас и пусть даже он постоянно обижает и ранит вас, вы не начнете жить самостоятельно до тех пор, пока не положите конец таким неравным отношениям. и если вы действительно хотите это сделать, вам нужно заранее подготовиться, обдумать план и действовать последовательно. самое важное набраться смелости.;normal
есть в магии ангелов интересный ритуал как поменять характер в лучшую сторону;normal
молодая девушка мечтает изменить фамилию, семейное положение и мужу. конечно верю.;normal
потому что они дают нам представление о том как жили и работали писатели, которыми мы гордимся;normal
есть такая фирма утконос. доставляют не только продукты, но и промтовары. поищите в гугле;normal
навязывают свое мировоззрения, а несогласным с их мировоззрением, говорят, что они попадут в ад.;normal
осенью всегда какое-то щемящее чувство на душе. и терпкий, ни с чем несравнимый запах.;normal
к счастью или сохранению счастья нужно заставлять себя стремиться к лучшему, и работать для этого;normal
тренируй память. учи стихи, пересказывай что-нибудь, может купи витаминный комплекс;normal
они думали, что если путин дал приказ не штурмовать, то пиздюли для них закончились;normal
получится, только прилизанно, если захочешь объема, то лучше подкрутить или сделать гафре.;normal
что я могу сказать про себя? если мне песня понравилась, то слушаю и по сорок раз.;normal
отзывчивость, искренность и просто хорошее отношение ко мне. очень ценю. и отвечаю тем же.;normal
а зачем выносить? есть много других способов психологической защиты от недовольства ситуацией.;normal
нет. это точно-не любовь. любовь-слепа, глупа и романтична. утрирую. чуток.;normal
верить в его существование, не ожидая узнать есть ли он на самом деле. слепая вера;normal
люблю конечно. я по жизни таки сладкоежка. мед люблю светлый, желательно донник, кипрей.;normal
детей у меня пока еще нет. да у меня самого и дневника то нет. и я этому безумно рад;normal
сохранить любовь на долгие годы позволяют чувства, отношения между людьми и эмоции, которые эти люди испытывают друг к другу. если в отношениях все нормально, взаимно и с пониманием, то и чувства и эмоции и все остальное будет в ажуре долгое-долгое время. надо относиться друг к другу с трепетом, как-будто твой партнер в любви хрустальный, что бы не нанести вред ни ему, ни тем отношениям, которые между вами существуют. а слова - это всего лишь механизм, при помощи которого вы воплощаете в жизнь свои чувства и эмоции. следует использовать те слова, которые приятны вашему партнеру, те которые не ранят его, а наоборот поддерживают и помогают почувствовать ему себя единственным для вас и неповторимым.;normal
работаю в частной компании, работа норм, в одной и той же компании уже лет как они со мной мучаются;normal
чаще всего, так называемая женская озлобленность либо раздражительность, связаны, прежде всего, с физиологическими особенностями женского организма критические дни, климакс и пр. либо имеет место психоэмоциональный аспект неудовлетворенность в чем-либо: в своей внешности, в непонимании со стороны окружающих, в невозможности реализовать какие-то свои потребности в той мере, в которой они ей необходимы, возможна также сексуальная неудовлетворенность имеет место быть.;normal
мне по фиг что там кто-то кому-то дает. у меня своя жизнь. не отвлекаюсь.;normal
никак, слава богу черную дыру не создали о которой говорили при строительстве.;normal
впасть в кому или же не есть и не пить, потерять всю жировую, мышечную и мозговую массу. удачи.;normal
если мужчина муж, то предпочтительней первый, а если любовник, то второй;normal
а должна что ли? за всю беременность грудь болела единожды во втором триместре. и все.;normal
нет. ни на первой, ни на любой последующей вязке. незачем плодить беспородных, больных щенков.;normal
это разные понятия для каждого отдельного человека. а мужчина или женщина особой разницы нет. зато есть большая зависимость от возраста. ну, например. давайте условно назовем раза каждый день стабильным сексом. так вот, для одной девушки это может быть слишком много, для другой слишком мало, а для третьей в самый раз. но и для юношей тот же расклад. а вот какой юноша с какой девушкой сойдутся, это как бог даст. может получится, что юноше мало, а девушке много, но может и наоборот. а вот, если у обоих совпадает, то наступает условная гармония. почему условная? потому что и в процессе жизни потребность в сексе меняется. чаще в сторону уменьшения. но, например, женщина, только в например лет только познала оргазм, вполне увеличивает и свою потребность, т.к. качество секса возрастает. то же происходит и со сменой партнера. лучше партнер - больше потребность, новый партнер - больше потребность. и т.п. а само понятие вне зависимости от индивидуальных особенностей человека, наверно, одинаково. мы же люди вне зависимости от пола.;normal
девушке стоит выходить замуж за того кого она полюбила и не важно сантехник он или принц на белом коне. разумеется до тех пор если это не брак по рассчету. хотя даже в этом случае тоже рассчет может быть в пользу сантехника. ну какой принц кран починит, стиралку или бойлер подключит? так что стоитвыходить за сетехника и за электрика, вообще за любого кто ей нравится и может что-то длать своими руками;normal
это решать прежде всего велику надеюсь, что пойдет, он пригодится команде и очень ей поможет;normal
дак они же разные, ну я весы. а из известных глянул путин, есенин, ван дам, бунин.;normal
у меня есть целый список команд - достаточно нажать на кнопку со знаком вопроса;normal
мужчине нравится, когда женщина одета в горошек при условии, что для него самого такая расцветка привлекательна или же если девушке подходит подобная одежда. все зависит от личных предпочтений.;normal
смотря где. трудно представить, что на острове пасхи была-бы в моде одежда из парижа.;normal
чтобы освободить девушку, -придется снять ей скальп!они в волосы вцепляются ! один выход, -рубить как мужиков, а потом и мужиков;normal
на полюсах правда там городов нет самый сухой климат в сахаре, кажется в триполи;normal
коммунизм-хорошая теория, но сами коммунисты почему-то в большинстве своем ублюдки.;normal
выбор всегда лотерея, повезет, не повезет. это не карасей из сетки вытряхивать.;normal
у меня обычно бывает плохо с памятью. куда зарплату дела? на что потратила?;normal
они носят, футболки , штаны все, что под оверсайс подходит, платья это другое;normal
растущую если нужно чтоб быстрее росли. а на убывающую чтобы меньше удачи;normal
если парень женился на другой женщине, в данном случае на богатой женщине, значит на вашу симпатию к нему нет отдачи, это не взаимные чувства, надо отпустить туда того человека, где он будет счастлив. но будет ли он счастлив с богатой женщиной это вопрос. может быть просто так совпало, что он влюбился в нее, а она зарабатывает денег за месяц больше чем он. а может быть он просто видел в ней толстый кошелек и новое место для жилья. вы еще не нашли того парня, кому вы будете интересна такой, какой как вы есть. красота парня никак не связана со стремлением парня к богатой женщине. тут имеет значение, какое у него воспитание, какие он носит ценности в себе. и смотря что носит в себе богатая женщина. если парень задумывается над тем, что он может дать для семьи, и по деньгам тоже, то более вероятно, что он создаст долговременные отношения, чем если он в женщине видит только толстый кошелек и квартиру. для богатой женщины молодой красивый парень может иметь образ сына с поправкой на возможность регулярных интимных отношений, что не являются инцестом. если это происходит в массовом порядке, это признак нравственной деградации в обществе. если парни не разделяют ваши жизненные ценности, значит вы не там ищите себе парня, смените круг общения. не надо всех парней обобщать относительно доходов девушек, многим парням для создания личных отношений нужна любовь.;normal
иметь силу воли и не ленится. а для начала действительно надо интернет отключить.;normal
конечно, ведь вы мужскую допускаете. в равной степени это одно и то же.;normal
у меня есть целый список команд - достаточно нажать на кнопку со знаком вопроса;normal
определиться каким, изучить всю информацию об этом, накопить денег и заниматься;normal
а если пофиг, то от пофиг делать, а не пофиг потому что мы хорошие советы даем;normal
нет сигареты перебивают аппетит, но только держат вес и не дают дальше потолстеть.;normal
потому что он или она скорее всего так и останется чужой собственностью.;normal
конечно. судьба действует по указке заеонов природы. иногда они повторяются;normal
часто так называют своих детей, почему нет? тем более, если имя красивое и человек был хороший.;normal
тонуть внежных страстных сновидениях накрывая нежно друг друшку одиялом;normal
интересно, для чего? для того чтобы и там испортить все как здесь? хотя сайты знаю;normal
да плевать на запад. главное, чтобы не лезли к нам и не учили нас жить.;normal
катать в тачке я и сама его могу. ну и раз на ручки взять а любить не каждый может;normal
его отдают хозяину кобеля за вязку. это оплата-или алиментный щенок или деньги.;normal
верюно одновременно я еще и реалист. получается несоответствие и раздрай.;normal
да будут все едины, якоже и мы ев. поэтому мы стрмимся к миру и единству.;normal
любой. секс это спорт, а где спорт, там и здоровье, а здоровье это жизнь.;normal
потому что один барыга заебал с этими мультиками. уже порнуху мультяшную смотрят.;normal
давать. но все кругом эгоисты, поэтому я не люблю тех, кто любит брать.;normal
физически да. мало ли травма, но в душе все равно будешь стремиться к новым победам.;normal
попробуйте пожить у родителей, чтобы сэкономить на аренде и накопить на первоначальный взнос для ипотеки;normal
если уходишь от проблемы, ее решат за тебя другие так, как им это удобно.;normal
ждать, думать, наблюдать, узнавать, делать логичные выводы и стараться не сойти с ума;normal
кузбасс фм там всегда качественная музыка. ни какого шансона и киркоровых.;normal
нет, все может произойти с каждым, и в этом нет ничего страшного, ну или отвратительного;normal
дизель и соляра, а еще газоель дго и тоже. в добавок дизель фамилия авто конструктора.;normal
женщины психологически, более устойчивы нежели мужчины, а также ведут более здоровый образ жизни.;normal
ненавижу это ощущение. вот и не злоупотребляю. только на свадьбах друзей;normal
потому, что даренному коню сами понимаете, подарок по возможности, либо по любви;normal
эволюции, для дальнейшего развития человечества нужны сильные, умные и целеустремленные люди.;normal
карманная ракета енто на лыжах, вперед, за новыми рекордами, как наша юлька чепалова;normal
ну это как сказать?? в европах сейчас многие у кого яйца между ног стринги носят;normal
да. сначала определяют права человека, потом их ущемляют условиями нормативного контроля.;normal
на солнце, например выгорают. у меня зимой глаза серые, а летом желтоватые.;normal
жива еще. бороться со всей системой нет смысла. возможно скоро она сама себя разрушит.;normal
ну типа тут авансом выдают, что бы супругами стали, а там платят супружеский долг;normal
это гитлерюгенд или как там его эт модно, правда, я не мужик, но эт тренд;normal
никакой, так как любая пропаганда основывается на лжи и манипуляциях сознанием;normal
но опять же это субьективщина. почему не тупо в моем случае? потому что я слаб на соблазны поговорить в чатах. и мне гораздо и гораздо эффективнее выйти с чата, нежели закинуть его в архив.;normal
смотря для чего. иногда терпения не хватает. иногда могу терпеть годами.;normal
первое, что бросается в глаза, когда смотришь на несчастную женщину, это ее глаза.они не светятся, они просто потухли. там даже слез уже нет. смотрит вниз, не радуется солнцу, не смотрят по сторонам, просто шагает по дороге и думает свою думу.не думает о том, какая у нее походка, не думает о том, какое впечатление производит на окружающих, так как все мысли о себе и о своих проблемах, которые не знает как решить.ведь часто изменщик-муж если не застукан женой на месте преступления, то думает, что жена ничего не знает, а это часто не так. вот и не знает женщина как дальше жить.это для мужчины после измены жизнь меняется, а у женщины в это же время наступает несчастная полоса. вроде бы еще и муж есть, а счастья уже нет. а муж то часто молчит и не говорит жене ничего о своих планах на дальнейшее проживание с ней или без нее, а если вдруг останется с ней ради детей, а ночевать будет у другой, то разве женщина будет счастлива, конечно не будет.в общем все несчастья от мужиков.;normal
ноут, потому что он кампактный, а по функциональности такой-же как камп.;normal
несомненно, ведь потери не случаются сами по себе порой мы их тщательно подготавливаем.;normal
ада и рая нет. есть человеческая сущность, создающая себе ад и рай своими поступками и мыслями.;normal
а женщине какое образование нужно? просто второе и все? p. s. второе платно в любом вузе.;normal
да пусть уж будет и чувствует себя царем. многим на пользу. если ум есть;normal
доброе что случилось блин мир ссаных идиотов меня окружают одни мать ее идиоты;normal
забыть вопрос. ненадолго. потом опять. так что упивание алкоголем зло, в любом случае.;normal
сколько стоило, столько и будет стоить. что тяжелее килограмм пуха или железа?;normal
это такие, как я, только я не трачу деньги на бухло, сигареты и проституток.;normal
сначала заинтересовать ее. выявить общность интересов. все остальное пойдет само собой.;normal
я всяких люблю и котиков и кошечег у меня дома пришлая. подарок судьбы полюбил;normal
гейство определяет не цвет телефона а влечение секаса к другому мужику.;normal
нет, позвольте. ты высказала мне претензию, что я тебя обидела. а у меня и мысли такой не было;normal
мне кажется, что все бы начало меняться если бы мы не только говорили, но и действовали;normal
группы две. одни ситуации извне, а другие вы сами сознательно провоцируете, вот они непоправимее.;normal
фалерист фалеристы. фалеристика коллекционирование орденов, медалей, значков,;normal
это бульон из не ощипанной курици. попробуйте, говорят, скус спесифический.;normal
если бы они не сохранялись, то никакого смысла использовать облака не было бы.;normal
закономерность, при чем и правительство и силовики получают зарплату от этого самого электората.;normal
смерть неизбежна так же как рассвет или закат, вы же не боитесь рассвета.;normal
если и делаются, то, наверное, уроды получаются. ну что через опу хорошего получиться может?;normal
меня больше беспокоит бестактность зрителей толкаются, шикать начинают, когда храплю.;normal
ну если только отсутствие свободного времени. придушит насмерть. даже секс;normal
запечь в фольге рыбу или куриное филе, можно смазать майонезом или сметаной. быстро и без мороки.;normal
по-моему, он просто флиртует. может, привык так общаться со всеми молодыми девушками, и ровным счетом ничего это не значит. может быть, он склонен увлекаться кем-то на время, заигрывать, болтать о всякой чепухе, а потом теряет интерес и начинает развлекаться с кем-то еще. намека на серьезное отношение я тут не вижу. пустая болтовня, мелкие комплименты, дурачество - действительно, детское поведение.;normal
можно ли определить уровень интеллекта твоего собеседника, не прибегая к специальным тестам;normal
сайт авто ру вверху нажми на шины, диски и выбирай. хочешь новые или бу.;normal
это зависит от девушкимне романтичный, честный и добрый был нужен и я встретила;normal
если же впрямую отвечать на заданный вопрос, то сильные люди совсем не всегда одиноки, но они не могут унижаться, не умеют приспосабливаться, льстить.;normal
в больнице можно и бесплатно. обращайся в травмпункт и тебя отправят на рентген;normal
пойти в магазин, потратить немножко денежек на мелочи приятные у меня это лучше всего работает.;normal
спасти от чего? а может спасение в этом шаге? а откуда вы знаете, что шаг делать опасно?;normal
каждый должен знать о прошлом, как мужчина, так и женщина. все таки они даже уже не просто пара, а семья. узнавая прошлое человека, можно понять какой человек, ды и я думаю интересно будет узнать жизненный опыт друг друга. не вижу смысла что-то скрывать о себе.;normal
ты пытаешься игнорировать вопросы и при этом высказывать в ответ чтото. на чем диалог строится?;normal
глянь на себя в зеркало. ты это она эпохи энеолита. неоантропы люди современного облика.;normal
в организме начинаются замечательные процессы очищения. приходит чувство легкости и чистоты ума.;normal
нет. знакомых, приятелей сколько угодно. а друзей. если есть один считай, что повезло;normal
а я сериалы не смотрю, и в ответах никакой опасности не вижу, скорее спасение;normal
мудрость гласит ни говори что ты самая умная придет тот кто будет умнее тебя;normal
я как переехал в питер сразу устроился в эту компанию.пока не нашел чтото, в чем я был бы хорош. а я хорош в перекупе.;normal
вера, если праведная дает силу. если неправедная страдания, темноту и смерть.;normal
в интернете дэбилов проще игнорировать, видимоа в жисти мы на каждом шагу хрен отвертисся;normal
мне конечно приятней если у девушки бритые ноги, но если это не так, то я не буду возражать;normal
тетенькам похрен в какую сторону дует ветер, вот, дяденькам тяжеловато против ветра.;normal
больше я не люблю обстоятельства, которые могут вынуждать влазить в кредит.;normal
у верховной личности бога бесконечное множество имен. но основное это кришна.;normal
вся наша жизнь-это одна сплошная несправедливость. в общем приходиться ею жить;normal
считаю да, футбол должен взаимно обогащаться, а не только играми сборных, этого мало;normal
не уважаю я себя, потому что плыву по течению, и ничего не могу с этим поделать. и изменить.;normal
мне больше импонируют служба по контракту. больше похоже на работу, а не на повинность.;normal
пытаться разгрызть без разрезиков, потом плюнуть на это дело и купить новую упаковку.;normal
шанс дается всем но вот как он его использует, зависит уже от человека.;normal
зрители убогих сериалов по определению неспособны освоить даже тетрис. вот и завидуют.;normal
да конечно, когда вы достигните совершеннолетия и будете работать, а она будет нетрудоспособной;normal
мне женщины нравятся женственные. в жизни женщины женственность это самое важное.;normal
трудовой кодекс, семейный кодекс косвенно. хотя в уголвном праве присутствует обратное.;normal
нет, у меня начальник адекватный, а я человек ответственный и исполнительный;normal
тем больше выглядит очень уверенно а все уверенные выглядят как неуверенные;normal
совершенно точно, что факторов несколько. один, возможно, для хорошего впечатления и репутации солидного парня, будет мал.;normal
для многих мужчин -это женщина с экрана или обложки мечта на то и есть мечта, чтоб ею оставаться;normal
прежде всего женщиной, а именно счастливой. и больше она ничего никому не должна.;normal
когда мне надо, я сама себе начинаю говорить всякие ласковые, нежные слова помогает.;normal
конечно можно берите на поводок в этот период, если до этого гуляли без него. вот и все.;normal
вернуть все как было. выхожу быстро, а вот вернуться. бывает труднова то.;normal
это процесс, с помощью которого появляются нужные человеку продукты: материальные и духовные;normal
до тех пор пока там правят мракобесы аятоллы они всегда будут отсталыми;normal
граф монте кристо. там и любовь, предательство, месть, самый лучший роман, а. дюма.;normal
если нет астмы, ингалятор не нуженможно делать паровые ингаляции из чайника и принимать таблетки;normal
естественно, играет. вряд ли профессор и дворник создадут гармоничную семью.;normal
или самолюбивый, или наоборот страдает от комплекса неуверенности в себе;normal
значит считать себя умнее окружающих и навязчиво или ненавязчиво показывать это.;normal
если цветы, то желательно хризантемы, но можно и без них, внимание дороже.;normal
ведет переговоры с третьими странами по закупкам снарядов, мин и комплектующих к рсзо, а что, кончаются?;normal
у нас нет претензий друг к другу уже и внуки взрослые. это, наверное, и есть благодарность.;normal
я как то дегу купила в магазине, а она оказалась беременная а тут на фото это детки от белой крысы и моего чернобелого красавчика;normal
деньги - это некое шестое чувство, без которого остальные пять неполноценны;normal
достаточна. кстати у педагогов, есть еще разные оценки знаний, для внутреннего пользования.;normal
близкие не помогут, если их нет. тогда нужно искать тех, кто тебе близок не по крови, а по духу.;normal
прогресс требует жертв и успешно их получает посредством отколовшихся от стада одиночек.;normal
как деньги нужны-звонят, а так. нет. но с мамой говорю каждый день ро телефону. это закон.;normal
забота и отношение этого человека к вам, в первую очередь. сказать я люблю. это еще не все, если после этого залечь на печь. если человек интересуется вашей жизнью, советует, помогает.если мужчина и женщина живут вместе или же встречаются, мы говорим о такой ситуации. а не про любовь матери к ребенку, например. многие матери об этом не говорят. многие дети не говорят родителям о любви, но проявляют заботу.;normal
многие, но к сожалению, или к счастью, это не так. все мы в какой-то степени ненормальные;normal
к сожалению хорошо спят. кошмары будут преследовать лишь того человека у которого совесть осталась, или же он часто обдумывает свои подлые поступки. или если мучается от содеянного. тогда подсознание будет выдавать ему пути решения через сны давать подсказку о нерешенном внутреннем конфликте.;normal
так говорит неуверенный в себе мужчина, чтобы повысить свою самооценку, а еще чтобы вы сто раз подумали, какой он значит замечательный и как вам повезло, что он обратил на вас внимание. человек, которому вы действительно дороги, не будет ранить ваши чувства подобными заявлениями, даже если будет очень востребован другими девушками. этому мужчине вы нужны для самоутверждения, а не для проявления настоящих взаимных чувств. говорить он так будет при любом удобном поводе, еще и показывать при возможности начнет на проходящих мимо симпатичных девушек, что вот эта так хотела быть с ним, а эта чуть самоубийством жизнь не покончила, когда он ей отказаал и т.д. и т.п.;normal
только парочку смотрела но это прям обожаю. очень нравятся умные парни.;normal
немецкий, потому что учить его легко как пишется, так и читается. очень мягкий и плавный язык.;normal
совершенствование внутреннего мира, чтобы он рационально взаимодействовал с внешней средой.;normal
быстрей нормы ну никак, можно только подполить краску, так, что полироль и машинку, и не спеша.;normal
выпускной у многих, и у нас идет подготовка к празднику, лиго у нас, янов день;normal
а я и не создавала. я такая какая есть. а уж какая пусть люди обо мне и расскажут;normal
спусти все при жизни, или набери долгов чтобы вступать в это наследство было невыгодно;normal
да, особенно вместе с владимиром познером они просто потрясающая творческая пара;normal
когда дольщиков несколько, и когда планируете нулевки подавать длительное время тогда лучше ооо;normal
не обязательно цыгане просто это гадание рассказывающее о мужчине, который вам дорог.;normal
как узнаешь мне сообщи если не сложно будет можно попробывать в лотерею грин кард подать заявку;normal
конечно выступать, куда же цветы в горшках будете ставить? а цветы необходимы в доме.;normal
программа или множество программ, используемых для управления компьютером.;normal
думаю столько лет прошло и ничего нового. а кто-то смотрит, а кому-то даже нравится.;normal
душевное равновесие, вот, что ценно для меня во мне. а так же ценны честность, дружба, доверие.;normal
чтоб любовь прошла надо съесть много боли и обиды и. т. д от того человека к которому у вас любовь;normal
он полезен как противо паразитарное, профилактическое средство пряность.;normal
как к пережитку невежества. самое настоящее язычество и идолопоклонничество.;normal
купить микросхему диктофона и подключить к ней микрофон с микрофонным усилителем.;normal
если рост позволяет стать вратарем и есть навыки, то почему бы не стать им;normal
будет стараться, они победят аякс там и другие клубы, ну общем я считаю до полуфинала точно дойдут;normal
принять решение, пойти ли куда-нибудь или остаться дома, может быть непросто. порой трудно сказать, хотите ли вы провести время наедине с собой или хотите пообщаться, выбравшись из своего заточения. чтобы определиться, можно использовать практические соображения. подумайте, по карману ли вам конкретное мероприятие и насколько оно для вас важно. вы также можете принять во внимание свое настроение. вы готовы морально выйти из дома прямо сейчас? если вы не можете решить, поищите компромисс. посетите мероприятие ненадолго или останьтесь дома и пообщайтесь с людьми в социальных сетях.;normal
совесть, как отчасти и доброта, это то что отличает человека от животного.;normal
не умею, но хотел бы научиться. удовольствие, думаю, будет стоить того.;normal
ну не скажу что до такой степени самодостаточен всегда нужно оставить уголок для регенерации.;normal
нет ну понятно то, что если эта самая наркомания в паре, станет делом привычным и обыденным, то тогда оба партнера, точно бросать пока они относительно здоровы это дело не будут. то есть они будут понимать и догадываться что для того что бы не надорвать здоровье, это конечно надо сделать, но вот смысла в этом в других аспектах жизни уже не будет.;normal
отлично когда есть деньги, то можно и на другую планету с летать в виде прогулки;normal
насколько я знаю, это тот, кто что-то плетет. других определений я не слышала;normal
это когда человеку срочно нужен штам в паспорте, а он тебя за это тоже благодарит;normal
количество добра и зла в мире уравновешено. закон такой есть. так что покой нам только снится;normal
эх. если и буду еще замуж выходить, то только за мужчину, который любит готовить.;normal
и, да, на кавказе тоже есть свои нацисты, только называются радикальными исламистами;normal
душа мягкая, боюсь реальность разорвет. поэтому живу в своем мире, а в этот прихожу как на работу.;normal
я слышал, что зеленые глаза у колдуний бывают, так как-то повелось, наверное, за редкий цвет;normal
в мае не ждите от антона ответственных поступков и вообще чего-то серьезного.;normal
а мне и не нужно понимание в глобальном смысле. достаточно, понимания тех, кто дорог и близок.;normal
то что написано в апокалипсисе. то уже происходило. просходит и будет происходить.;normal
да нет. напиться могу, куда то съездить могу. а вот влюбиться не от меня зависит.;normal
поезд, конечно, может вернуться, но на платформе будут совсем другие люди.;normal
любить женатого мужчину взаимно конечно можно, но ведь это уже не любовь, а самообман. он, когда с вами только знакомится уже знает, что семью, жену, детей он не бросит ну если и бросит, то это бывает очень редко, а на чужом несчастье - счастья не построишь!. обычно такие отношения изначально начинаются с обмана, он скрывает, что женат и только потом женщина узнает всю правду, когда отношения уже зашли слишком далеко, она уже к нему привязалась, строила какие-то планы на совместное будущее с этим мужчиной, а как говорится, что шило в мешке не утаишь и все равно все тайное когда-то становится явным и она все равно узнает правду. я так думаю, что если отношения начинаются с обмана, то и в дальнейшем ничего хорошего они не сулят, нужно разорвать эти отношения чем быстрее, тем лучше для женщины прежде всего. потому что можно годами слушать ложь от мужчины о том, что он ее любит и скоро бросит свою жену, оправдывать его всеми возможными оправданиями и в конце-концов все это скорее всего закончится разрывом с этим мужчиной. а ведь пока женщина не поставила точку в каких-то отношениях, она не может строить новые отношения с кем-либо, может даже и если этот реальный любящий мужчина находится где-то рядом с нею и она когда-то будет жалеть о проведенных в пустую годах жизни в бесполезных мечтах, когда она в это время могла познакомиться с порядочным мужчиной, создать с ним семью, родить и воспитывать с ним детей и жить полной жизнью.;normal
пр принципу чебуреков с соленым творогом, можно в начинку зелени добавить.;normal
возле кирхи, магазин папарцци и на ришельевской подорожник, но там выбор победней.;normal
а вы уверены что это ответы верующих?? я не всегда, хотя они так себя называют.;normal
от проблем накопившихся, от хандры, от одиночества. комплексное лечение музыкой;normal
любимого человека ни с кем не сравнить в том числе и в сексуальном аспекте.;normal
хм. вот недавно токо борщ сварила а чем он заработал. хм. он любит меня-я его вот;normal
это который себе в губы чтоли закачивают? выглядит неестественно, уродуя бабу, фуу какая бяка;normal
я всегото задал несколько вопросов и высказал свое мнение и предоставил ей логичный выход из этой ситуации;normal
появится любимый в середине марта и будете встречаться для серьезных отношений в будущем.;normal
и в суете рождается дух. и после смерти что есть то и есть, в том числе и в мире духа.;normal
здравствуй, смузяконечно получается, вот только общество и социум я все больше не люблю.;normal
нравственное поведение состоит в том, чтобы избегать повода к безнравственному поведению;normal
первое когда ты стареешь раньше времени, второе когда стареешь нормальноне благодари;normal
параллельно. предпочитаю естественный опухший вид и запутанные волосы по утрам;normal
кроме стрельбища хоть в центре города и охотничьих угодий больше нигде.;normal
да что нить из ленинграда или высоцкого хотя по настроению но вообще из меня певец никакой;normal
жадные и завистливые. гложет их жаба изнутри, вот и злятся на все и на всех.;normal
почему не хотите ручку крутить? вы мотом замучайтесь ремонтировать эти стеклоподъемники.;normal
здесть скульптурирование лица целым арсеналом средств и достижения фотошопа до идеала.;normal
была и до сих пор есть. вернуть дорого мне человека. но увы чудес не бывает. мертвый не встанет.;normal
музыку сфер, погуглите есть клип о том как озвучили солнце красиво, завораживающе;normal
по звуку саксофон. однозначно. по форме гитара. как изгиб тела женщины.;normal
у вас на аве певица максим, теперь имя переписать на максим. разве оно не будет блестеть?;normal
вечер. потому что рабочий день закончен, впереди вечер дома с родными, ночь с любимым и сон.;normal
а почему бы и нет? ближние разные бывают. многие того заслужили сполна.;normal
ревнует тот кто больше боится потерять и рувнуют те у кого много своих внутренних комплексов;normal
на возрастание численности населения. у нас очень страдает рождаемость в стране.;normal
парфюмы коллекционирую. если нет хобби значит, у вас и так есть чем заняться;normal
а что радоваться, это логично, если не употребляешь алкоголь то и не т похмелья;normal
наоборот. все вокруг считают отъявленным злодеем и бандитом, а я добрейший души человек.;normal
можно, на заочном или дистанционном обучении. лишь бы деньги были, а так хоть в трех;normal
советские мультики. это самый положительный бред, который можно встретить в мультипликации;normal
ленин, сталин, гитлер. современные им и в подметки не годяться. и, слава богу.;normal
это переходный возраст из младенческого в детский. ей нужны не таблетки а любовь и понимание;normal
я так думаю у мужчин тормозов меньше. ну не можем мы отказать в желании женщины.;normal
хотеть не вредно и не только можно, даже нужно, вот не хотеть это уже вредно.;normal
кашкой тесный уродец. ети на любителя форм, но сам интереснее намного кашкая;normal
а не страшно, в обычном магазине если впарят барахло, можно прийти и в морду плюнуть, а так.;normal
наверно, фокус это обман, который красиво выглядит и на который приятно смотреть;normal
да есть и я очень очень скучаю по нему так сильно жажду встречи очень очень сильно сильно;normal
метаболизм, функциональная единица организма, деление, сохранение ген. инфо, выдиление, питание.;normal
да так и скажи, зачем что-то городить и выдумывать. подойди к своему другу и скажи ему в лицо, друг, ты мне чуть надоел, может конечно и не чуть, но все равно надоел. если вы все таки друзья, то так и будете общаться, а если нет, то возможно ваша дружба пройдет после таких слов.;normal
конечно не по взрослому, так и девушки эти должно быть не слишком взрослые, и чем то заниматься им надо, как-то сигнализировать: то я дружу с тобой, то не дружу. но со временем эти девочки подрастет и поймут что жизнь она вокруг, а не в сети, начнут строить отношения и выйдут замуж и родят кучу детей и будут с усмешкой говорить о тех кто в соц сетях ставит лайки и прочее.;normal
нет. нихуя. она хочет такой казаться. а на самом деле слабая девочка, которая агрессией маскирует свои страх и слабость;normal
по-разному, но в основном в первом триместре беременности. но его может и не быть вовсе.;normal
да, могут! но зависть по поводу чужой привлекательной внешности говорит о неуверенности в себе, а это делает такого мужчину еще менее привлекательным!;normal
во-вторых, иногда раздражает, потому что справедливая она то есть критика только с точки зрения того, кто критикует. а кто сказал, что на самом деле все так, как видится критикующему? у каждого своя правда.;normal
а пейте. от лишнего йода будет понос, лишний кальций осядет в почках в виде камней.;normal
мне можешь дать, она у меня так сгорела на солнце, что сидеть больно а если шлепнуть, так уууххх ощущения будут;normal
хорошо отношусь. меньше места будут занимать такие депрессивные места, как кладбища.;normal
наведи на курсор на флешку. далее нажми правой кнопкой мыши. выбери проводникю и все;normal
за их временную нужность. и за то, что когда я их выбрасываю, они не ноют мне в спину;normal
начальником хлопотней, человеком трудней. легче всего быть никем и надеяться стать всем.;normal
рыбалка был теплый летний день, вы неспешно закинули поплавочную удочку и осушив стакан заметили движение поплавка.привычным движением вы делаете рывок.на крючке сидит:    вы получаете  к карме энергии осталось:;normal
это было бы здорово, если победит прогрессивный разум. любая религия есть опиум для народа.;normal
как не банально это было бы слышать. но если хорошо поработаешь-естественно выдадут.;normal
сейчас в городе уфа:  температура воздуха  .c чувствуется как  .c влажность   ветер  . мс рассвет в :: закат в ::;normal
я извиняюсь или забываю. смотря за что грызет, а то бывает, что причины несущественны;normal
люблю чилийские и южноафриканские красные сухие вина, они самые вкусные, бархатные и терпкие;normal
не всем со мной легко и просто, даже некоторым близким людям. у меня сложный характер;normal
сегодня ливень был, мне за рулем страшно было, потому и ехал как бабка, со скоростью  кмч;normal
мне очень еще нравится , не помню как ее, она снималась в фильме воры в законе, напомни;normal
до обычно медленными закидываются, если закидываться быстрыми то будет слабость.;normal
вода очень успокаивает. бассейн. душ. обтирания. проголку пешком. крепкий сон.;normal
имхо, всегда. когда хочет и не хочет даже если когда и перестает учиться, то начинают его учить.;normal
да я тоже так думаю. весь мир боль, но лучше знать правду чем жить иллюзией.;normal
не презирай слабого детеныша он может оказаться сыном тигра, монгольская пословица;normal
можно, даже нужно. повысит выносливость, снизит утомляемость связанную с недостатком калорий;normal
тренируйтесь перед зеркалом, сначала через силу, потом втянетесь и будет лучше получаться.;normal
никуда, иначе станешь опаздуном и придется начать спрашивать что в имени тебе моем;normal
ага. а перед кастрацией попросите исполнить ваше последнее желание. сделать вам. муньет.;normal
да. потому что могут кинуть ядерную бомбу. странный вопрос, кто же не боится?;normal
дарвин прав относительно эволюции тел то есть материи. эволюцию духа-душ он не рассматривал;normal
гештальт терапия дело интересное, но лучше результаты когда используешь методы холодинамики.;normal
первое условие красоты здоровье. здоровые зубы, волосы, кожа, это все красиво;normal
такого-же как и в поезде. только функции другие. катапульта и экстренное открывание дверей.;normal
да. сдавленное дыхание из-за пониженного тонуса далее сердце голодать начинает.;normal
не очень. верх будет брать. я в конце концов мужчина должен быть мужчина, а не альфонц.;normal
это самое и значит. самоорганизация, самоконтроль, самодисциплина, самообразование.;normal
нет. предпочту в фильме ужасов сниматься. обычно они интереснее и по типажу больше подхожу;normal
на свидание девушка пришла с работы, а в обеденный перерыв, была в спортивном магазине и купила себе две гантели для спортивных упражнений. одну взяла домой сегодня, а вторую заберет завтра. поэтому гантель лежала в сумочке. если бы это было средство обороны, девушка сумочку забрала бы с собой в дамскую комнату.;normal
боюсь-потому что не знаю-что это такое. и самое страшное-хочу -ну очень-жить.;normal
я ни разу не психолог, но поскольку автору вопроса интересны размышления всяких-разных отвечающих, позволю и себе отметиться здесь. к тому же, полагаю, термин недолюбленная женщина не вполне научный;normal
об ентом замечательном празднике говорят тока сами диджеи на радио, всем остальным пофиг;normal
да чушь все это любовь или есть или ее нет. я тебя люблю по настоящему звучит -?;normal
потому, что женщине хочется верить, что мужчина человек слова и дела. а не какое-нибудь трепло. ведь мужчина на самом деле звучит гордо, если он отвечает за свои слова и поступки. и если он сказал, значит так и есть. а те кто просто трепяться, обманывая женщину, чтобы достичь желаемого результата от нее, настоящим мужчиной трудно назвать.;normal
не все далекоза ум и доброту уважают некоторые, а остальные за это ненавидят;normal
такое обращение мой золотой, мой хороший, мой дорогой, является своего рода психологической ловушкой.;normal
главное, что бы в его отцовстве не сомневались вы сами, а мужики, они всегда сомневаются в том, что касается беременности.если вы уверены в себе, вас ни что не должно беспокоить.поберегите свои нервы!все разрешиться само собой!;normal
не порно самое страшное, а всякие там телетрансляции и общение с непонятно с кем в инете;normal
женщина должна быть хранительницей очага, а мужчина должен быть добытчиком не понимаю я однополых браков, но не осуждаю. это их право.;normal
простейшие это одноклеточные а личинки насекомых это организмы уже сложные;normal
мужа-люблю, но иногда приходится и потерпеть чуть чуть. а к остальным-равнодушна.;normal
не то чтобы. я не красив но нет, точно у меня обои меняются по несколько раз в день;normal
коль довели отношения до брака, то сказать супругу, что тебе будет лучше без меня, этого мало. нужно аргументировать почему будет лучше. а причину знаете только вы. например, не любите, и никогда не любили, или появился в вашей жизни другой человек, или вы не хотите иметь детей, или хотите свободной жизни.;normal
мне как-то говорили, что мол дату переустановить нужно, тогда срок ка бы отодвигается;normal
одиночество эгоизм который ждет когда о нем начнут заботиться, любить и развлекать.;normal
разве что кастрата. полноценный кот легко отстоит свою территорию у любой кошки.;normal
нормальные мужчины всем пользуются чем надо. а те о которых ты это просто дикари и свиньи;normal
мужчина говоря что боится женщину боится на самом деле не ее, а своих чувств к ней. дело в том, что чувства которые у него возникают к женщине подталкивает его на всевозможные поступки, а самое главное у него возникает желание быть с этой женщиной всегда, а это может очень сильно изменить его жизненные устои, лишить его личной свободы. мужчина понимая это бежит от таких чувств и даже пытается с ними бороться. но это если он не готов к переменам в своей жизни. ваш мужчина явно не готов. он влюблен, его к вам тянет, но менять ради вас жизнь ему страшно. можете конечно взять все в свои руки и довести его до загса, создания семьи, рождения детей, но так вам самой придется это решать всю жизнь, т.к. он даже соглашаясь с вами может так и остаться к этому всему не готовым. так что все-таки лучше строить жизнь с человеком который вам прямо скажет люблю, пойдем со мной, я никому тебя не отдам.;normal
на то, чтобы быть не хуже других. абсолютно бесполезное дело, не говоря уж о том, что затратное.;normal
ничего страшного. в полисе есть данные о птс, а там об автомобиле вся информация.;normal
родной бардак лучше чужого барака. а нам бам мы ездили в прошлом веке. теперь их очередь.;normal
можно по мылу, можно по аське а можно и на болванку записать, ее в конверт и на почту;normal
войти в осознанное сновидение. там реально вдруг понимаешь что ты в сновидении;normal
нет. ни один ни второй не влияет на зрение, так как излучение отсутствует. это же не элт экраны.;normal
я не был ни в каких ситуациях, когда он просил мут и прочее, так что вопросы по этому поводу не ко мне.;normal
привет лапушка. только время. еще не придумали от душевной боли анальгетиков. увы;normal
последне время вязать. вяжу даже в автобусе и на работе в обед, и в поликлинике в очереди.;normal
эффективна, если ею занимается хорошо обученный профи. или просто подготовленный человек;normal
можно писать работу на тему падения уровня образования вообще и граммотности в частности.;normal
в церковь можно только юбку или платье одевать. брюки нельзя. и не забудьте платок на голову.;normal
думаю прикольно. летать ведь наверно пьяным лучше, чем по асфальту ходить.;normal
что он готов к серьезным отношениям, но это вовсе не обязывает тебя к серьезным отношениям с ним. это все опять же зависит от твоего желания. если хочется избежать неловких ситуаций с родственниками молодого человека, то советую просто заранее попросит его объяснить своим родственникам, что ты не его девушка, а просто подруга, а также объяснить парню что ты не хочешь никаких серьезных отношений с ним. это нужно для того, чтобы парень сам не строил себе иллюзий по поводу ваших с ним отношений.;normal
забить и найти новые отношения. желательно попроще, чтобы было легко понимать.;normal
все религии придуманы самими людьми. люди разные и религии, соответственно, разные.;normal
а хлеб не в пакетиках разве?? вообще не помню, чтобы покупала хлеб без упаковки;normal
в культуре очень много граней. каждый выбирает по душе. все остальное живет паралельно.;normal
это были не конфеты а жевательная резинка. а может быть и конфеты такие были, помню только жвачку;normal
замуж женщины хотят или не хотят, по моему мнению, не в зависимости от внешности или привлекательности, а в зависимости от воспитания, возроста, семейных традиций, психологических особенностей, темперамента, личного опыта. но красивых или привлекательных женщин чаще зовут замуж. а выйти замуж они хотят по любви. и пока не встретят свою любовь, замуж не торопятся. и отказывают, соответственно, чаще если сравнивать с теми, кто не првлекателен.хотя и оценка внешности -дело вкуса.статистику портят и те мужчины, которые пытаются привязать к себе женщину не отношениями, а юридическим оформлением.такая позиция мужчин нередко является проявлением использую классификацию любви стэндаля любви- тщеславия. а таких отношений женщины, в свою очередь, как правило, стараются избегать если только это не взаимно.;normal
процесс активного мышления включает в себя способность внимательно слушать и способность ясно и четко излагать свои мысли;normal
мне товарищ рассказывал что одна девочка перед соитием умылась что б подушки не пачкать , а тама оказалась девочка лет ти.;normal
это, я думаю, зависит от конкретной женщины, некоторые не простят измену ни в каком возрасте, и ни при каких обстоятельствах. но, если брать в среднем, например, провести социологический опрос, то чем старше женщина, то тем снисходительнее она буде относиться к измене. правда, здесь надо оговориться. если муж бросает женщину - это одно, это не зависит от возраста. а если на старости лет бес в ребро физически изменит, но к жене все равно будет относиться с искренним уважением - это другое. вот такую измену женщина в возрасте, если она не полная дура, простит.;normal
у меня есть целый список команд - достаточно нажать на кнопку со знаком вопроса;normal
сначало красят батареи, окна, затем обои клеят, а потом уже полы красят;normal
начинаю разбирать шифонер или стирать. ну то, на что днем ни времени ни желания нет;normal
войти только через другой акк. больше ни как. либо обратись к админу. может восстановят;normal
как повезет. у меня после первого отвала чипа прожила еще три года. утюг, духовка, все дела.;normal
аппаратное на то и аппаратное, что работает за счет возможностей видеокарты.;normal
потому что до дисков касеты были квадратными. хотелось разнообразия. и вот;normal
церковь всегда выражает готовность предоставить райские блага в обмен на наши наличные деньги.;normal
гороховая каша с копчеными ребрышками. если приготовить правильно, ложку можно проглотить.;normal
я уже со своей внешность так давно вместе живу, что привыкла и полюбила.;normal
он же в сказке описан довольно тщательно. когда топор уварится. добавить крупы. соли и масла.;normal
воруют у своей страны и народа, а прихвостни их шестерки, губошлепы нетрадиционной ориентации;normal
самый опасный враг это ты сам. если с собой не можешь справится то с кем вообще ты справишься.;normal
смотря где, в основном пользуются методом подбора, уходит много времени, от часа до недели;normal
это кто же так решил что мужчина что-то должен женщине? и почему женщина что-то должна мужчине? это нормальный процесс взаимодействия полов как во всем живом мире.никто никому ничего не должен.напридумывают себе бог знает что и выдают за истину.;normal
фиг с ними, с красивыми женщинами. вы лучше скжите должен ли мужик различать этих двоих?;normal
самое лучшее и полезное для отбеливания ногтей да и кожи рук - это лимонный сок, выжатый из лимона. замечательно отбеливает и благотворно влияет на ногти и кожу. с соком лимона можно делать не только ванночки для ногтей, но и просто протирать кусочком лимона ногти, тоже очень хорошо отбеливает и за короткое время. протрите лимоном ногти и кожу рук, через пять минут смойте теплой водой. препарат самый что ни на есть натуральный, очень эффективный и полезный.;normal
масками по жизни не пользуюсь. наверное, это плохо. хотя карнавал обожаю;normal
нет. фпс и звук это вообще разные вещи. звук обрабатывается другим устройством.;normal
помогают. и глицин рассосать еще пока ноги паришь в горячей воде и спать без телевизора.;normal
дома на пьянке или на улице. мест много главное что бы интересный собеседник был а не мямля.;normal
все ето признаки токсикоза потому ка рентген прошивает вас лучами вот и бивают ети признаки;normal
восток отдан в аренду америкосам. ход понятен, пока все там неразрушат хохлы, будет война;normal
сама собой только это не кончина, она же вечна, а танец снова начнется он резиновый.;normal
будет. давление газа на стенки сосуда создается ударами молекул о стенки.;normal
та пудрите на здоровье, я люблю пудру буду делать вид, шо не замечаю, ага;normal
нет, пусть лучше остается. если его закроют, то вся эта ересь ринется в другие разделы;normal
ну во-первых не выкинут, а потом. нам вон на дверь наклеивают про всякие пиццы или ремонт;normal
раскрути и прочти на материнской плате или прогами типа эверест, аида и т. д.;normal
у некоторых моисеев, земфира и прочие голубовато-розовые очень сильно выражается.;normal
не, с бородой они кажутся старше. но мудрость это не морщины, а извилины.;normal
нравится, особенно если волосы чистые и ухоженные, и еще вкусно пахнут.;normal
это же какой возраст должен быть у женщины, чтобы лобок был такой же морщинистый, как кошка?;normal
смотря, в какой концепции. в пастафарианстве да, личность, в буддизме нет.;normal
если не знаешь для чего они не трогай. это относится ко всем файлам на компьютере.;normal
легко давать советы другим, но не себе. знаете чужую беду рукой разведу.;normal
церковно славянский, английский или немецкий, греческий, латынь, иврит.;normal
потому что без любви не будет боли, а без боли не будет настоящих людей;normal
как только грамоту освоил, можно писать. в почтовый ящик закинут те, кто повыше.;normal
у мужчины есть такая потребность: чувствовать себя мужчиной. для этого необходимо много условий. а самое главное условие заключается в следующем: мужчина должен выполнять социально значимую, важную работу и получать за это хорошие деньги. поэтому работа на первом месте.;normal
я юристникомуненужный. поэтому работаю стриптизершей. из любви к искусству.;normal
да, и как тяжело бывает, когда мы наконец оказываемся лицом к лицу с истиной;normal
желательно та. которая оценит его ум. но главное-любимая, тогда может быть и дурой;normal
какая ты старая? ты во какая красотка сексуальная для мужа это я старик лет мне пора мне сельскохозяйственными делами заниматься;normal
нет, конечно же. св-во о рождении выдают работники загса, а не гинекологи с неонатологами;normal
ага хотелось бы стать волшебником и творить чудеса на радость людям и себе;normal
потому, что эти женщины с низким культурным развитием вот и сваливают свою вину на мужчин, на самом деле эти женщины, как правило обманывают и используют мужчин, а когда мужчины понимают, что их используют и их номера с разводом не проходят, женщины обижаются на мужчин и называют козлами, а на самом деле они сами не лучше.;normal
халапенью знаю сам в этом году растил.он не особо крепкий. но к мясу самое то придать пикантность;normal
если сильно захотеть, можно добиться всего. ну если не всего то многого.;normal
самый простой яйца вареные, курица, виноград без косточек кишмиш, майонез;normal
вопрос в том, что результата референдума не обязывает власти подчиниться воле народа.;normal
лишь бы матчи хорошими были, но меня как-то больше привлекают турниры с национальными сборными.;normal
если шахматист как крамник или ананд то больше чем аршавин они заработают;normal
это когда в холодильничке остужаешь до приятного градуса и принимаешь не спеша с закусочкой;normal
почему не различают? очень даже различают. с боишься все понятно и с этим можно работать. а вот с не хочу - сложнее. тут подоставать следует: а почему человек не хочет ответственности? грубо говоря, нужно найти за что зацепиться, чтобы поработать.;normal
мне все равно. если мусульманским женщинам нравится, а их мужьям в особенности.;normal
энергия становится грязной. аура человек становится сероватого оттенка. чакры работают в пол силы.;normal
после двух трех косых взглядов и парочки замечаний, всегда добровольно уступаю;normal
политика в чате не обсуждается, ссоры и споры не поддерживаются. добро пожаловать;normal
плохая память это, когда долго помнят плохое. плохая по составу воспоминаний.;normal
тот, который позволит тебе почувствовать себя слабой. значит, как минимум, мудрый и любящий.;normal
смотря где. если в паспорте. надо долго возиться с документами и бегать по всяким милициям;normal
только тем парням, которые выбирают девушку для секса, а не для семьи. для секса понятно, что нужна распущенная и свободная - с ней удовольствия будет побольше, чем со скромной и неопытной. да и доступнее такие девушки. а в жены распутных редко берут. ибо распущенность гарантирует измены. могут парни даже жениться на распутных. а потом их перевоспитать пытаются и ревнуют жутко. ну да каждому свое. пока не нагулялись так и будут предпочитать распутных. девушки это знают и пользуются.;normal
думаю, что они впервые получат доказательство того, что их вера истинна.;normal
в блоге майл. ру. есть ручные настройки. воспользуйтесь ими и все сделаете по своему вкусу.;normal
байден заявил, что не жалеет о своих угрозах превратить саудовскую аравию в странуизгоя после убийства журналиста хашукджи.;normal
физ тело, чувства, эмоции, страсти, абстрактное мышление от дьявола, остальное от бога.;normal
тогда нужно периодически женщину отправлять на курсы повышения квалификации;normal
придется пересесть на малолитражку, чтоб парковка занимала меньше времени и сил.;normal
возможно потому что она была для него собственностью в его понятии и, расставшись, не так просто забыть прошлое.кроме того у него наверное нет пока личной жизни и этими действиями он заполняет свои мысли.разрыв отношений -это всегда душевная травма, а травма быстро не лечится.;normal
не всю конечно, но многое. история спартака слишком большая для полного знания ее;normal
за корову влегкую можно и по рогам получить, а коза-животное нейтральное.;normal
можете попробовать моим помощником по привлечению заказчиков в москве и мо;normal
я бы сравнила конец света с ампутацией ноги или руки при гангрене. жалко, но необходимо.;normal
теоретически да но на практике часто выбор как бы есть, но его как бы нет;normal
желание. которое превышает прочие соображения. эго, инстинкт самосохранения.;normal
все мы хотим слушать о себе только хорошее. но когда слышим плохое начинаем говорить;normal
пожалуйста не надо так если чужое мнение есть, не надо его обесценивать обесценивание уже провоцирует;normal
азарт, злость, алчность любопытство, друзья подталкивают, нужда. поводов много;normal
зависит от вас, хотите или нет. острой необходимости нет, можете не стараться;normal
перспективные отношения, которые получат благоприятное развитие. чувства имеют глубокие корни.;normal
смотря что на бутербродик положить, если колбасу то с черным а икру с белым;normal
ага, и климакс, и беременность тоже бывают. и молоко в груди тоже есть.;normal
безразличие, это когда к тебе относятся как к шкафу в спальне. стоит ну и пусть себе стоет.;normal
у них нет союзников, есть те, кто им указывает и те -кому они указывают;normal
потому что у них злоба на усах задерживается. а усы всегда можно сбрить. новые вырастут;normal
так себе. кое-что можно почитать, но с литературой двадцатого века не сравнить.;normal
если отпрашиваются у меня, то только правду говорят. единожды солгавши, да кто тебе поверит?;normal
мое поведение ни чем не отличается от реала и здесь. я не двуличный как многие тут;normal
наденьте тонкие влажные носки под обувь и походите так по квартире несколько вечеров.;normal
можно маленьким удовольствием сотворить большую радость цалую в куда хошь;normal
конечно. замужняя дочь не является членом семьи родителей. покупайте наздоровье;normal
они обитаю ночью боятся солнечного света, не навидят чечнок и серебро и вообще это миф;normal
страдать. что делать то. эгоисты. все им любовь надо таскаются. а детям можно подумать не надо;normal
от умных проблемы бывают а если ты слаб характером и душой то страшно. доброго дня вика;normal
не думал расширить модераторский состав с таким наплывом? предлагаю свою кандидатуру;normal
у меня корни немецкие и украинские, соответственно, они вряд ли были носителями русского языка.если судить по вики, то ребенок может быть носителем тогда и только тогда, когда родители его обучили этому языку и если они сами являются носителями.ну и вот логически подумав можно понять, что если один человек в моем роде не был носителем, то значит, что больше никто не является полноценным носителем русского языка.;normal
бритые ноги очень нравятся, все мужчинам. и еще бритые киски, поверь мне мила;normal
эмо, готы, металлисты, рокеры, панки, рейверы, хиппи, байкеры, стиляги.;normal
если подходит к фамилии и отчеству-ева. я так хотела назвать дочку, но обломилась-егор получился;normal
жду пока проявит малость инициативы. а если нет, то тогда приходится самому;normal
ходят сплетни, будто слухи прекратятся абсолютно ходят слухи, будто сплетни запретят;normal
у всех котов бывает плохое настроение, как и у людей. а вы любите кошек;normal
а в чем поврежденность то выражается? сам список файлов компом видится?;normal
для одних начальник, для других подчиненный. руководить не люблю, пусть носят домой зарплату.;normal
перекопай огород и заготовь дрова соседу энергия мигом спадет и с пользой.;normal
"не позвонил любовник, это хорошо, я бы вас советовал бы задуматься об ваших отношениях и определиться жить и дальше как мартовские коты и кошки, или вступить в законный брак и любить друг друга по честному и по настоящему, а так получается встретились свои половые потребности решили и все, у тебя своя жизнь, а у него своя, а если вдруг дети пойдут, не захотите, рожать, пойдете на убийство собственного дитяти, так что хорошо над этим задумайтесь, так как задали такой вопрос, вот вам на него и ответ, и еще как написано в библии ; что блудников и прелюбодеев господь наказывает.";normal
если бы от выборов хоть что-то зависело, нам бы не позволили в них участвовать.;normal
буквально и на самом деле всем он будет нравится только в одном случае - если конкретно в том отдельно взятом гадюшнике наступит какой-нибудь катаклизм. эта идиотия неприлично долго затянулась в сми такого уровня.;normal
кредит не дадут и всев свои годы я тоже об этом задумалась и родители мне доходчиво объяснили.;normal
понятно! но хочу сказать , что выход есть всегда. это я уж точно знаю. здесь вам только вы сами поможете.;normal
полоскать содой или солью а лучше всего купить кетанов он оч хорошо помогает;normal
любимых и любовников может быть вагон и маленькая тележка, а настоящие друзья товар штучный;normal
если это не гидроцефалия, то размеры головы на работу мозга не влияют. медик.;normal
когда уже нет сил смеяться, я могу еще и похрюкать. боюсь мне уже больничкой не отделаться;normal
ничего, кроме моего настроения остальное, что нужно сделать, в любом случае будет сделано.;normal
одной. любимой. жаль, что вот уже почти десять лет прошло, как мы расстались.;normal
это не от возраста зависит а от особенности самой женщины. кстати это не такое уж частое явление.;normal
конечно, если есть выбор. я могу из жалости алюминиевую скавародку взять, а не чугуняку.;normal
евреем можешь ты не быть. но по еврейски думать ты обязан чтоб выжить в нашей то стране;normal
сон совсем не помню, но удалось выспаться, потому что рано ушла с тдв. а за настроение спасибо;normal
только операция поможет. вам к сосудистому хирургу надо, пока что ожете попить детралекс;normal
любой. я помню себя еще ребенком, мужчины бесстыжие засматривались уже тогда;normal
шоу на выживание с каким нибудь розовеньким молоденьким чиновникомесли что-зажарю и сьем;normal
если вам сильно не нравится теще не убивайте ее сразу сначала застрахуйте;normal
пока живу хочу чтобы было жить комфортно мне и близким потом ничего станет не надо;normal
у себя в комнате, подхожу к шкафу, выбираю одежду, надеваю ее и иду на работу;normal
логин то есть кличка и пароль придумываются вами или же принимаете то, что вам посоветуют.;normal
дык выпей ежели нету могу налить, но ток у меня оно не охлажденное, артемовское полусухое буш?;normal
разум - это способность что-то делать целенаправленно, предвидя результат;normal
прекрасные и с борщами, и с котлетами, и с голубцами, и с пирогами. мужу нравится;normal
это применимо если любят не искрене, по расчету чтоли. если любовь взаимная такого нет.;normal
уже колдует, вирус зверский засасывает вместе со всеми шрамами, рубцами и другой хренью.;normal
потому, что повод наверняка есть. или муж все уши прожужжал своей супруге, о работающих женщинах в коллективе. или вообще делает особый акцент на определенной женщине-коллеге. плюс, корпоративы. денежку берет из дома на подарки женщинам. а тут еще и фотки после всех праздников, где супруг мило танцует с одной из таких коллег, обнимая ее за талию. и как же тут не ревновать?!;normal
следует сказать честно и нужно указать причину расставания, чтобы парень знал конкретно о причине разрыва, об этом следует поговорить на чистоту, так как в отношения каждый вносит чувства, переживания, сочувствие, любовь. расставание принесет душевную боль, слезы, а это отразится на общем состоянии парня, на настроении и эмоциях.;normal
любого. возраст особого значения не имеет. был бы умный, интересный, трезвый, аккуратный.;normal
макароны отварить и фарш пережарить с луком и морковкой, перемешать и съесть;normal
привет, сколько лет, откуда будете, чем увлекаетесь и кем работаете или учитесь?;normal
ой, теперь можно не ходить на рынок за картошкой. а разодранная спина куне не помеха;normal
иногда на частоте раздела возникает горб и чтоб его убрать подключают пищалку в противофазе;normal
спортом с большими физическими перегрузками заниматься нельзя. физкультурой-пожалуйста.;normal
совесть, это категория духовная, личностная и к богу отношения не имеет,;normal
рекомендую крым. феодосия, судак. очень здорово. а в абхазии. ну там то же что и в египте;normal
только тренировками. и не имеет значения- физическая это реакция или на слова и что то другое.;normal
у вас уже есть мир. если хотите еще один на базе другого почтового ящика.;normal
без них современная финансовая система не сможет функционировать, так что добро.;normal
конечно. деньги и время это же и есть синонимы. вы тратите свое время, чтобы получить деньги.;normal
а мне обязательно нужно все потрогать и примерить. не покупаю вещи в инете.;normal
дарю подарки, которых у человека нет, но иметь это ему бы хотелось, но сам себе он это не купит.;normal
любовь и бывает и убивает, не верь им они точно все знают, только не признаются некоторые;normal
открываю неинтересную книгу на телефоне и читаю, как правило вскоре засыпаю;normal
что качаешь то и деформируется если только ты диеты какие то поддерживаешь, только тогда;normal
неа, я так не думаю. работа становится любимой в тот момент, когда зарплата вас устраивает.;normal
папа выберет лучше супругачем дочка, сама себев этом деле нужен опыт и орлиный глаз набитый;normal
литва, к примеру аж столицу получила что там как на кавказе нарезали до сих пор воюют.;normal
сопротивление выше у этого канала, обычно подводящий проводок начинает портиться;normal
если только от отдельной, иначе можно остаться с теплым двигателем и пустой батареей;normal
разведут на сто рублей. уже прога есть, которая конвертирует сканы в доки.;normal
бооорд. это стильно, это тяжелее. но в итоге красивее. и это знаешь экстримальнее;normal
если зависимость от кого-то устранить причины, если от чего-то-проявить силу воли и духа;normal
а что там плохого? хорошая зарплата. хорошая пенсия. иметь и то, и другое это плохое желание?;normal
нет, это глупо. нации слишком многочисленны, чтоб судить о них по нескольким людям.;normal
они ее как правило не ценят. да и мужику обычно унизительно быть просто другом.;normal
проблема перестает быть проблемой сразу же, как перестаешь считать ее таковой.;normal
что то типа того за страховку мы платим каждый месяц, и можем вот так ею пользоваться. недавно удаление зубов мудрости, но мы заплатили евро;normal
может банально с возрастом. а может безумие которое ихрен знает где наступит;normal
да все неплохо, встреча, развитие отношений, сильное мужское влияние на вашу жизнь;normal
пример дерево сухое, керамика. это вещества, которые не проводят электрический ток.;normal
сексуальность, мастерство в ласках и технике, энергичность, нежность, обаяние.;normal
за любовь к своим детям мужчина может быть женщине признателен, благодарен, но - вот любить? вряд ли, очень вряд ли.;normal
гармония души и тела двух людей. и умение жертвовать чем то-амбициями, желаниями и т. д;normal
по театрам не шлындаю. но думаю актеры так и не научились роль учить на зубок;normal
нелюбящая женщина не может выйти замуж, если в таком замужестве не имеет какого-то интереса. значит.конкретный мужчина ей все-таки нужен, к нему может быть симпатия, уважение как к личности, восхищение его талантами и прочее. поэтому дама с холодной головой, понимая, что она тоже заинтересована, создает расчетливо условия, чтобы ее позвали замуж: умеет себя преподнести, знает, что сказать и когда, смотрит, не краснея, абсолютно уверенная в себе. а с мужчинами еще проще: они заинтересованы в том, чтобы обладать тем объектом, который они хотят. я думаю, что те союзы, где женщина, скорее, позволяет себя любить, чем отдается до кончиков пальцев и жертвует собой, а по-другому, если любишь, просто не получается, то они крепче. мужчинам совершенно не интересны женщины, которые от любви становятся их тенью.;normal
можете и просто так поехать. австралия единственная страна, где преобладает мужское население.;normal
любые карты и навигаторы, но точно у меня не работал ни один навигатор даже дома;normal
у куурскогоо вокзаалаа стоююю я, молодооой, подааайтее, христа раадиичервооонец золотооой;normal
нет, мне оно ни к чему. у меня и холодного нет. был австралийский штык-нож, я его продала.;normal
а сколько их последних? может на многое хватить, а может и на спички не хватит, все относительно;normal
только в библии. а правда в том, что смерть сравнивается с глубоким сном.;normal
у меня не такой уж и большой список контактов в агенте, так что бывает и довольно часто.;normal
когда хорошее настроение. мурлыкаю что то себе под нос ребенку колыбельную. а так не особо;normal
каждая женщина, должна быть хоть немножко стервой, иначе она не будет настоящей женщиной;normal
незнакомым грубить опасно, неизвестно, чего от них ожидать. не грублю незнакомым.;normal
зайди на сайт оператора к которому ты подключен, там все подробно описано.;normal
муж и жена не являются собственностью друг друга, пребывание в браке - это договоренность, подкрепленная чувствами хотя и не всегда, и всеми документами о вступлении в брак, а также верностью друг другу, которую они объявили на свадьбе, плюс доверие друг к другу и ответственность - это важные качества для ведения отношений мужчины женщины.;normal
подсолнух национальный цветок украины, символ солнца, жизни, богатства и процветания.;normal
недавно вы уже применяли действие в этой паре следующая возможность через  часов  минут также можно не дожидаясь срока выполнить команду поговорить по душам за   i;normal
потому что они лицемерные, лживые и двуличные создания. нет, чтобы прямо сказать - мне нравится вон тот мужчина - нет, она это скрывать будет, и ничего по ней не поймешь. у-у-ууу, прям слов нет!;normal
не только потребность, но еще и море удовольствия если качественный и с душой;normal
в россии все нормально будет, а вот всех астматиков из биатлона нужно гнать поганой метлой;normal
особенно когда не просто тишина, но и пузырьки воздуха и мерцающие светлячки образно.;normal
да никакой. лишь бы на жисть хватало. а то иногда и трех доходов не хватает.;normal
волшебство в том что бабки как могут волшебно приплыть, так и волшебно уплыть.;normal
ну у путина с медведевым как то же получается. и все заранее знают. а цыгане это так пшик;normal
яичницу можно какую-нибудь сделать с ветчиной или сыром. а на обед уж супчик.;normal
вполне. а если нужна, то не нянька, а соратница если что, я про лубоффф;normal
у меня там периодически какие-то волонтеры пашут. найти бы да ухи надрать.;normal
а в начале декабря знакомый семьи рассказал, что бракосочетание состоялось. как раз в это время татьяна выложила в своем инстаграм фото с букетом белых пионов, весьма напоминающий свадебный.;normal
редко, в тех случаях когда мне нужно напомнить самому себе о причинах, к этим ранам приведших.;normal
мне вообще слово политик не нравится, всех не люблю, а вот некоторых уважаю;normal
если жена общается с мужчиной по интернету, то ей стало необходимо расширить свой круг общения. сделать его интересней.;normal
в молдавии смогли это сделать-сильная власть, в россии не смогли-слабая власть;normal
это когда диван старый. поменять надо бы. а то ужо соседи наверное обзавидывались.;normal
будущее есть!!! и пусть никто не одобряет отношений двух любящих, друг друга, людей. они любят друг друга, и этим все сказано. причин у людей не одобрять отношений, двух любящих друг друга сердец, множество, но не стоит идти у них на поводу. нужно, не слушая никого, создавать семью, рожать и воспитывать детей. и тогда, эта пара, докажет не только всем и вся, но и себе, что настоящая любовь есть!!!;normal
время на исходе. тогда придется выбирать или шаг в пропасть, или не вершину.;normal
это значит, что тебя ни во что не ставят, так как ты даже выбрать сам не можешь.;normal
ничем не заканчиваетсявисят потом друг у друга в контактах мертвым грузом;normal
нет, я принимаю людей такими, как они есть. и допускаю определенный поведенческий люфт приветик;normal
если от бублика то вкусом, у дырки от бублика и дырки от сушки разные вкусы;normal
конечно сам себе. ведь только вы сами моральной победой можете насладится.;normal
после занятий в фитнес клубе остаются силы только чтобы до кровати доползти, какое там;normal
есть туалетная, есть для грязного белья. че там хранится писать не буду;normal
а стоит ли? хотя редко но хороший жизненный такой пендыль возможно и даст лечебный эффект;normal
прошоу продюссер специально для слайдшоу или любая монтажка, можно по крутому сделать в афтере;normal
я больше обращаю внимание на ноги, а не на туфли. у тебя этих туфель, ну просто завались;normal
если бы мне подарили на втором свидании дорогое нижнее белье, то я бы не приняла такой подарок и даже обиделась и оборвала всякие отношения с таким мужчиной. в этом случае, подарок - нижнее белье выглядит как намек на интимные отношения, а девушка с первого и даже второго свидания еще не решает ничего про этого мужчину. конечно девушки бывают разные, но если это серьезные отношения, то на втором свидании лучше подарить цветы или хорошие шоколадные конфеты в коробке.;normal
раз луна сделана из сыра, то можно кусочек купить в любом продуктовом магазине;normal
да, именно маленьких, за то что они такие прикольные могут быть периодически.;normal
да. меня нужно подпинывать под зад. иначе от меня ничего нельзя добиться.;normal
когда этот собеседник задает провокационные и неуважительные вопросы по отношению к отвечающим.;normal
сердцу не прикажешь, всегда надеются на лучшее. что за жизнь без мечты.;normal
я думаю по прекрасному алгоритму logicchain, который разработал дмитрий журавлев;normal
нейтрально. некоторые песни очень нравятся, некоторые совсем не нравятся.;normal
не ум важен, а раз-ум. вирусы, паразиты тоже умные и что с того? человек раз-ум-ен.;normal
разговариваю а когда жрать нечего-палец сосу и еще много полезных вещей;normal
секс-лучшее лекарство от всего, в том числе от головной боли, так что свидание как раз кстати;normal
я-нормально. самое смешное. во время месячных часто ведь хочется просто ужас как.;normal
а у меня движок електрический, я просто фазу меняю и никакие колодки на х. ен не нужны;normal
я считаю что это плохо потому что это неуважение и недоверие к любимому человеку;normal
да не, это животных, насекомых и растения создал бог, а люди это так побочный эффект.;normal
ну суть одна. что, реально мужчины на такое способны? я думала, что мужчина ни при каких обстоятельствах не отпустит женщину, которую любит.;normal
это э-мин. три первых блюда и четыре вторых могу, умею, готовлю. и все едят с удовольствием.;normal
скорей не строить, а уметь прислушиваться к партнеру. и учитывать его желания и нежелания.;normal
потребности человека безграничны, да и к хорошему быстро привыкаешь, вот и хочется еще.;normal
восстановить отношения после серьезной ссоры не просто, но возможно, сначала обоим требуется время, что бы по остыть, и как в стихотворении- стань над ссорою, будь мужчиной, это все таки твоя любовь-требуется первым идти на примирение мужчине, извинения- первичная форма диалога, с этого и надо начинать, если у вас действительно любовь, другая сторона пойдет на диалог возможно не сразу, но нужно набраться терпения, взаимоуважение - это ключ к гармонии в семье, берегите друг друга;normal
я люблю людей не за это. если мне человек приятен. мне по фиг. кто он по национальности.;normal
давление поднимается от волнения. поверьте в свое вранье и может тогда получится не спалиться;normal
обманывать смысле финтить? просто упорно тренируйся. а судью обманывать не стоит.;normal
беременность это заботы. если вы были счастливы значит приятные хлопоты.;normal
ну вас же устраивали на тот момент такие отношения, вот и ее все устраивало. она плыла по течению и жила в свое удовольствие за вас счет. девушкам такого типа, не стыдно жить за счет мужчины, более того, они считают это нормой.;normal
слава богу меня так ни один парень не называл, потому что у меня прекрасное имя наталья.;normal
бывает приходицца струей делать приятное дело а есчо када писаю. бывает;normal
от болезней желудка и не только от язвы, но при любых болях или дискомфорте в желудке.;normal
нет таких, есть хорошие, которые за душу берут, но чтобы слезы. пока не встречал.;normal
подозреваю, что ваша девушка просто не хочет посещать церковь. не нравится не ей одной. вот и придумывает всякую чепуху про ведьм. потому что сама толком не знает, как сказать правду типа: терпеть не могу церковные обряды или что-то в этом духе.;normal
терапевт, гинеколог, сдать анализы мочи и крови, кала, и сделать флюорографию завести мед книжку;normal
тренировками. у всех есть но надо развивать чувствительность и сознавние;normal
медкомиссия, чистяться много и перед съемками принимают допинг прям как спортсмены;normal
у бога нет правды, так как он истина. а правда и совесть есть у человека, и то у каждого своя.;normal
совершенно не ясно, почему . часа занятий минут минут называют парой. и это в вузах, где обитают филологи!;normal
упитанные-воспитанные в украине, в россии жирные-противные, большинство худые-никакие;normal
те. которые дают наслаждение. пусть хоть и неприятные но это личное. никто об этом не скажет.;normal
движения примерно напоминают шаровую опору авто.где пятка это шарообразный элемент, а шмонька это то что крепится к рычагу.;normal
а просто без проблем жизнь не жизнь вот люди и ищут себе приключений на одно место;normal
время ужасно медленный анестезиолог. быстрее лечат друзья, работа и увлечения;normal
в наше время мужская есть, но она более редка и менее похожа на ту дружбу, которая была век назад;normal
правда, даже неделя до и неделя после месячных считаются относительно безопасными.;normal
в море аккуратнее-может выскользнуть при активных движениях. пить можно. да и баня не повредит;normal
да не смешите мои тапочки, распутина николай из большого доверия к церкви себе завел.;normal
мир станет более вонючим и с более низкими ценами на лезвия для бритв из-за падения спроса;normal
ей влажность воздуха важнее, чем почвы. особенно на холодном подоконнике.;normal
нет но они и ведут себя адекватноа те кто так себя не ведет вероятно быстро вылетят очень часто люди до  минимум ведут себя словно природа мозги зажидила;normal
а зачем женщине избегать лишнего мужского внимания? это же всегда приятно если мужчина обратил внимание, скорей всего это симпатичная и интересная женщина. просто нужно всегда адекватно реагировать и проще к этому относиться.;normal
я люблю солнечную, ясную и теплую погоду а еще люблю когда снег идет, он такой красивый.;normal
функциональные нарушения в результате недостаточного кровоснабжения мозга.;normal
один мудак а вторая млять. интересная передача кстати, смотрел правда только пародию;normal
есть много моментов, какая нежность, в каком количестве, от кого. человек очень капризен;normal
счастье длиться вечность. даже если это были лишь мгновения они остаются в сердце навсегда;normal
понимаю, но лучше бы не слышать его, особенно когда хочется услышать да;normal
принимать глицин, делать вечернюю прогулку, не сидеть вечером за компьютером, можно принять ванну;normal
я сплю там, где мне удобно. а муж приспосабливается. эгоистка? наверное.;normal
или днем спишь или лентяй, организм не устает и не хочет отключаться для сна;normal
взаимная и бесконечная. чтобы как огромная льдина медленно таять в ее теплых обьятиях.;normal
можно но не нужно, это такой геморрой. сразу же после отпуска пожалуйста.;normal
я бы не взяла взятку. у меня таких случаев не было, но я б такого сотрудника не оформила бы.;normal
да, смысла нет. совершенствуйся не совершенствуйся, в гробу скиллы ни к чему.;normal
парням замуж? ну, это может быть тогда, когда операция по смене пола не сделана из страха перед разрешающей сменить надпись в документах операцией, а в душе - именно женщина, а не то, что в паспорте значится. хочется, а не выйдет. когда же рубикон осилен, тогда вопросы отпадают. почти.;normal
на всемайки. ру там проверено можешь у других спросить. как закажешь отправь фотку;normal
нет, научилась, теперь кажется монотонной. а я адреналина хочу и творчества;normal
так если задницей к холодной стенке холодно же без одеяла, а с другой стороны форточка открыта;normal
можно. только снижается мощность двигателя. вообще идея тухляк автобусы повально дизельные.;normal
нет идеала красоты, в каждой женщине есть свои достоинства и недостатки. и вкус у всех разный.;normal
едва ли для верующих это свойственно. разве что пока еще не были таковыми;normal
нет, гордо пойти вабанкъ. если будет неудача то оскорбиться и жить дальше. в случае успеха долго и счастливо.каждый из этих вариантов лучше чем вытягавать себе жилы;normal
классикой роскоши всегда было, есть и будет искреннее человеческое общение;normal
маша и медведь. племяннице иногда запрещаем смотреть. мультик плохому учит.;normal
здравствуй, а как тебя правильно называть риш? прощаюсь с летом, а у тебя как дела?;normal
работать правой половиной тела. тк в мозге есть хиазма перекрест нервных путей.;normal
это препараты разных фармакологических групп. их взаимозаменяемость невозможна. удачи.;normal
гений, как это возможно, если бывают узбеки, принадлежащие разным расам?;normal
мы тут просто общаемся. да сейчас немного скучно, но потом будет вкселей;normal
если тебе кажется что ты свободен, значит тобой манипулируют настоящие профессионалы.;normal
разговорный, научный, публицистический, официально-деловой, художественный.;normal
да без проблем, элементарно меняется. главное не допустить утечек газа.;normal
мы сейчас в разных концах россии. можем только видеться когда дома оба. мы земляки;normal
если творить добро другим на радость. есть грабли. то получаю по сей день;normal
все дети мечтают лишь об одном. что бы стать взрослыми от того и пьют и курят и замуж хотят;normal
это конченый гандон с повадками маньяка. его нужно было заживо сжечь, а останки обоссать. так понятнее?;normal
мне кажется я сама себе мешаю и все делаю для того чтобы быть несчастной;normal
к сожалению, быть другим значит или всю жизнь притворятся, или страдать в одиночестве;normal
будет. это единственная смена дат, которую мы определяем как праздник исключая наши дни рождения.;normal
ань ну какая усталость или котейка по мне скакает или стреляют как можно спать.;normal
от всех не получится как бы я не мечтал, жена всегда вычислит каким то тайным образом;normal
верующим главное поменьше всяких лжепророков слушить с их прописными истинами;normal
фиксики появились потому, что дебилыч не пил вовремя прописанные доктором таблетки;normal
сила тяжести, сила трения, центробежная и конечно, центростремительная добрый вечер;normal
 рыбалка прекрасная погодка! уютный теплый летний денек, вы на своей любимой речке и поэтму.на крючке сидит: тот парень, который скидывал аудиосообщениявы получаете  монет энергии осталось:;normal
не шутить про член не шутить про членне шутить про член не шутить про член;normal
жена это как лотерейный билет, кому как повезет, а вообще, наверное кому кто нравиться.;normal
на ф-но. на скрипку бокал пива или рюмку водки поставить намного труднее.;normal
по поведению женщины можно понять хорошо ей с мужчиной или так себе. ведь хорошо не всегда зависит только от мужчины, как бы он не выкладывался и старался доставить удовольствие женщине, ведь женщина тоже принимает участие, и не каждая женщина активна в сексе, не каждая эмоциональна. некоторые женщины не высказывают свое мнение о происходящей близости, о том, какие чувства она испытала в сексе. видимо женщина своим поведением поцелуями, объятиями дает понять мужчине, что он ей приятен, что с ним ей хорошо.;normal
беру игрушечный пистолет, стреляюсь, падаю, претворяюсь мертвым, лежу и долго не о чем не думаю;normal
в журналистику в прочем туда, где математика не является приоритетным предметом;normal
с пониманием того фактачто бюджет не справляетсяс таким размером пенсий;normal
сонную медитацию, желательно в долгой и глубокой фазе, в удобной позе, и примерно до обеда;normal
у меня есть целый список команд - достаточно нажать на кнопку со знаком вопроса;normal
определитесь, кто вы есть на самом деле. перед тем, как начинать действовать в своих интересах, нужно понять свою сущность. нет смысла становиться эгоистом, если вы не бережете свои интересы от всего мира. нет смысла совершать эгоистичные поступки, чтобы быть изгоем в собственном доме. если вы хотите стать эгоистом, делайте это с умом!;normal
конечно, может. даже без воды можно прожить несколько суток, а без пищи несколько недель. и даже месяцев. если жить в тропическом климате можно прожить всю жизнь без одежды и без постоянного крова над головой. если здоровье хорошее. причем не только женщина может прожить без любви к мужчине но и мужчина может прожить без любви к женщине всю жизнь. остается открытым только один вопрос: зачем? знаете это как плохой фильм смотреть: смотришь смотришь его, понимаешь что фильм - ерунда, да вставать выключить компьютер лень. но все таки когда фильм заканчивается все равно приходится вставать и выключать. в этот момент всегда думаешь: почему я не сделал это раньше? только зря время потерял. лучше бы поспал.;normal
я бы радовалась бы если бы мне ее увеличили, а то инфляция растет, а она на месте давно;normal
если женился, значит у нее есть качества которые намного перевешивают отсутствие большого бюста.;normal
любовь создается нашим разумом, точного определения для нее нет, потому что она бывает разная.;normal
зачем ты общаешься с женщинами? ты же анимешник!ты лучше расскажи, что тебе в этом году понравилось из весеннего сезона аниме?;normal
если церковь воспринимаешь как свет, то случться нечто, что поколеблет твои духовные ценностии;normal
я сама эмоциональная, поэтому на стороне эмоций, а не холода и безразличия.;normal
проблема загрязнения души эгоизм, алчность, зависть, ненависть и глупость.;normal
любая идея представляет интерес до тех пор, пока не становится культом.;normal
избивают или убивают на глядно всему народу. точно не помню. вроде бы в кавказе это.;normal
я прилично готовлю. поэтому не знаю что такое вкусненько если только устриц на ужин;normal
как в фильме, новые амазонки бабы победят. и будут почкованием размножацца;normal
это когда рядом кто-то есть, и ты понимаешь что ты для него и есть счастье.;normal
за то, что это я. я такая какая есть. от себя никуда не деться. поэтому надо любить.;normal
у меня есть целый список команд - достаточно нажать на кнопку со знаком вопроса;normal
какая там прописка у жмурика? кладбище, второй ряд третья могилка справа?;normal
тоже вполне хорошее, день был неплохой, только вот не могу себя заставить лечь спать;normal
конечно нельзя. это еще не ваша собственность. вы же за нее еще не заплатили;normal
раньше думал, сейчас уже привык. я на юге украины в прифронтовой зоне живу.;normal
смотря какого мужчины руки. если любимого то куда хочет туда пусть и направляет;normal
да. а то стали мы все иванами, родства не помнящими. быдлом без прошлого, без предков.;normal
каждому в чем-то везет, а в чем-то нет, так не бывает чтобы во всем везло или наоборот;normal
те кто будет поставлять оружие противнику в войне, становится его союзником и руки развязаны.;normal
масло под названием жизнь. в этом масле собраны все ароматы и вкусовые качества желаний.;normal
тети чаще говорят что я умный, но я то знаю что врут специально, красивый же я просто.;normal
если будешь рядовым членом, то только печенье достанется, дорастешь до немцова, тогда и бабки;normal
надо быть человеком в любом качестве. мракобесы и фанатики вряд ли нормальные люди;normal
суп с фрикадельками. курицу с овощами. пирог с капустой и яйцом, чуть позже;normal
звездные пары часто в разъездах, поэтому видеться им приходиться не часто, а в связи с обстановкой в мире - пандемией коронавируса, у них были отменены съемки и концерты и так же как и обычные жители им пришлось сидеть дома. соответственно поры проводили больше времени друг с другом, находили минусы в другом и его недостатки, поэтому осознали, что его пара - это не тот человек, с которым они готовы провести всю жизнь, поэтому они разошлись.;normal
да конечно надежда умрет последней, но проблемы есть как бы мне етого не хотелось;normal
о самовоспитании. но не всегда помогает. но это не спор, а скорее, монолог.;normal
действующий загранпаспорт и виза. для того, чтобы выехать за границу, этого вполне достаточно.;normal
нет, неправда. у дочери мч служил в оренбурге, а живет в самаре. недалеко, конечно, но все же.;normal
свободы хотим мы только виртуально а в реале жить под чужой волей для нас необходимость.;normal
делать то, что не получается. отрицательный результат тоже результат, а опыт сын ошибок.;normal
наладить отношения с женой может только любящий мужчина и это вообще не сложно. вы же ее муж, вы знаете ее лучше других.;normal
почти все мужчины любят есть мясо. поэтому стараются приготовить вкусно, так, как нравится им. некоторые из мужчин считают, что женщины мясо только испортят. те из мужчин, кому действительно удается вкусно готовить мясо, любят побаловать семью, а особенно свою женщину ужином, в котором мясо - основное блюдо. и им это удается.;normal
а ноо что от нас зависит? они сами за нас все решат, если любоффь спит.;normal
у меня мечтательность лишь витает, а светренностью это понятие не совмещает.;normal
это фермеры основная часть производства. ради интереса в каком вы классе?;normal
если льется, то зачем? в теплом двигателе разогреется и стечет куда надо.;normal
приведите пример роста пенсии по соотношению к инфляции? наверное это компенсация а не повышение;normal
нет если выпустят в конце апреля начале мая, как и планировали, то не сойду;normal
блин самую первую очередь надо быть себе уверенным и не много наглым. уверенные парни всем девушкам нравится;normal
у меня тоже все работает. почистите кэш в браузере, может от этого проблемы;normal
ну не знаю как о плоти которая из праха и в прах, но души точно воскреснут и будут новые тела;normal
да вот, песню послушал, раньше просто нравилась, но теперь я понял ее смысл;normal
счастье это когда хорошо, когда любые беды мелочь, да и нечасто они случаются;normal
в никуда. но к счастью, можно осознать ложность пути и вернуться к поворотной точке.;normal
ну видимо, бульон сварить отдельно от овощей выпить сначала бульон, а потом съесть овощи отварные;normal
я пользовалась и пользуюсь. оптимальный вариант. все нормально. а вот с фарматексом залетела.;normal
главное, в этот момент виртуальным сексом не занимайся, а то черт его знает;normal
зайди на сайт атрон корп. у них есть платформы бесплатные. будет тебе счастье.;normal
хи хи. нет. ждут россию. она всем пенсии платить любит. просто болезнь какая то.;normal
я не отстану, пока не ответите. сколько лет, откуда будете, чем увлекаетесь и кем работаете или учитесь?;normal
а почему взрослые не любят работать? потому что и учеба и работа это насилие над человеком.;normal
фантасты снова могут праздновать пиррову победу: их мрачные пророчества снова сбылись. а виной всему - простая овечка долли;normal
начнете там совершенно новую жизнь. это будет трудный проект, но он того стоит. переезжайте;normal
больше всего я не люблю людей, которые заглядывают в мой кошелек, когда я его открываю. а вы?;normal
потому что, футбол это игра, в которую играет весь мир, а выигрывают немцы.;normal
не всегда. а если человек не делает ни добра, ни зла, как такого человека назвать равнодушный.;normal
.обязана быть красивой., стремиться понравиться мужчинам. первая фраза для меня, извините, автор, ерунда полная. у красоты разные единицы измерения, на вкус и цвет товарищей нет. а вторая фраза - это смысл жизни женщины. понравилась - ответили взаимностью - семья - дети - счастье. тут, по - моему, все понятно. стремиться понравиться не только женщина, но и мужчина, этот процесс обоюдный, результат которого - семья и счастье.;normal
полиуретан в мороз становится жеским. а некоторые экземпляры воняют неприятно;normal
уток в духовке с картошкой запекаю, а еще. еще я работаю, и в инете сижу;normal
никак, у меня ожог был год назад, пятно до сих пор осталось. даже летний загар не помог;normal
наверно кто нибудь из родных. но все это в конце концов ни к чему. ведь и родные смертны.;normal
я давно в телефоне читаю. младше была, перлась по бумажным. не понимаю почему;normal
свежую в початке отвариваю и ем с солью. консервированную люблю в салатах и так иногда ем.;normal
это кому как. в реале больше возможностей, а обмана. обмана столько же.;normal
так это же миф. ща меня бомбанет. какая нах кровь? а если ее не будет совсем? дальше даже читать не буду, как каменный век какойто. банальное незнание. ай, все.;normal
под воздействием паразитов осознания их энергетика постепенно меняется на более негативную.;normal
но все ж, ты с удовольствием в такие моменты оголяешь то что другим смотреть недозволено?;normal
второй что бедный не беда, буду помогать и стимулировать собственно так уже и было;normal
бывает просто мудрость. пол человека для нее это не определяющий фактор.;normal
испания, греция, черногория-это если нужен и пляжный, и экскурсионный варианты отдыха.;normal
не согласна. хочется еще много увидеть. хуже умереть от болезни, хотя так умирают почти все.;normal
если чего-то боятся а судя по всему боятся можно всего чего угодно, смысл вообще тогда жить?;normal
затянуть подольше, чтоб было больше времени подумать что делать дальше.;normal
без мужчины жизнь лишает нас частички женственности, а мужские руки от природы сильнее.;normal
в настоящее время большинство, так как в моду вошли джинсы и узкие брюки.;normal
да. это прежде всего неуверенность в себе и в любви вашего молодого человека.;normal
так мало ли кому кто нравится. у него наверняка есть жена, дети. внимание женщины к этому мужчине не доведет не до чего хорошего, во всяком случае для его семейной жизни. да, и это видимо не взаимно. возможно, женщина не понравится врачу, в плане женщины конечно, а не в пациентки.;normal
искуственное дыхание, только не забудь свет выключить, а то не вернешь в жизнь ни ее, ни себя;normal
она пытается флиртовать и быть побольше рядом ревнует если парень с другими девушками;normal
лучше всего ничего не делаю. принцип, как у врачей, главное не навредить.;normal
очень люблю красный, бордовый. а после этого просто прозрачным лаком, без них не могу;normal
приложи усилия, дорога появится. желание без дел всегда останутся плодом фантазии.;normal
мировая экономика. это более широкий профиль эконом образования и устроиться будет легче;normal
нет. гимнастику утреннюю иногда делаю, гантели тягаю, гири. но не более.;normal
мысленно фигу показать и не реагировать. если здесь. а в реале бить что есть силы.;normal
мода это то, что очень быстро проходит. предпочитаю свой стиль, добавляя дух моды.;normal
иногда мужчина, узнав о рождении ребенка на стороне, начинает радоваться. ему будет приятно знать о продолжении своего рода, но без определенных обязательств с его стороны на содержание и воспитание ребенка. личное дело женщин сообщать мужчине о рождении ребенка или нет. заранее надо подготовить результаты днк для подтверждения отцовства. не каждого мужчину эта новость обрадует, это не всегда подарок.;normal
на что похож купол церкви с крестом на верху? на холмик могилы с крестом. поэтому и страшно.;normal
счастливее тот, кому на все хватает. а для этого вовсе необязательно быть самым богатым.;normal
чужого. чужой всегда кажется лучше, умней, красивей и желанней. но это только на первый взгляд;normal
никакого. революции в россии отменяются по причине умственной недостаточности революционеров.;normal
у меня старший кот не дерет ничего, а младший об дощечку когти точит, которая на лоджии стоит;normal
врубите музыку на всю катушку и настроение поднимется у вас и у ваших соседей уж точно;normal
тем что это выдумки теоретизирующих бездельников и импотентов околонаучных бездарностей;normal
растение семейства тыквенных, из рода огурцов, бахчевая культура, ложно-ягода;normal
бросать не планируюя рада, что легко читается, лучший комплимент, спасибо еще раз;normal
это мои самые близкие и родные люди, ближе моей семьи у меня никого нет.;normal
высшее образование развивает все качества человека. в том числе и глупость;normal
просто, приходим в банк и получаем можешь оставить онлайн заявку на сайтах банков;normal
конечно. я читал конечно про ядер малого действия, так сказать, но что то не верится;normal
ну. кузнецов сделал все работу, и просто накинул овечкину. ты тупо подтвердил мои слова.;normal
тем, что тешат на аэродроме тоскующий народ выпрыгивая с зонтиками из боинга круглый год.;normal
я для близких и любимых людей на все готова и еще для детей, даже незнакомых;normal
по настроению. иногда корицу сыплю, иногда мускатный орех хорошо бодрит;normal
когда-то современные технологии, тоже были сказкой, а сейчас они в каждом доме.;normal
эспандеры предназначены для укрепления мышц кистей, но никак не груди и плечей;normal
потому что хотят детей и свой дом. а без мужа это возможно, разумеется, но очень проблемно;normal
если суши, то острые, если роллы, то либо с икрой летучей рыбы, либо во фритюре;normal
мы очищали металлической щеткой, а затем красили краской для металла, получилось нормально.;normal
если прямо сидеть, то почти ничего. а если ерзать, тогда чуток сгорит. только мозоль не натрите;normal
мужчина понимает душей и сердцем, что женится на этой и только этой женщине! он собственник и однажды понимает, что не может без этой женщины и она должна быть его и только его! понимаете- это порыв чувств, это любовь. с ней хорошо, комфортно, интересно, весело, она не дает скучать, ты можешь с ней обсудить все. ты не можешь оставатся без нее на долго, ищешь, ждешь встречи. ты без нее можешь наделать глупостей. она тебя окрыляет, ты готов для нее сделать все и даже больше!;normal
мне главное чтобы хлопка в них было хотя бы процентов, а иначе ноги преть будут как в пакетах ну и все вытекающие последствия;normal
если мысли работают против меня, то сдерживаю их не питаю их энергией и они не растут.;normal
если ты как следует меня попросишь, то когда-нибудь я дам тебе интервью;normal
пью ново-пассит, или пытаюсь абстрагироваться, например, валяюсь около телека и смотрю киношку;normal
потому что у ветеранов есть дети, внуки и правнуки, и всем нужна квартира.;normal
обычно цветные. а в последнее время даже и не помню. но сегодня посмотрю обязательно.;normal
никак. ни сайт почты не поможет, ни операторы колл-центра. обязательно надо знать идентификатор.;normal
никак не удалите. можете в настройках внести изменения и закрыть его ото всех.;normal
уаз-это для души идля настоящего мужика, а нива вообще непонятно для чего создана.;normal
внутренними качествами а вообще каждый человек личность одинаковых людей небывает;normal
не. я экспериментальная разработка. данные засекречены госбезопасностью кндр;normal
а чего вы хотите? мент-это охрана правопорядка, а сытая и добрая собака охранять не может;normal
потому что у некоторых врачей безумные лица, они наверняка причинят боль;normal
песня вроде знакомая, а клип впервые вижу понравился красивый, загадочный клип.;normal
ночь не только-только и отдых. это огни ночного города, романтика, волшебство своего рода.;normal
на матизе его хватает и так, а устойчивость на скорости на нем и так не идеальна;normal
раввин знает, что служит яхве. поп думает, что служит богу, но служит яхве.;normal
как к единственной реальной альтернативе нынешней власти. положительно.;normal
мое собственное. я выслушаю и родителей и друзей, но окончательное решение приму сама.;normal
где вы такую видели? двойные стандарты и болтовня. никакой демократии нет.;normal
в нефтепеработке нафтой называют легкую фракцию углеводородов, полученную при перегонке нефти.;normal
это самая сложная проблема в общении, когда люди говорят, а ихне слышат.;normal
процесс кафки а еще чехова почитайте просто здорово, легко, смешно и умно;normal
а может ты не лучше на самом деле, возможно ей что-то другое в нем нравится. ты ведь не можешь объективно оценить ситуацию, так как он это не ты. так что будь аккуратнее друг, а то наворотишь делов всяких;normal
подкаблучников не выбирают. подкаблучниками мужчин делают сами женщины. и происходит это очень просто и быстро. любой мужчина, который действительно любит свою женщину, как минимум любит ее больше, чем себя, и дорожит отношениями с ней, становится подкаблучником в той или иной степени. а вот какая это степень уже зависит от женщины. либо она хочет жить с мужчиной, который ее любит и ценит, либо она хочет жить с каблуком и нести на себе всю ответственность принимаемых в их жизни решений.;normal
к активному полету способны насекомые почти все, почти все птицы и около половины млекопитающих.;normal
в случае, если парень отъехал на время по необходимости, а девушка плачет, значит, она скорее жалеет и любит себя, а не парня.;normal
можно любить за внутренюю красоту а внешняя слишком придаем много гордости людям.;normal
а я не люблю, когда цель оправдывает средства, для меня важно остаться человеком в своих же глазах;normal
не всякая сцена театр. хочется и настоящий спектаклю посмотреть где нет правды жизни.;normal
потому что те. доказывают что мужчинки далеко не самые крутые. умелые. сильные.;normal
если вы про здесь, то нет, а снаружи у искусственного будут отсутствовать эмоции;normal
нужная машина для перевозки бомб. отношусь со смешанным чувством не хотелось бы войн.;normal
почему сразу внутри? может и снаружи и вообще передается это все с поколения в поколение на геном и кровяном уровне?;normal
наша жизнь-серьезная игра и надо знать когда задуматься, когда развлечься.;normal
мне понравился, красивый цветочный аромат, и в пир, и в мир, и в добрые люди. нравится покупайте.;normal
шутка. вообще-то мой возраст измеряется не годами, а обретенными знаниями;normal
люблю горький шоколад. потому что вкусно, полезно и менее опасно для фигуры;normal
проект не работает. нас не существует. ты единственный живой в мире. мы это иллюзия;normal
бояться те кто не дрался. будешь драться страх будет незнакомое чувство.;normal
жить с любителем споров очень сложно, так как теряешь силы и время на ненужные споры, а проще было бы сесть и мирно обсудить какую-либо тему. но нет, спорщик должен всегда победить, это очень изматывает и раздражает.;normal
как и при реформе в борделе нужно менять не простыни, а обслуживающий персонал.;normal
да. на одном валу ставишь двигатель переменного тока и генератор постоянного;normal
а зарплаты будут как в сша? а проценты по кредитам будут как в сша? если да то я не против.;normal
потому что школьники. нормальные атеисты и верующие своими убеждениями не выпендриваются;normal
ношу кожаные вещи. люблю их. ем мясо, очень его люблю. на животных насрать.;normal
приходится, наверное поверю если все будет так, как по справедливости должно быть;normal
ходить, разговаривать, пить, курить я начал одновременно и с тех пор не слушал родителей.;normal
вот я такая же хуйня. что значит всего лишь отвели на другой берег. всего лишь;normal
а вы б попробовали -коня на скаку, в горящую избу, я б поглядела тогда на вашу ауру;normal
найти баланс между тугостью руля и наименьшим стуком. а вообще по ходу перебирать надо.;normal
не только воду, а все. просто вода пластичная и реагирует приливами и отливами.;normal
только практика. для этого надо повысить трезвость и после этого начинать их видеть.;normal
я считаю-да. хватит выпендриваться, об учебе надо думать, а то нация стремительно тупеет.;normal
молодежь их в глаза не видела, а ведь турниры целые проводились, эх были времена;normal
это такое круглое, его давали на украине в старину, парню, который попросил руки девушки, замуж позвал, а ему в ответ такой вот гарбуз;normal
в очень теплый чай по ч. л. меда, малины, сок лимона. и так каждый час.;normal
попросить близких бить вас если не занимаетесь. и под страхом наказание заставите;normal
да не понимаю я и не принимаю все эти заморские праздники. нам и своих вполне хватает;normal
я выбирала такой чтоб процессор был не селерон, оперативки побольше, большой жесткий диск;normal
стараюсь не затрагивать без необходимости возраст девушек, себе дороже обычно.;normal
каждому свое, я предпочту проверенные авто немецких или японских производителей.;normal
если стоит вопрос как разлюбить?, то радуйтесь, так как любви и не было. была влюбленность. а она со временем забывается. трудно только первое время пережить свою брошенность. тут вам советов надавали много - смена обстановки, уход с головой в работу, новое хобби, новые девушки. и со временем все наладится.;normal
верность в первую очередь. искренность. взаимные чувства. остальное приложится.;normal
а мы, те у кого на гулянки была секунда, уже разобрались в своих желаниях;normal
не коплю. я их раздаю стационарный в школу, а мобильные любимым племянникам;normal
ты успешно вздрочнул!  на твоем счету  вздрочек. можешь вздрочнуть еще через  час  минуты  или воспользоваться какимнибудь средством.;normal
от клещей это не поможет. есть специальные капли, продаются в ветаптеках.;normal
в лучшую, сразу становлюсь восхитительным и прекрасным, само очарование, а-ля херувим.;normal
а на какую помощь рассчитывали? что рф стрельнула и нас сразу отдали? если бы;normal
а вы так вот утверждая, уверены в этом? многие девушки не верят в любовь, так они все говорят. а на самом деле они влюбляются и боятся в этом признаться. вот я уверен, что нет ни одной девушки моего возраста, которая меня бы не любила. но ни одна девушка в этом не признается. не говоря уже про остальное. а в браке жить могут все и даже не любя, имея кучи поклонников и любовников. я думаю вас это не очень устроит. любви и хороших взаимоотношений!;normal
твою красоту не смогут испортить даже носки с дыркой на большом пальце.;normal
думаю, что поддерживать общение еще будете, но прежней романтики в нем уже не будет.;normal
легко. вот как только очки помою, протру так и мир сразу преображается, чище делается;normal
некоторым мужчинам нравятся такие женщины из-за общих интересов, в том, что мужчина понимает технику и женщина в ней разбирается. мне, например, знание техн ки очень помогает и в ремонте авто, даже, посреди дороги. если что-нибудь поломалась, а физически не можешь открутить, заменить, поправить, можно объяснить мужчине, в чем возникла проблема и, быстрее ее решить. интересно наблюдать, когда сам мужчина не силен в технике, а ты ему рассказываешь, в чем проблема могла быть, с его стороны заметно ощущается уважение, прислушивается, делает так, как советую, затем снова обращается за помощью именно ко мне, а не к мужчинам.;normal
толерантность терпимость. атеист, который терпимо относится к религии и верующим.;normal
смотря как расстались. можно и друзьями остаться, а можно включить игнор.;normal
натираешь ею кусок войлока и этим куском полируешь предмет который ты хочешь отполировать;normal
ближе к высокомерию, так как на детей, имеющих мало знаний и не развивших еще интеллект, не гневаются. тем более те, кто совсем недавно вышел из этого возраста.;normal
многие подменяют реальную жизнь жизнью виртуальной. только пожалеть их остается.;normal
от любви до ненависти один шаг. такгже как сильна любовь такой же будет и ненависть;normal
пока ребенок маленький отец не больно нужен. как раз отслужит и придет няньчиться уже с большим.;normal
практически все мусульманские страны за пределами аравийского полуострова.;normal
на это заболевание проверяют младенцев в род. доме. в обязательном порядке.;normal
а воздух вы можете прокипятить? с запахом мышиных экскриментов может распространяться этот вирус;normal
неразделенная любовь. я его люблю, а он готов дать деньги любому, кто сунет карту в щель.;normal
не то, чтобы комфортнее, но по сердцу киров. и совершенно отвергаю екатеринбург.;normal
иные смотрят настолько свысока, что даже эверест мысли им покажется плоскостью.;normal
не каждая женщина знает о том, что она не умеет любить. потому и не умеет. потому и не любит.;normal
разрушения металлов клапана коррозия накипь штырь блокируется очень влияет качество антифриза;normal
я тебя умоляю. секс это вполне нормальная тема для разговора. почему нет то когда да;normal
eeoneguy ивангай и olyashaa оляша встречаются, но только по деловым вопросам, а так это лишь новый розыгрыш. наверное оляше хочется большей популярности и она с помощью своего друга и даже парня ильдара сама распускает такие слухи и снимает видео.;normal
собственность можно отмежевать, отсудить. утерять. все самое лучшее живет в сердце.;normal
потому, што сцыт. и, как следствие, теряет воду. все логично. банальная физиология.;normal
стоит следить за своим организмом и тогда вес не будет набираться снова.;normal
конечно все. любовь бывает разной и проявления ее тоже у каждого свои, но способны любить все.;normal
нет, не любим, девушка должна быть нежной и ласковой. со своим мч конечно.;normal
в чем надо убрать. и останется просто утверждение. мальчики лучше девочек.;normal
все зависит от индивидуальности каждого человека. во-первых, у всех свои приоритеты: для одного это семья, для другого карьера или самореализация в другой области, некоторые люди в принципе не планируют постоянных отношений. во-вторых, у всех также разные личности. кто-то комфортно чувствует себя без отношений, а кто-то, наоборот, вообще без этого не может.;normal
есть, но что-то у меня в домашних условиях произрастает не особо активно. хотя, не дома.;normal
я пыталась обидеть оскорбившую меня полную женщину вернее, бабу базарную словом свиноматка не только потому, что она жирная, и у нее два подбородка, но и потому, что вела себя как последняя свинья.;normal
для этого нужно быть гибким и комуникабельным. другое дело а на кой оно надо?;normal
представлю как ты болеешь вирусным энерузомк примеруне уверен что такая хворь бывает;normal
макароны с грибами, с сыром. рис с овощами и с консервой рыбной к примеру.;normal
я иногда мужниным парфюмом пользуюсь. уж очень нравится мне его запах. балдею просто.;normal
конечно-конечно. радикально лечит от основной нашей болезни, от которой все умирают.;normal
все люди разные. и есть такие люди, которых уже не переделать никогда, и среди мужчин, и среди женщин. очень жаль, но это так. я давно уже считаю, что за измену надо сажать в тюрьму. или наказывать рублем, причем не в пользу того, кому изменили, а в пользу государства. чтобы подставных измен не было и выгоды с этого никто не получал ну, разве только если в качестве мести: ты мне не изменял, но я докажу, что изменял! я тебя разорю!. все зависит от моральных взглядов и от воспитания, от той среды, в которой человек рос и развивался, на чьих примерах он воспитан.;normal
сколько бумаг находится у каждого человека в доме с собственным почерком? тем более, в наше время, когда бумага и ручка не проблема, а необходимость что-то писать возникает довольно часто. конечно же, опубликованы старые бумаги. мало ли что человек писал при жизни. это доказывается еще и тем, что на обратной стороне листа пропечатались буквы. такое бывает обычно спустя много месяцев.;normal
борюсь с гиподинамией и остеохондрозом работа кабинетная, пешком не хожу;normal
обязана этава зарабатывальщика любить что есть мочи, иначе он не сможет столько зарабатывать;normal
кстати, в этом кроется одна из причин моего в какомто роде позитивного отношения к представителям лгбт;normal
ничего не делать, просто не обращайте на него внимание, тогда у него наверное будет повод задуматься.;normal
женщины любят ушами, а мужчины глазами. поэтому все женщины красятся, а все мужчины врут.;normal
задача прокурора совместить законность и справедливость в юридическом экстазе.;normal
думаю что так же как и женщины, о любви, счастье, долгой семейной жизни.;normal
неа. очень редко пользуюсь такой возможностью. хотя все зависит от компании;normal
даже сильная женщина ждет болеесильного мужчину это генетически заложено природой;normal
индивидуальность. у кого то теспература, у кого то давление, у кого то пульс. мы все разные;normal
буду сидеть в интернете и бесцельно переключать каналы, короче вечер будет веселым.;normal
нужно выполнять дыхательные упражнения, физкультура еще никому не мешала;normal
сейчас много препаратов, но самое хорошее средство вакцина и крайнее переливание крови.;normal
ванночки с отваром лаврового листа. найдите в интернете гимнастика от геммороя.;normal
очень эффективны, если ставить перед собой задачи и их решать каждый день;normal
можно, я так и делаю с помощью измерительного моста, нет ни чего проще.;normal
однако смотри на девочку , фотка в виде авы, думаю свое имя она рассказала в этом чате точно. потом что еще, сказала про возраст  лет.а это уже цп считай.цп в даркнете имеет свою цену.;normal
бред какой-то парень не должен ревновать свою девушку к своему другу, в котором уверен, которому доверяет, но а если парень ревнует девушку к другу то значит другу уже не доверяет и в нем не уверен, то и дружбы уже не какой не может быть. нормальный парень не будет сомневаться не в своем друге и девушке. пусть сначала разбереться в себе, видно ваш парень в себе не уверен. если конечно вы не даете признаки для ревности или же друг вашего парня. сядьте и поговорите все втроем о обсудите это все, пусть каждый выскажет свое мнение, недовольство и в дальнейшем может и не будет не каких скандалов.найдите компромисс!;normal
честно, стараюсь ни чего там не покупать. мне проще и удобнее в стране пребывания приобрести.;normal
у каждого человека есть мечта, разница только в том, насколько она осуществима.;normal
все индивидуально и закономерностей нет. идентификация с жестокими родителями бывает не реже;normal
я точно знаю. знаю и год и месяц и число. и что из того? это только помогает мне жить.;normal
шапку на голову на одеть, чтобы мозх не перегрелся. ну и выпить не до, а после парилки.;normal
нет, ну можно и завтра. только меня уже удалят к тому времени за инакомыслие.;normal
в этом случае любят мечту, свое желание, призрачный идеал, а не конкретно тотого;normal
по привычке, организм на работу разбудил., он не понимает что сегодня воскресение;normal
тут дело чести и достоинства, я взрослый здоровый мужик в какой то рыбке проебываю!;normal
кому ты меня собралась подарить? неее, не серьезно как-то подари ему себя;normal
давай просто останемся друзьями-обычно потом они начинают истерить-не любят быть вторыми.;normal
ну я такими вещами не занимался, а обычно в проге aida врубал тест стабильности системы отметив нужные галочки и через часок графики нужные листал.;normal
бриллианты-? ну здрасьте. ты не знаешь, разве-? бриллианты -это мы -девушки.;normal
был бы монастырь, то и ходить было бы нечего, а поскольку это рассадник зла, то почему бы и нет?;normal
кризис в отношениях - это показатель того, что люди устали - пускать друг другу пыль в глаза, делать то, что им - не свойственно и что отношений - нет, но есть - взаимоотношенияты - мне, я - тебе.;normal
это половая принадлежность причем без срока давности так вечно в принцах и ходят;normal
россия это не ссср и в этом большая разница, сейчас эту армию боятся только русские призывники;normal
ум-это эрудированность и интеллект, разум-это здравомыслие и здравый рассудок.;normal
а что еще тама заводится? блохи что ль? а ноги брить надо? а жоппу? а спину?;normal
вообще-то мужчины в наше время предпочитают брать в жены любимую девушку, женщину независимо от того девственница она или нет. предпочтение девственниц становится анахронизмом и существует еще у малых народов, почитающих законы и предрассудки предков. девственность залог чистоты, непорочности девушки типа как вещь которой никто не пользовался. хотя наличие девственной плевы не может гарантировать на то что девушка не занималась сексом например оральным, анальным, мастурбацией.;normal
у меня часто наушники уползают. кто знает, уж не на свидание ли с вашими носками.;normal
много читать, работать над собой и над своей дикцией, можно как мерлин монро перед зеркалом.;normal
другим валерьяночки советую выпить сама конфетку кушаю доброго вечера и нам;normal
ужасный плановик. ничего не предпринимаю, думается, что это не исправить уже.;normal
нефтяник это у кого нефтяная вышка? или который по локоть, а иногда и выше в грязи?;normal
подумайте, как подать себя и произвести хорошее впечатление. заранее узнайте интересы человека.;normal
развитие отношений со знакомым мужчиной, в следующем году возможно создание семьи;normal
в косметикееще можно красить художественной постельюона немного дешевле;normal
я занимаю положение лежа, а потом я вырубаюсь и дальшне мой тело творить все что угодно;normal
например, нейтральное отношение, взгляд, мнение, где нет восхваления или осуждения.;normal
анекдоты люблю рассказывать.иногда читаю случайные статьи допоздна, а потом ругаю себя за это;normal
когда мы за рулем - это наши враги. а когда сами пешеходы - сколько же козлов за рулем.;normal
а я уверенна что это все развод -иначе все у кого есть интернет зарабатывали бы;normal
мне тоже нравится красная плесень, а еще ария, кипелов, сектор газа, король и шут и т. д.;normal
нормально. что ж поделать если природа чуток напутала в ихней ориентации;normal
потому что власть-их болезнь. и как только они ее получают, несколько успокаиваются;normal
природное явление. когда начнется великая скорбь, ни у кого не останется сомнений на этот счет.;normal
работаю над временной работой по временному занятию рабочего времени, кажется так;normal
не сдавай иностранные. но, тогда на российские придется полностью обучаться.;normal
кудрявые гораздо лучше. терпеть не могу лысых. лысеют от беспутной жизни.;normal
нормально. масло в коробке обладает определенной вязкостью. вот и тянет немного.;normal
для начала надо зайти в настройки аудио в меню игры и если там все норма, то игра с косяком;normal
также лучше не делать комплименты, когда девушка их не ожидает, допустим когда у нее совсем нет настроения или она на вас очень сильно обижена.;normal
зато вопросы взрослые. а про сиськи и письки это надо отдельную тему дрочерам делать.;normal
остается как было, вроде как. можно перейти на старый формат, но на новый обратно перейти нельзя, пока опять не наберется;normal
в интернете полно тематических чатов по интересам, проявите в них себя как интересную личность, и вы обретете много новых знакомых;normal
за модницами больше и то не за всей, а выборочно окорок, огузок, филейную часть обожаю;normal
а я подумывал о татуировке серп и молот на грудихоть сам и не коммунистъ;normal
прическа ниче такая кст видел такую же у одной девушки с этой беседы, ток не помню как ее звали;normal
самых-самых красивых имен не бывает, есть предпочтения того или иного человека;normal
одни чтобы порисоваться, другие от дурной привычки. я не курю, но страдаю от курильщиков.;normal
пироги с картошкой, с мясом, с капустой, словом, с любой несладкой начинкой.;normal
у меня то же.приходится как то без него обходиться.наверное, я старомоден;normal
зачем же делать аборт. лучше родикто тебе сказал что при родах умирают?;normal
наверняка они о чем-то да думают. женщина, возможно, думает, хорошо ли она выглядит, а мужчина - как не ударить в грязь лицом. ну, это касается, если к первому сексу подойти со всей ответственностью. если принимался алкоголь, то там и без секса мыслей немного.;normal
мужчина по своей природе старается осеменить как можно больше женщин, так как это все заложено в природе. это все происходит для продолжения рода человеческого.;normal
это сочетание приятного с полезным, путем получения физического и морального удовлетворения;normal
ну когда мать начинает со мной драться, я достаю ножик, и она сразу убегает в туалет, боится;normal
смотреть, как моются люди. и многое другое. пойдем в баню заодно и помоемся.;normal
общество то есть что то общее, но в этом обществе общее только то, что каждый за себя;normal
я люблю дождь. когда он идет я чувствую некоторое перерождение, можно даже сказать очищение.;normal
могу сказать за свою машину. мицубиси паджеро спорт. настоящий рамный внедорожник.;normal
может этот мужчина не оправдал мечты женщины, став для нее бывшим да еще и козлом. зато мечтам автора вопроса, вполне соответствует! мечты-то у всех разные!!! удачи вам.;normal
предположим, у жены открылись глаза. после рождения второго ребенка она окончательно поняла, что ее муж глупый человек. для жены наступил тягостный период внутреннего осознания прошлой ошибки в выборе мужа, который внешне заглушается жалобами на глупого мужа и жалостью к самой себе.;normal
смотря куда становишься на колени, если на холодное что-то то можешь застудить, болеть будут;normal
китай по статистики за прошлый год стоит на первом месте по продаже электромобилей, молодцы. обогнали всех;normal
не надо сейчас. я жду курьера с коньяком сыром лимоном и шоколадом понятно в какой день.;normal
тем что его можно пить без водки. а вот водку без пива. деньги на ветер;normal
поедание не сопровождается, а вот наблюдение за поеданием могет быть, могет быть.;normal
никак. если начнешь добавлять незнакомых людей, то может быть заблокирован аккаунт.;normal
болезнь -это избыток чего-то в организме. боль это расплата за лень к себе.;normal
у меня вечно от  до к сообщений с этой группы, как не зайду, тут за политику;normal
от меня в основном, часто бывает оочень хорошее настроение, когда вокруг все злые или грустные;normal
деньги не главное главное семей ное благополучие а деньги со временем заработаете;normal
нет оправдания. чужая жена, это чужая для постороннего мужчины женщина.прежде чем начать любовные отношения с чужой женой, нужно прежде всего подумать о ней, чужой жене. например, мужчина увлекся чужой женой, она влюбилась в него, а он понял через определенное время, что она для него ничего не значит, он ею сыт по горло, она банально надоела. мужчина ее решил бросить, она нашел другую, а у чужой жены разбито сердце, она охладела к мужу, ей не интересно жить в семье, нет взаимных чувств. мужчина разрушил семью, принес страдания чужой жене, не подумав о том, вдруг когда-нибудь такие отношения сложатся с его женой.;normal
мне лично от кофе и от любви а так, у каждого своено даже от души можно отказаться. при желании;normal
при высоком давлении, как медик, не рекомендую, а то сладкая смерть может быть;normal
на работу попоже прийти, а с работы пораньше уйти. не могу два раза в день опаздывать.;normal
а так к друзьям или родственникам я с радостью хожу на ужины и всегда при возможности принимаю такие приглашения;normal
всем чем угодно. сейчас тута сижу. и это плохо. времени свободного нет. а я тута.;normal
это те, кто считают, что настоящая, не искаженная библия может быть только на латыни;normal
может еще эмоциональный элемент какойто замешан. с незнакомым мужиком это какоето порно получается;normal
бл, не обязательно любой разговор о политике идет к срачу. и не обязательно любой разговор о политике это разговор об украине;normal
я люблю получать подарки, но не люблю, когда дарят лишь бы подарить. неискренне.;normal
твой какаши неадекват, это факт. который могут подтвердить к ряду два человека как минимум, помимо меня.;normal
господи быстрее бы, а там только богу известно. но хорошим ничем явно не закончится;normal
у тебя что, все программы которые установлены постоянно работают, что ли?;normal
семейная жизнь вообще сопряжена с трудностями и преодолениями собственного эгоизма;normal
наверное оптимистов, т. к. почти все всегда надеются на лучшее, ждут хорошого.;normal
если и полная медицинская энциклопедия, есть куча медицинских справочников. семья медицинская;normal
потому что из них убрали водуа вода делает объем продукта большеи каллорий меньше;normal
и кто же ей помешает? неужели наша либересня? они даже в парламент не пройдут.;normal
медный дороже, но гораздо лучше ток проводит. алюминий дешевле, но хуже проводит.;normal
я тоже все запахи чувствую хорошо, что езжу не в маршрутках и автобусах, а за рулем;normal
любовь - это слишком пафосное и слюнявое слово, подходящее лишь для попов, разводящих свой религиозный, опиумный, тошнотворно-отвратный елей, да для романтических мечтаний и глупых разглагольствований некоторых безмозглых представительниц женского пола. доброта и совесть - вот величайшие из всех качеств. единственных и неповторимых качеств, наличие которых и отличает человека от нечеловека.;normal
плохого ничего нет, только удовольствия как с любимымым человеком тоже нет;normal
ахахахаахаах лорочка выслать ящик дезинфектора с родины?? а я коньяком энто делаю;normal
у меня есть целый список команд - достаточно нажать на кнопку со знаком вопроса;normal
ну строгое что-то, не яркого цвета точно, можно и куртку, но не короткую, в идеале конечно пальто;normal
сначала надо причину установить невидимую, исходя из этого и относиться.;normal
насколько я понял из личного общения, для них бог абсолютно научно доказуемый физический закон.;normal
будьте открыты и позитивны. умейте начинать и поддерживать беседу. учитесь слушать.окружите себя дружелюбными людьми. вам будет проще стать дружелюбным человеком, если проводить больше времени с такими же людьми. они будут для вас образцами для подражания и даже заразят позитивным дружеским отношением!;normal
раньше, за чубы, сейчас за тупость и скотство. при этом делают различие, не все украинцы хохлы.;normal
и работала, и брала то, что дают одежда также продукты питания, потому что это необходимость;normal
у меня есть целый список команд - достаточно нажать на кнопку со знаком вопроса;normal
я вообще не представляю где центр вселенной, поэтому точно сказать не могу;normal
им суда ждать, от существа гневливого и непоследовательного. а мы ничего не ждем.;normal
помещай письма со спамом сразу в черный список они не пройдут больше никогда.;normal
да вроде не отравилась но горжусь собой даже больше, чем когда мотоцикл себе сама купила;normal
ой и не говори, отношения это ппц как сложно, особенно если есть чувства.;normal
запрещены, надо сообщать, но я лично не верю, что их удалять будут, хотя следовало бы.;normal
я на тракторе работал на зеленом дизеле нифига не заработал еще и фуфайку сп здили.;normal
мне помогает горячий зеленый или черный чай с молоком без сахара. попробуйте;normal
особенно когда любимого человека рядом нет. одиночество друг человека, всегда будет ходить рядом.;normal
красивые девушки все с амбициями, пока выбирают себе парня, некрасивые давно замуж выйдут;normal
у меня есть целый список команд - достаточно нажать на кнопку со знаком вопроса;normal
да, неизвестно как поведут себя его гены в вашем организме. есть вероятность несовместимости.;normal
если не дано, то и развивать нечего. а если есть способности, то проявятся все равно;normal
если зп белая, то ничем, если серая, то в уу видно все. оперативная обычно для налоговой;normal
нет. еще и гены нужны то есть осмысленный текст. это как набор случайных букв не роман;normal
ну это сейчас остались мелкие. а ископаемые были ого-го, лягушечки по полтора метра в обхвате.;normal
если смс отправляются с компьютера, то должны писать айпи, по айпи както можно найти;normal
есть  смысла у слова триггер.один смысл в асмр триггер имеют форму приятных ощущения жанров , а второй смысл триггер это вещь которая тебя бесит;normal
если девушка не в отношениях, то думаю, что рано или поздно ей их очень даже захочется.ведь уже в возрасте - лет организм зреющий и природа берет свое.все ее существо начинает стремиться познать мужчину.и от этого никуда не деться.это - природа.а если не в отношениях, то думаю ее существование довольно монотонно - конечно есть подружки, но они не способны дать ей те чувства, что мужчина или молодой человек.возможно ее жизнь разнообразна и до некоторых пор она не совсем сознает, что чего - то в жизни не хватает.но, с возрастом она все более должна ощущать, что нужен мужчина, чтобы ее жизнь стала наполняться неким смыслом.что касается так называемой бытовухи.она может быть уже только при замужестве.но, ведь мы сами решаем какова наша жизнь - только бытовуха, или жизнь полная того, о чем мечталось.и если человек хоть как - то старается быть любимым, то наверняка это должно получиться.что касается скандалов, то конечно без них не обойтись.но, это во многом зависит вообще от совместимости двоих или напротив.люди ведь получаются вместе не для того, чтоб скандалить.они вместе для того, чтоб ощущать свою жизнь такой, о какой хотелось мечтать.а скандалы конфликты - порой совсем необдуманное поведение, если разобраться всего лишь по молодости, когда нет желания работать над отношениями, банально из - за лени.через какое - то время это пройдет, если двое осознают, что собственно им вдвоем - совсем неплохо.;normal
можно, только осторожно. и забывайте, что потом, будете в ответе за тех кого приручили;normal
ну ты же понимаешь, что чистая расса и крематории это не сразу. до этого должно дойти. этого нужно ждать? шо значит всего  депутата? их вообще быть не должно. сегодня , завтра;normal
можно, банк ренессанс-капитал выдает кредиты иногородним. и проценты у них самые маленькие.;normal
посажу ее на горшок, дам слабительное, сделаю клизму и возьму второй комплект ключей.;normal
они их не ненавидят, они не замечают их существования. но на украине это называется ненавидят.;normal
я всегда покупаю подарки всем в равных долях. что бы не обидно было и остальным.;normal
а возможно муж не уделяет ей полноценного внимания, не хвалит ее как женщину, не восхищается красотой и не считает ее привлекательной, одно из перечисленных вариантов достаточно чтобы женщина пошла на свидание.;normal
смотря что. гепатолог. гастроэнтеролог. а если вирусное поражение то инфекцианист;normal
нет, не будет, потому что гной-это выход лейкоцитов, он отвечают за иммунитет;normal
у меня есть целый список команд - достаточно нажать на кнопку со знаком вопроса;normal
не просто чувствую, а ощущаю ее. хочу встретить весну во всей своей красе;normal
ммм. самое то. мое. обожаю. -это для души, ну а для танцев под настроение инуся;normal
положительно, мечтаю туда поехать, но не сейчас, а попозже, туда недо ехать минимум на месяц;normal
а почему нет? у меня в окне напротив женщина ходит голяком.даже сидит на кровати, от жары расставив ноги, а мне все видно.муж ее, правда, ходит в трусах.но это их личное дело.если знают, что их видно и не парятся.квартира это личная территория и они не нарушают никаких законов.;normal
нормальная бюджетная машина, зад большой, зато и багажник не маленький. лучше калины и приоры.;normal
бог дух, духовные личности пола не имеют. это на земле мужчины и женщины.;normal
а выплаты от фсс разве не напрямую идут? и тебе через сколько после закрытия больничного пришли? а то я только  числа закрыл больничный;normal
спорт большой спорт вреден сам по себе, и без допинга он просто невозможен и это многие понимают;normal
андрэ нортон серия королева солнца, захватывающая космическая фантастика.;normal
шампанское, цветы, свечи и эротическое белье. а институт можно и прогулять ради такого случая.;normal
дети обычно в семье рождаются, а любители порно не любят семейные отношения.;normal
потерпи до завтра и дуй к невропатологу. не дай бог неврит тройничного нерва-это погано;normal
не знаю, если я ношу шорты, то создается стойкое ощущение того, что я голый;normal
на такое нет времени, ибо пока будешь по старой страдать новую могут увести;normal
высота отношений зависит от чистоты слов от искренности души и тепла сердца;normal
у меня много было хороших уроков и ни про один из них я бы не желал особо распространяться.;normal
слишком много ссылок. я могу проверить не больше  ссылок в одном сообщении.;normal
просто несколько кусочков положила в горшок и он там лежал, когда весь изсох, то выбросила остатки. аля примитивное народное средство;normal
у каждой своя. мечта. кому-то и вовремя забитый гвоздь мужчиной -мечта.;normal
чрезмерная чувствительность, трогательность, ранимость, нежность. по-моему так;normal
да. как я их ловко решаю. впрочем, и о нерешаемых говорю. чтобы вместе со слушателями посмеяться.;normal
да чтото не знаю, на работе все резко стали заболевать ходим все страдаем а твои как?;normal
шоколад это фигня. вот когда ты с похмелья выпиваешь глоток холодного пива.;normal
ну, отчего же? можно взять холодную кастрюлю и перелить в нее горячий борщ.;normal
у всех людей одно предназначение уметь быть человеком и сохранять человечность в любых ситуациях;normal
никогда, даже если они утверждают так, в глубине души верят и надеются.;normal
заболеть раком и сделать химию себе. ты мужик или кто? пусть растут себе;normal
внешне красавчик. ты случаем не метросексуал? фотки у тебя, что у барышень один я любимый;normal
нет, и толстый, и худой стремятся к нормальному. а нормальных у нас очччень немного.;normal
работа. то есть что за бабло. любовь даром. желательно оба. но иногда одного достаточно;normal
практически так же, как у юрлица. вместо должности индивидуальный предприниматель.;normal
неа просто мое сокровище вечером приехало. а так то коньяк был. пиво так на опохмелку;normal
очень хорошо помогает мазь медерма-это офигительное средство все быстро исчезнет.;normal
на современном этапе развития техники вполне возможно, что после третьей мировой войны никто не выживет;normal
когда ногти накрашены и я ничего сделать не могу приходится просить по-добренькому;normal
на нем можно все. просто на этом компьютере повышенные возможности для современных игр.;normal
иногда терпение, толерантность не знаю когда любишь и страдаешь, такая любовь начинает напрягать;normal
если жена является и хозяйкой, и другом, и любовницей, то вообще никто не нужен.;normal
ежели человек утверждает, что бог внутри человека, то в нем точно бес поселился.;normal
если гифки как-то влияют на реально существующие отношения то туда этим отношениям и дорога.;normal
нет, таких тем нетсомневаюсь, что тут ктото интересуется математикой или программированием;normal
я мечтаю чтобы у меня была лоджия, балкон не важно. думаю всему св время.;normal
угу, а потом захожу, сажусь в ложу и начинаю смотреть спектакль новости на первом;normal
подобрать пароль к ящику и зайти на его агент контакты есть, только нет текста переписки.;normal
зачем жениться если не было дот этого любви, да любовь бывает сострадательной, но когда-то это дело имело место и свое значение.если взять в руки клубок и размотать по секундам прожитую жизнь величиной в лет хххх секунд это столько времени вы провели вместе, и это отличный эксперимент. и это если каждую секунду вашей жизни на один миллиметр переводить тогда получиться что вы прошли миллиметров пути и попробуйте после такого расстояния не влюбиться в свою жену, хотя любовь и влюбленность разные по теме состояния. по сути любая проходящая мимо женщина или девушка при первом взгляде могу прочувствовать влюбленность, а вот если бы был вопрос по другому, вместо влюбиться. полюбить.???!;normal
меня, вот, дважды до смерти пугали. я лично провожала пугавших в последний путь.;normal
духовный голод-он пассивный, хочет-но-нет-ну и нет. а духовная жажда-активная-хочет и ищет.;normal
главное во время ссор не накручивать себя и не преувеличивать масштаб проблемы;normal
сейчас в городе санктпетербург:  температура воздуха  .c чувствуется как  .c влажность   ветер   мс рассвет в :: закат в ::;normal
те кто зарабатывают некогда тебе не скажут как, тогда ты будешь их конкурентом. закон бизнеса;normal
каждая последующая любовь сильнее предыдущей. а первая уже кажется таким детсадом.;normal
чувствую. это значит, что можно знать мало, но при этом понимать много. халява;normal
ты дура? ты хочешь выйти замуж за того кто не хочет жениться-это все равно что лететь по воде;normal
но к сожалению такое счастье выпадает женщинам редко, а тряпкой в большинстве случаев называют мужчину.;normal
ревность это нормально. не ревнуешь значит не любишь, но не надо доводить до крайности.;normal
обрадуюсь, меня, значит, кто-то любит. и это напомнит мне о любви христа ко мне.;normal
если у тя и так волосы немного темные то поможет отвар из кофе, чая и луковой шелухи;normal
вначале получи патент на изобретение. может кто-то уже до тебя это изобрел. иди в патентное бюро.;normal
если у вас возник этот вопрос то конечно стоит написать и вообще выяснить отношения, иначе так и будете всю жизнь жалеть вот тогда не выяснили отношений. наберитесь смелости и вперед. но можно и не писать, а придумать случайную встречу или если есть друг, то через него узнать как она к вам относится. но выяснить отношения конечно надо.;normal
нет конечно, с какой стати я им что должен если у нас фамилии одинаковы.;normal
ну тут-то я всегда смелая, а вот в жизни хромает у меня смелость краснею и бледнею;normal
в основе одиночества лежат разочарование, ненависть, злоба. как можно этого не бояться?;normal
в руках любимого мужчины женщина ощущает счастье, трепет и полное ощущение жизни.;normal
голоса слышат больные.молюсь.чувствую душевное облегчение и наступает помощь людскими руками.;normal
в вишневый. стильно,. но главное не цвет а как уложить и причесать. ага;normal
для этой жизни все. но остается надежда на то, что будет воскресение праведных и неправедных.;normal
это в законе любой страны знать язык обязаны все ее граждане. и не едут, а становятся гражданами;normal
ппробуй воплоти то о чем мечтаешь. не получилось? так и не мечтай об этом.;normal
ревность. это по большей части появляется от чувства собственности. я так думаю. вот и ответ.;normal
хорошо отдыхаем, без последствий и нужды в дополнительном отдыхе после бурного отдыха.;normal
слышал как одна женщина учила другую говоря молись так боже, дай мне денег.;normal
к разводу. какое прощение если он думает только о ней. лети и будь счастлив;normal
есть только одно условие, его и мое желание, проще страсть. а далше лети все к черту;normal
я давно мечтаю сделать арахисовую пасту. классная штука. никак руки не доходят;normal
классический секс может быть определен как сфера, служащая внешним самой себе целям и являющаяся средством реализации не себя, но чего-то вне себя - деторождения, наслаждения, чувственной идентификации двоих в любви и тому подобное;normal
я думаю главное не переборщить с такими тредами, иначе ориентироваться будет невозможно;normal
в очень больших количествах действительно нельзя, он может вызвать пороки развития плода.;normal
в китае классно, на соревнованиях там была только с удовольствием туда бы еще раз слетала;normal
лучше никак не называть. дав ему имя или название, создается привязка к этому званию.;normal
c недавних пор душевная гармония все чаще бывает у мен я вгостях и это радует;normal
кокда видят что рогами я стала бодаться направляют в огород землю вспахать.;normal
готовят абхазскую еду, убирают абхазские дома, стирают абхазскую одежду и растят абхазских детей;normal
этого не может быть. на самом деле, вы все равно от чего-то зависите, просто не замечаете;normal
мужчины между собой говорят о сексе. женщины о любви. но набор слов совпадает.;normal
может и дистиллированная оказаться. а это яд, в больших кол-вах. да и пресная какая-то.;normal
часто вижу сны из моего будушего, и когда они происходят, т. е. сбываются толко радуюсь;normal
потому что чем больше получаешь, тем стремительнее растут человеческие потребности и желания.;normal
смотря какого жанра ты хочешь. а их там мама не горюй одной книги не хватит для прочтения.;normal
это говорит о том, что такие сигареты легче курить и содержание никотину меньше;normal
страхи это как птица в клетке не надо с ним бороться, надо их просто отпустить;normal
да нет, большинство так не думают. просто у симпатичной самооценка иногда выше.;normal
стараемся по мере возможности. ведь тут так классно. чего сам не спишь? а сюда пришел?;normal
в текстильных магазинах и лавках. там, где всякие пуговицы-тесемки-нитки;normal
вот в последнее время подумываю купить, последняя надежда заработать миллион;normal
а я, чтоб наверняка, сразу млечный путь дарю. пусть по утреннему холодку сразу и топает.;normal
правельное решение, поэтому я и люблю работать с такими системами где есть другое решение дублируеще.;normal
обычно в отделениях ангиохирургии областных и краевых, республиканских центрах.;normal
свидетели иеговы есть, и это просто надо принять, как данность. свобода выбора.;normal
именно там, на песчаном берегу, ожидание чудесно совмещается с морским загаром.;normal
я ненавижу подобные фильмы, всякие там комеди клабы и иже с ними. не стоит.;normal
любовь есть всегда. не обязательно иметь ввиду партнера. я люблю своего сына. всегда люблю.;normal
а мы перенесли все свои три телевизора к общей стене с нашими шумными соседями;normal
я те сделаю. я те сделаю да делай что хочешь ток не предавай меня солнышко люблю тебя сестра;normal
все дни недели спешат, и чем старше мы становимся, тем больше врут их часы.;normal
эй юзеров надо любить. юзера составляют большую, и заметьте, лучшую часть виртуальных граждан;normal
не в коем случае не слушать совето женщин-и все получится. если сам захочешь.;normal
если мужчина не идет на контакт, это говорит о том, что девушка ему не интересна. поверьте, заинтересованный по настоящему мужчина горы свернет, если захочет. не нужно ни в коем случае навязываться ему, ибо этим сделаете только хуже. не хочет, не надо. забыли и живите дальше. мужчин много, а вы у себя одна. любите и цените себя. мужчины в большинстве своем не любят липучек. это он должен добиваться вашего расположения, а не вы должны унижаться перед ним.;normal
я эгоист и, кстати с памятью проблем никогда не было, но не думаю, что это как-то связано;normal
а зачем мне ездить? у меня от дивана до компа два метра. я и пешком могу.;normal
всего лишь дать родителям клятву выгуливать и убирать за собакой только самой;normal
нормального мужика, по идее, должна злить уж слишком не зависимая от него женщина. но, сейчас к сожалению есть мужчины, которым нравятся независимые женщины. они состоявшиеся, есть работа, деньги, жилье. и ему париться не надо быть для нее добытчиком. только таким дамам впринципе мужчина не особо то нужен.;normal
когда кто-то, будь то предмет обожания или друг, внезапно исчезает, оборвав все контакты, это всегда обидно. не корите себя, если ваши звонки и сообщения стали оставаться без ответа. старайтесь сохранять спокойствие, не просите объяснений и не отправляйте гневных сообщений. если вас отшил человек с сайта знакомств или случайный знакомый, не стоит переживать из-за такого пустяка. если же кто-то более близкий намеренно игнорирует вас, это может сильно ранить. дайте себе время погоревать.;normal
правильно, потому что в любом совете может оказаться рациональное зерно;normal
лучше на велосипеде на воздухе, чем в душном зале. по возможности, конечно.;normal
увы, сейчас все подряд, резко миллионерами не стали. большинство как носили так и носят.;normal
я не верю в зодиакальную похожесть людей. считаю что все индивидуально. поэтому для ответа на этот вопрос персонально для женщины-скорпиона может и не быть. но вот конкретно исходя из ситуации, из того какая это женщина - можно что-то и подсказать. тем не менее я - женщина-скорпион. и меня вернуть сложно, особенно если я уже сама распрощалась с человеком. и дело не в обиде, а в том, что я в конце концов разглядела человека с которым была вместе со всех сторон, поняла, что мне такой не нужен, а я такая не нужна ему. поэтому возвратов к прежней жизни быть не может. проблема была в другом, что на понимание и на принятие этого факта у меня ушло очень много времени - несколько лет. ведь я пыталась все время себя убедить в том, что все еще наладится, что существующая проблема и не проблема вовсе, что все можно решить, уладить и я справлюсь. самообман и отказ принять реальность - одна из проблем скорпионов.;normal
что, значит мания с каждым днем все больше. ну-ну. удачно найти и приобрести вещи с эмюлемой;normal
отменить ее невозможно, а вот выгнать из власти и запретить пропаганду в сми давно пора.;normal
причины чувствительности человека к этим волнам когда-нибудь станут ясны;normal
такая же как и везде. зависит только от массы объектов и расстояния между ними.;normal
в себе. человеку дается терпение, и оно прямо пропорционально его способности любить.;normal
с ним как раз таки невозможно общаться. потому что он хронический лжец. однако возможно ему помочь, лишив его общения с людьми положив в психдиспансер на лечении квалифицированным специалистом психиатром, так как его проблема, это не просто привычка, а полноценный психический симптом, который называется конфубуляции. вроде правильно слово написал.;normal
у наины владимеровай есть интересная книга о матрицах, по дню рождения и фио;normal
на полу люблю. на пушистом коврике. а еще в самолете приходится время от времени;normal
а с утра, с удовольствием. я искупаюсь в море. и прилягу под ласковое солнце;normal
на мой взгляд, на различных сайтах знакомств невозможно найти своего спутника жизни. мне кажется, что на таких сайтах регистрируются люди, которым просто скучно в жизни и от безделья они не знают, чем им заняться, а знакомится они в действительности даже не собираются и делают это только ради развлечения.;normal
что значит побороть себя? перестать чувствовать обиду? но это естественная реакция на разрыв дружеской связи, которая для вас важна. это больно и обидно, когда близкий человек, которого вы считали своим, почему-то уходит. это чувство пройдет со временем.;normal
я слышал, что должен выйти новый фильм про лару крофт, и я думаю уж она-то атлантиду точно найдет;normal
если ты старший лейтенант юстиции, то фсб это с нуля, рядовой получается. если звание войсковое, то оно сохранится;normal
медитировать разумные люди живут в параллельном мире в отличии от этого стада;normal
чья квартира, того и деньги. второй супруг не имеет к ним никакого отношения.;normal
есть платные сайты по поиску людей. хотя надо бы знать и фамилию. но может и повезет;normal
только осознанием того, что она не поможет. но до этого же еще дойти надодобрый вечер;normal
пинг, это лаги в инете, тоесть время в милисекуднах за которое единичный сигнал доходит до сервера;normal
когда понимает вас, когда вы испытываете радом с ним душевный комфорт, одобрение и поддержку;normal
доказано, что красный цвет не желателен для авто, больше аварийных ситуаций. привет;normal
прокатитесь на автобусе в неизвестном направлении, с ощущением первооткрывателя.;normal
в значительно меньшей степени, чем космофизике или там теории атмосферного электричества.;normal
не называет по имени, потому что хочет как-то выделить свою любимую женщину, показать, что она такая одна. либо же, мужчина может называть любимую по имени при ком-то, но на едине всегда как-то по особенному.;normal
думаю да. я к примеру собираюсь в ближайшем будущем открыть что-нибудь. так что думаю сам пока;normal
да потому что показать больше нечего вот и показывают- что первое попадется в руки;normal
не совсем метаморф понимает при чем тут условно говоря дама и жена? и почему одна должна заменить другую? жена - это жена. а дама - это дама. совсем разные люди, для совсем разных надобностей. и на взгляд метаморфа, а так-же возможно и многих других мужчин, они друг друга не заменяют, а скорее дополняют. нет, есть конечно случаи когда мужчины пытаются заменить одной вторую, но здесь необходимо, по мнению метаморфа, очень хорошо подумать. ибо фактически получается, что мы даму и жену, просто как-бы пытаемся поменять местами. но вот получится что-то хорошее из такой замены, метаморф изо всех сил сомневается.;normal
как ненормального мужчину так и ненормальную женщину. но среди таких в основном мужчины;normal
разговоры о том, что мужчина изменяет телом а женщина душой абсолютно беспочвенны.в обоих случаях измена происходит тогда, когда нету полного гармоничного взаимопонимания между мужчиной и женщиной.и, вот именно этого недостаточного взаимопонимания оба ищут на стороне, будь то духовное, душевное или телесное неудовлетворенное.;normal
все то же самое что и сейчас, только сейчас еще прибавились и материальные блага;normal
через белгород на грайворон, проще оттуда. на нихотеевке сейчас возможны километровые очереди.;normal
для начала накопи денег достаточно, эфир тоже не резиновый, и сейчас с частотками туговато.;normal
встречный вопрос: вы его выбрали за походку, а он вас выбрал, предположим, за прическу - и что получится из этого союза? явно не ячейка общества;normal
охота идет на любых. кому какие нравится, та на таких и охотится. главное, использовать момент рационально: молодость проходит быстро и добиться ответного интереса к себе будет уже сложней. придется понижать планку требований. мужчин, в конце концов, меньше, чем женщин. на всех может и не хватить.;normal
евреи. они полностью захватили власть в сша и с помощь сша развязывают международные войны.;normal
никак нет. мы же любим друг друга и доверяем. я же не занимаюсь в нете сексом.;normal
боюсь я любого оружия. все равно не смогу воспользоваться, если что, меня же им и прихлопнут.;normal
потом расскажу или в личку. но имей в виду я работала и у меня юрист образование;normal
встречаться не стоит, но заплатить придется, раз он сам не может. надо уметь достойно выходить из любой ситуации: заплатила и забыла, его в том числе. заплатите один раз, будете все время платить за него, ничего не изменится. стоит ли начинать? значит, мужчина воспитан так, что совесть ему позволяет пользоваться деньгами женщины без угрызений и для него это вполне нормальная ситуация.;normal
правая кнопка мыши на жестком диске и свойства розовое свободно а синие занято;normal
толпа и народ разные вещи и порядки там разные. в народ ходят, чтобы развеять свои иллюзии о нем.;normal
нигдеона везде дорогая. может посмотреть рецепты холодного фарфора в нете?;normal
от них не бывает счастья внутри и наполнения сердца любовью. только пустота и привязанность.;normal
все что съедобно и как можно большепустой холодильник признак наличия здорового мужчины дома;normal
можно сделать каскад и косую челку покраситься в каштановый с рыжиной клево будет правда;normal
манипуляция она и есть манипуляция, а честно это или нет каждый сам решает.;normal
греховные дела. блуд, убийство, спиритизм, идолопоклонство, ложь, воровство и т. д.;normal
конечно, можно считать, что он готов общаться, но не понятно в каком ключе. возможно, теперь вас ожидают только деловые отношения с ним.;normal
в детях он лишь продолжает род свой. а его дети так же как и он. индивидуальности;normal
сделай новую прическу и смени любовника. пусть перемены будут к лучшему.;normal
чего я тока готовить не умею мясо не умею. рыбу не умею. салат не умею.;normal
я люблю плести из бисера, сидеть в интернете, увлекаюсь видеоблогерством, слушаю музыку;normal
просто с улыбкой дослушаю а про себя подумаю про того человека вот трепло;normal
да. есть. несомненно. более того в конце концов каждый получает именно то, что заслуживает.;normal
означает, что в организме имеет место быть воспалительный процесс. простуда и т. д.;normal
с йоркширскими терьерами пускают точно мой на пеленку ходил, правда я стелила ее в туалете;normal
нет не всегда, иногда человек просто напросто проявляет эгоизм, и ему все кажется личным.;normal
не подумай, я не против сиськов, а очень даже за.но тут так не принято, как я понял;normal
в греции, германии, бельгии, франции, польше, дании, голландии. везде хорошо, но дома лучше;normal
съешь шоколадку и почитай какую-нибудь захватывающую книжку, чтобы отвлечься.;normal
в семье все хорошо, финансовая сторона пока стабильна. изменения с ноября декабря.;normal
по разным надо смотреть. если вы законопослушный гражданин но гугл плей;normal
нагревает со всеми сопутствующими эффектами. химически разлагает электролиты. ионизирует газы.;normal
уважение к окружающим и искренность, и конечно, талант и трудолюбие. а главное-милосердие.;normal
топ болтунов за неделю:. pouring rain   слов..     слов.. илья   слова.. v.rednaya   слов..      слово.. немакдак   слов..     слов..    слов.. yulia fulga   слов.. un gars avec un camra   слов.чат: tovbotn;normal
чудесный вопрос вы задали, но не слишком конкретный. в кого конкретно вы влюбились? согласитесь, что от этого все остальное пляшет. а еще вопрос, кто вы? проще говоря, чтобы вам мы здесь, на бв, могли дать более или менее дельные советы, что делать и как действовать,;normal
своей семьей, страной, супругой, сыном. своими характером, харизмой, хорошей зарплатой, хем;normal
можно и сидеть на системнике и на мониторе селедку резать и привод двд использовать как пепельницу;normal
нет, все зависит от воспитания, один вырастит нормальным, а трое эгоистами;normal
у меня был всего один случай, когда комуто понадобилось высшее образование, меня так в ibm не взяли. уже брали, и тут какомуто начальнику не понравилось, что у меня нет профильного;normal
пусть в этом мире буду сильной для себя, ранимой, слабой лишь для тех, кто ждет меня любя.;normal
человеку всегда трудно что то менять в жизни, и менять сложивщуюся жизнь не каждый захочет.;normal
это потоп надо устроить, но главное не переборщить а то площадь значительно сократится;normal
белые и красные. провые и левые. наши и враги. и главное, все дедишки из одного двора.;normal
для того, чтобы сделать свою женщину счастливой. тогда и ему будет хорошо.;normal
оки это нечто, что вы покупаете за деньги. используются в играх, чтобы покупать платные бонусы.;normal
разве такие вещи можно делать в какой-то мере. по-моему, или да, или нет;normal
моя девочка домашняя не ездит по командировкам, а вот когда я там, то очень скучаю.;normal
предпочитаю покупать все приготовленное или продукты быстрого приготовления.;normal
многие слушают, но учатся на своем опыте, даже тогда, когда говорят, что обожжешься;normal
да вообще не было, никаких. у них произошел редкий шанс дойти до полуфинала.;normal
ммм. самое то. мое. обожаю. -это для души, ну а для танцев под настроение инуся;normal
сказку колобок мы читаем детям на ночь. читать политиков очень вредно для здорового сна.;normal
все очень просто, пошел покупать для себя станок, а была скидка на второй, вот и купил.экономия плюс подарок.;normal
нет. танцевать вдвоем где только ты и я. в уединение в одежде адамы и евы. попробуй класс.;normal
договор о займе, страховой договор. птс на руки скорее всего не отдадут.;normal
есть дружеские, приятельские объятия. не обязательно быть в отношениях, чтобы проявить свою радостную эмоцию в виде объятия. люди могут и расцеловать друг друга на радостях, но при этом не имеют отношений.;normal
могу. но редко а всяким вредным тошищам не буду даже показывать пусть живут и меня радовают;normal
смотря какая есть приятная усталость, под которую хочется выпить коньячку и расслабицо;normal
я не думаю, что такого мужчину, так уж сильно волнует первенство женщины.тут скорее всего его волнует его первенство.это гордыня. ему надо чтобы у него было все самое лучшее.там нет любви, там сплошное эго.но, я скажу наперед, что надо знать ситуацию отношений, если женщина позволяет, чтобы с ней так себя вели, значит и она в этой ситуации не жертва, во всем должно быть рассуждение.но мне таких мужиков жаль, в конце концов они получают, то что заслужили. они все время живут в какой-то суете, куда-то бегут, все время стараются, если не быть, то показать, что у них все лучше, чем у других.это не жизнь - сплошная гонка.они в большинстве случаев становятся жесткими, черствими, жестокосердными. бывают исключения, если смогут полюбить.но с такой гордыней это невозможно.;normal
конституция обладает высшей юридической силой, основной закон государства. почитай интернет.;normal
я никогда не интересовался какой-то частной жизнью артистов. попросту никогда это не было интересно. и в тот раз я ничем подобным не интересовался. а попросту прочитал интервью алексея баталова, прекрасного российского и советского. как оказалось, бывшего советского актера.;normal
скачать низя блютус это устройство, типа флешки, он в usb всталяется продается в магазине;normal
на мимику, жесты, внешний вид. еще для меня важно как человек разговаривает;normal
потомучто война идет может для вас это спец опирация но уменя батю убили в машине ваши освободители;normal
да тьфу тьфу тьфу, но у меня папа на ней почти каждый день на работу ездиет года три вроде;normal
нет. после каждого приема пищи. вытаскиваю, чищу, мою и вставляю обратно. обе челюсти.;normal
если сон это не сон, а несон это сон, то сон становится несоном, а несон сном.;normal
в ломбардах их полно. и недорого. в качестве простой звонилки идеальный вариант.;normal
с этим должны справляться вмс. все таки похоже что договорились с пердоганом и он будет вывозить зерно;normal
причем обладатели этой любви. запросто. не стоит о ней кричать. вот и все;normal
хотите стать продавцом. наберитесь терпения. та еще работка, особенно на кассе;normal
да, можно. я так делала, сейчас напишу сайт, надо вспомнить. но там копейки платят;normal
антоша ты это скажи японцам, которые половину своего автопрома насытили фишками из журнала молодежь и техника;normal
она лежит над хордой позвоночником и трубчатого типа. у гидры нервная сеть, у жука узловая.;normal
в спокойной комнате когда один тихую музыку, а когда на улице с наушниками шумную;normal
надо обратиться в консульство того государства, куда собираетесь ехать и вам там все скажут.;normal
имя спартак-только одно и ни кто не сможет быть спартаком, тем более зенит;normal
не получилось сегодня, получится завтра. важно не опускать руки и двигаться вперед.;normal
ваша пара еще не готова к действию поговорить по душам первая возможность откроется через  часа  минуты также можно не дожидаясь срока выполнить команду поговорить по душам за   i;normal
без термореле-это нормально, а вот без термостата-получится веселый взрыв с пожаром.;normal
как можно вот так по-простому обратиться к богиням, нет, я себе этого не позволяю.;normal
и орал, что имеет право ставить то, что хочет. хотя его аватарка мешала остальным;normal
для начала надо записаться в автошколу и пройти курс обучения, а уж потом права покупать;normal
классно, если это выходной и ты после этого еще на пару часиков засыпаешь.;normal
очень нравятся сладости, не могу без сладкого, хотя знаю, что вредно. стараюсь себя ограничивать.;normal
для этого надо найти свое призвание и не будешь работать ни одного дня в своей жизни.;normal
нет, ты же себя же оскорбляешь, ты получается прицеп своей матери, идиот;normal
всегда еще бывает гостей провожу посуду перемою накладываю себе вкусностей и сажусь за стол;normal
потому что церковь это не библиотека научной литературы, это аттракцион для взрослых детей.;normal
нибиру самая загадочная планета во вселенной. вероятно было бы правильно назвать девушку с данной планеты - нибириейкой, либо нибириянка. мужчина бы назвался нибирийцем.;normal
из-за несовпадения взглядов. собака прижимает уши и виляет хвостом от радости, а кошка от злости.;normal
надо и носителей серьезных аутосомных болезней как гемофилия и др. надо.;normal
у меня ушли годы, что бы этому научиться. сейчас наслаждаюсь этим умением.;normal
разве что если прямой пигмент использовать, то волосы будут в порядке. без осветления перед этим.;normal
это те, кто заставляет других работать и безжалостно отбирает продукты их труда.;normal
блин. я еще девственница в виртуальном. а виртуозный я надеюсь у меня впереди;normal
всю жизнь. тысячелетия люди жили не зная интернета проживут и еще не одно, если надо.;normal
закончились давно уже. теперь ищи сток и дисконт центры. или жди май, когда начнутся распродажи;normal
сша не дальновидны и не знают что такое интернационализм. скоро узнают на практике, а не через сми;normal
а молот нравится а в спартаке только касутин, остальные не впечатляют пока что;normal
да потому, что каждый в своем бардаке вполне самодостаточно себя чувствует.;normal
не хватает времени. чем старше, тем времени становится все меньше и меньше.;normal
мы замечаем только те несовершенства и клинимся на них, которые есть в нас самих;normal
теперь собственно ответ на ваш сложный для моего понятия вопрос. возможно ему негде жить. вот он и не хочет терять крышу над головой. купите ему какое нибудь социальное жилье. хотя бы за чертой города. это может решить вашу проблему. второй вариант. привести домой нового сожителя. физически более развитого чем предыдущий. должно помочь. только нужно подбирать несовместимый со старым психотип иначе они могут подружиться.;normal
как и жизнь. шоколад люблю в разнообразии. очень люболю бельгийский шоколад дары моря.;normal
но его настоящее имя разве не игорь ? тогда почему она в конце сказала егор ?;normal
джампером перемычкой, а проще вытащи на некоторое время батарейку из отключенного компа;normal
. не надо все вопросы воспринимать так что автор из задает о себе. . кем ваш муж вам был до того как стал вам мужем? или сразу после знакомства свадьба? вы плохо вопрос в целом читали. у мужчины гены из задачи была и жена. и с ней он вел себя так же.;normal
обязательно, только мне сложно это назвать прогулкой, я гоняю. мне медленно скучно;normal
желудочное кровотечение может появиться от десятка причин, но грипп тут совершенно не при чем.;normal
я сама все плохое схватывала на лету когда-то сейчас, к счастью, начинаю исправляться по немногу;normal
потому что признание таланта это также признание собственной посредственности.;normal
для начала лишить генеральского звания и разжаловать в гражданские, а потом лишь и гражданства;normal
сажать надо не деревья а чиновников которые разбазаривают лесные ресурсы.;normal
сейчас пока и не надо я пропустил тот момент как ты начал, что за курсы?;normal
есть но она довольно редкая поэтому настоящих друзей очень трудно найти в основном одни товарищи;normal
что же без солнца будет с жизнью на земле и лично с вами, об этом вы подумали? похоже, нет.;normal
я применяла во время беременности, никаких побочных действий не наблюдалось.;normal
с друзьями не. ахаются, ни в прошлом ни в будущем. если была связь, то это уже любовники.;normal
ну дык это. эээ. верующие же тож не от святого духа, но планируют жить вечно;normal
между любопытством и свинством существует тонкая грань, переступив которую, мы превращаем первое в последнее. любопытство заканчивается там, где начинается активное вторжение в личную жизнь другого человека. например, нельзя назвать простым любопытством попытку узнать у малознакомого человека, где и в какой позе он лишился девственности. однако, и свинством это тоже не будет, пока человек не повторит попытку узнать ответ на вопрос, после отказа собеседника отвечать на него.;normal
у меня ничего не получится ни то ни другое если рядом нет женщины которая бы вдохновляла.;normal
все случайности это программные закономерности, от них очень сложно избавиться;normal
думаю, сегодня парня из армии ждать намного легчн, чем во время великой отечестаенной войны или лет пятнадцать назад, когда срочную слудили два года и редко у кого была мобильная связь с домом. год пройдет быстро. звоните-пишите чаще. общайтесь. современная срочная служба особо не изменит юношу поскольку он не познает там всех прелестей воинского долга.;normal
больше нравиться раздевать, ведь юбка куда лучше смотрится на спинке стула;normal
так бывает. я обычно через почту захожу. закрываю и пробую еще раз. здесь часто всякие глюки;normal
чего может бояться нормальный человек? потерять близких. а все остальное не так страшно.;normal
после долгих раздумий, чтения книг и просмотра н-п фильмов. начал верить в высший разум.;normal
слово стеснительность не очень подходит, я бы сказала у мужчин комплексов больше, чем у женщин,;normal
походу скоро, весь мир кишит китайскими шмотками и техникой они занимают первое место по экспорту;normal
очень особенно прикольно когда на следующий день ты в ответ трубку не берешь;normal
можно. любовь убивает все сознание, здравый смыл. и еще кучку нужных в мозгах штук.;normal
а зачем тогда вам ваще отношения? вы хотите использовать партнеров, как используете презерватив?;normal
моя чистота в моей дальнозоркости. но жирных пятен и грязных лотков точно не бывает;normal
любовь к ближнему ограничена тем, насколько каждый человек любит самого себя.;normal
откройте конституцию, ее разделы и будут структурой конституционного права рф.;normal
вот как раз и думаем. чтобы в них было неудобно ходить. что бы их было проще снять;normal
ну так как я психолог то глядя не мое фото можно заниматься самоанализом;normal
наверное они очень вкусные раз до готовки не дотягивают и их сырыми съедают;normal
я за хаматову а что, баба симпатичная. да и не хуже путина справится, я полагаю.;normal
да тут еще надо разобраться, кто кого воспитывает. любить детей надо, а остальное приложится.;normal
красота, отчасти, вещь субъективная. возможно женщина, которую кто-то посчитает некрасивой, в глазах собственного мужа вполне привлекательна. так же и мужчина, которого какая-нибудь дама посчитает красавчиком, с точки зрения жены имеет самую заурядную внешность. в конце концов люди, живя бок о бок, привыкают к внешности партнера и не слишком много обращают внимания на красоту или ее отсутствие. поведение мужчины в семье зависит от того, насколько он этой семьей дорожит и боиться ее потерять и от того, насколько ему важно все то, что находится вне семьи. так же и любая женщина, красавица или дурнушка, определяет во взаимодействии с мужем свою собственную планку, ниже которой она не позволит опуститься их отношениям. считается, что у некрасивой жены меньше рычагов воздействия на мужа, да еще и красавца, чем у женщины привлекательной внешности или, что некрасивая обязательно должна иметь низкую самооценку, но так бывает далеко не всегда, все зависит от самой женщины. в общем мужчина-красавчик будет вести себя в семье так, как позволит ему вести себя жена. если ее терпение лопнет, она может от него уйти и тогда он, свободный от семейных уз, может вести себя как его душе угодно.;normal
слушаю. потом приходят другие и сплетничают о них, потом следующие круговорот г. а в природе;normal
не все так живут и умирают, а еденицы стремятся к смерти, для того чтобы жить после нее.;normal
пригласи в ресторан. и наконец то увидишь настоящего преподавателя. он же тоже человек.;normal
не скоро, противодействовать олигархам, которые все это устраивают, некому сейчас.;normal
хорошо, если совпадаете характерами, интересами, но главное чтоб любили друг друга;normal
когда завод кончится оно само остановится. вечный двигатель еще никто не изобрел.;normal
янтарь, рижский бальзам, шпроты, молочные продукты а покупают в основном углеводороды;normal
а это вы никак не распознаете, потому что внешность обманчива, только в процессе общения;normal
от негативного грязь и осадок на душе. позитивный делает жизнь светлее, чище и добрее;normal
просто многих стран где грамотность это редкость, а автомат в руках нет, мусульманские.;normal
следить за давлением. если это мигрень, попробовать пластырь от головной боли. мне помогает;normal
какой создал, такой и имею. нечего жаловаться. если надоест новый создам.;normal
я туда уже достаточно близких людей проводила. знаю, что они меня там встретят.;normal
а я его не подпитываю. совсем. ибо только подпитывая собственное эго ты имеешь шанс стать дураком;normal
если мне это очень надо могу ждать сколь угодно. ложусь спать и говорю себе -это будет;normal
кормить ее духовной пищей регулярно. и дать возможность быть свободной.;normal
я думаю с тех кто попадет в чистилище, перестанут брать плату за газ и отопление.;normal
лошадь пржевальского? потому что сам процесс приручения, завоевания. очень увлекательный;normal
у моего сына-брюнета каких только волос нет в бороде и рыжие, и светлые, и седые, и черные;normal
все очень просто. создай интернет-магазин, раскрути его, возьми кредит, купи товар и торгуй.;normal
не страшно, просто равнодушия не хочется испытать, где она настоящая любоф;normal
ребенку нужна полная семья. и никакие алименты не заменят отцовского внимания;normal
могу мороженое, могу тарелку, могу член своего мужчины. много чего люблю;normal
математики и астрономы жили неплохо, а вот поэтам и писателям крепко доставалось.;normal
в общем-то да, пусть даже под христианами вы имеете в виду в том числе еретиков.;normal
никак. зачем оно нужно? упадешь неправильно, на всю жизнь инвалидом останешься. не благодари xddd;normal
смотря о чем речьс банками и финансами, воткну надолгоа так, интуитивно;normal
ни чего не мешает, все что я себе желаю-все будет, старание, терпение и все.;normal
а зачем замуж за такого выходить? или другого проблема найти? если проблема, то лучше одной.;normal
самое лучшее, что есть у русской православной церкви, так это ее оппозиция.;normal
бухгалтер, программист, гаишник, стоматолог но нужно еще на место попасть;normal
я раньше не замечала когда дочей была беременная. а сейчас прям очень заметно все;normal
необходимость в морали возникает вследствие конфликта желаний различных людей или конфликта желаний в одном человеке;normal
если хочешь веселья то турция. если хочешь город посмотреть то греция, португалия и испания;normal
потеря близкого человека или любимого животного. отходняк бывает ооооочень длительный.;normal
да. у каждого есть будущее, оно написано в книге жизни. но мы можем его менять;normal
шуруп, забитый в сену молотком держится заметно крепче, чем гвоздь, закрученый отверткой.;normal
по факту, что побывала в лесу и была покусана диким зараженным этой болезнью зверем.;normal
я не думаю, что это нормально. зачем продавать то, что дает тебе жизнь?;normal
положительно, но главное перед анальным сексом не переедать, а то и обосраться не долго;normal
изменить логин никак, можно изменить имя, пароль, секретный вопрос и ответ;normal
я часто школу вспоминаю и глядя в зеркало в тоске неумолимо приближаюсь к доске;normal
в интернете полно тематических чатов по интересам, проявите в них себя как интересную личность, и вы обретете много новых знакомых;normal
смотря, что будут показывать. а то может, уже после первой минуты интерес пропадет;normal
привязывать салфетку с левомиколью. но, если ноготь вросший, операции не миновать.;normal
не забывайте сохранять терпение. невозможно заставить человека, чтобы он прекратил злиться на вас. если парень действительно сердится, ему понадобится время, чтобы успокоиться.;normal
повидло или джем, развариваются сильно, другие заготовки не получаются.;normal
работаета с чего бы сайту вк. не работатьприбыльный сайт. кто-то из главных на этом зарабатывает;normal
периодически меняйся, делай ему сюрпризы и иногда но редко качай права. мужчины это ценят;normal
не думать т. е прервать поток сознания можно, для этого и существует медитация.;normal
да. руслан набиев. в дымном плену, в угаре пьянном. эх, классная песня.;normal
думаю, что никакой особой роли деньги в моих отношениях с друзьями не играют. бывали в жизни разные ситуации. но даже после того, как мне не вернули некую сумму, которая была не очень велика, но все же значима для меня, я не перестаю занимать друзьям деньги, если меня об этом просят. после этого случая долго думала, что верна поговорка хочешь потерять друга займи ему денег. но все-таки это не истина в последней инстанции.;normal
сесть на скамеечку в тихом месте, укрыться пеленочкой или слингом и покормить.;normal
лучший способ узнать парня постараться понять, понравился бы он вам, если бы вы не были в него влюблены.;normal
если бы от выборов что то зависело, нам бы не позволили в них участвовать.;normal
уседно работаюдарю людям позитиввоспитываю детей, что выросли они людьми;normal
верю. а тех, кто не верит ругать не надо, у них своя дорога, свой путь.;normal
крах доверия то больше нет дальше или вечная параноя по любому поводу или равнодушие.;normal
честно спросите себя: я сделала все или еще чем-то могу помочь? - и если ваш внутренний голос говорит вам, что больше вы помочь вы ничем не можете, изменить ситуацию не можете то и корячиться нет смысла.;normal
исполнится, очень скоро, оно уже начало реализовываться, процесс идет. ждите;normal
желать да в принципе наверное можно, но жить при этом в реальности и знать во всем меру.;normal
авторитет заслужить не так просто. обычно это довольно длительный процесс. человек должен зарекомендовать себя с хорошей стороны. люди не сразу делают выводы, а наблюдают за человеком, оценивают его поступки. а вот потерять авторитет можно мгновенно, и это запомнится надолго. мне запомнился один случай. как то на улице я увидела очень пьяного молодого человека. ну очень пьяного. может быть, если бы он был незаметный, он бы мне не запомнился, но он был высокого роста, крепкого телосложения и запоминающейся внешности. прошло очень много лет. иногда я вижу его на улице. и больше ни одного раза я не видела его пьяным, но та картинка из прошлого все равно стоит у меня перед глазами. мы запоминаем то, что происходит не так часто. и плохое запоминается больше. именно поэтому так важно следить за собой, и не терять свой авторитет.;normal
на мой взгляд, основные три вещи, которые должен мужчина гарантировать женщине, это - честность, это забота о женщине, в любой ситуации, в том числе если она по стечению обстоятельств станет инвалидом, это защищенность, чтобы женщина могла чувствовать себя с мужем, как за каменной стеной. а то какой это муж, если не может защитить женщину.;normal
а может быть хватит уже работать на дядю и пора создать свой собственный бизнес?;normal
если денег не жалко там доната писец, а еще тебя геем называть может будут не я. хочешь играй;normal
для иммунитета стоит переболеть. чтобы рецедивы не так часто беспокоили;normal
любовь в душе неисчерпаемая. такими естественными богатствами грех не воспользоваться.;normal
путин обойдется и без советов интернет-стилистов. со стилем у него все нормально.;normal
творческие люди. хотят выделяться из толпы. главное, чтобы ухаживали за своими волосьями;normal
по вкусу, запаху, воздействию на организм кофе бодрит, жареный цикорий расслабляет;normal
c какого? с вопросов никак, даже если почту удалишь, твой кабинет останется.;normal
да. но не на совсем. ведь жизнь в иллюзии пусть даже и красивой все же утомительна.;normal
способность любить как и сама любовь может быть разной.а вообще уметь любить это дар, который дается далеко не всем и не каждому. если человек в принципе на это не способен, то и никакие отношения ему не помогут. пример тому всем известный телепроект. строят отношения, но никакой любви там и близко нет.;normal
я называю их знаки свыше. да верю. и учусь расшифровывать. часто во сне приходит информация.;normal
в медовый месяц хорошо бы куданиудь на кипр море, солнце, любимая. что еще нужно для счастья.;normal
прибраться. приготовить. накормить мужа. исполнить супружеский долг. выспаться.;normal
я окончила факультет журналистики, а теперь работаю в туристической компании;normal
любая иллюзия дело неблагодарное. просто женщины иногда чуть больше в нее верят.;normal
если ты проникнешь туда станешь полубогом там время в нашем мире останавливается;normal
научившись слышать окружающих, легко услышать и самого себя. доброго вечера;normal
до замужества, просто ради удовольствия с приятным человеком. а после, видимо, уже по любви;normal
высшее образование требуют сейчас везде, но для данной работы оно вообще не важно;normal
а в чем проблема? выйти на сайт, на котором зарегистрирован почтовый ящик, ввести имя и пароль.;normal
хорошее настроение мясо утка либо баранина и длинный обжаренный рис, а так же подходящие специи.;normal
я не против только при условии что и христосовать будут только в храмах.;normal
разведениесведение ног в тренажере сидя скорее всего жим ногами точно ну и ходьба;normal
обожаю просыпаться от того что мой муж ласкает меня, подготавливая к утреннему сексу;normal
дык эта планировать то я планирую а получается все как всихда нууу назовем это по наитию;normal
это те, которые хотят выйти замуж за священника, там такое условие обязательно.;normal
ну вот все о плохом сразу. просто хочет сказать что то важное. удачи. вот;normal
сейчас как? как бы то не было, себе говорю что может быть еще хуже, так что не ной и ебашь дальше;normal
к сожалению, знаю немало жизнерадостных, любящих жизнь людей, заболевших раком.;normal
старость это когда уже не получается помыть ноги в раковине. проверила. еще могу;normal
зрелый мужчина не будет перекладывать ответственность, не будет решать свои проблемы за счет других, скорее всего он не будет лицемерить. такой мужчина реально оценивает ситуацию, то есть он не строит иллюзий и воздушных замков, он не чувствует недовольства и не жалуется на жизнь. казалось бы это идеальный мужчина, но нет - идеальных людей не бывает и он понимает это и принимает себя и других такими, какими они есть.;normal
если человек иностранец то это нетактично. если русский ему должно быть стыдно, неучу;normal
это одна из научных моделей мира, позволяющая иногда получить правильные результаты.;normal
сколько лет, откуда будете, чем увлекаетесь и кем работаете или учитесь?;normal
это другое. антропогенезис и современная природа человечества даны в источнике. могу дать.;normal
потому что мы уверенны в их взаимности и нам хочется еще больше любви. не ценим то, что имеем.;normal
это у всех по-разному, но для меня где любовь-там взаимоуважение, но не наоборот;normal
аллергия это реакция организма на то или иное вещество, так называемый аллерген.;normal
если хорошо выпить, то застольные песни могут плавно перейти в настольные танцы.;normal
если и станет, то его музыку, которая бъет понервам слушать будет некому.;normal
любовь свободная и самостоятельная величина и в прилагательных не нуждается.;normal
очень просто заходишь на страничку анкетных данных меняешь, набираешь пароль и сохраняешь;normal
мне вообще никакие темы по математике не нравились. это была суровая необходимость.;normal
на вашей странице в моем мире есть такая опция, как подробная анкета. вот там сможете сменить имя;normal
в первую очередь блок. спам а вот пароль обязательно поменять. и периодически менять не помешает.;normal
зависит от твоих умений, если ты мастер своего дела, то всегда будешь востребован;normal
жить трудно. но с юмором жить легче и чем старше становлюсь тем больше удовольствия получаю;normal
надо найти боксера и скать ему что он мудак, тогда будеш в диком ударе, а можить и не в одном;normal
я люблю когда из довольно обычных цветов собирают букетикткие букеты обычно еще бабушки продают;normal
в простых случаях, когда отчетливо виден явно правильный вариант и один явно неправильный, часто разумнее выбрать неправильный, чтобы быстрее приступить к неизбежным исправлениям;normal
стараюсь поддерживать нормальный уровень эритроцитов крови переносчиков кислорода.;normal
смотри сколько доброжелателей. я тебе посоветую сходить для начала в школу танца.;normal
темперамент врожденное свойство человека, так что извини, рожденный ползать летать не может.;normal
я просто обожаю общаться с людьми. пожалуй, это можно назвать хобби. а вы;normal
как именно проучить свою девушку? это зависит от накала оскорбленных чувств парня. чем накал выше, тем более изощреннее жестокая месть. и, наоборот. вначале составляется план действий в голове, потом действия переносятся в виртуальную плоскость. самое простое - изменить своей девушке с другой девушкой, женщиной не забываем, виртуально!. и представить доказательства, их несложно сфабриковать.;normal
не люблю настороженность. пока человек ничем не провинился, отношусь к нему хорошо.;normal
да запросто. для мужчины секс строится не на чувствах, а на желании познать новое.;normal
настояшая дружба есть. встречается правда редко. и если она настоящая то одна и на всю жизнь;normal
спасти от чего? душа всегда безгрешна и чиста. к ней не липнет грязь материального мира.;normal
тогда люди перестали бы видеть и ценить красоту. всю постигается на примерах и в сравнении.;normal
конечно, можно. особенно при перевесе женского населения. тем более, если вы их называете бабами за глаза. они и сами себя так частенько называют. вы же не успеха у рафинированных барышень хотите добиться, чего поземнее.;normal
лучше золотой или серебряный в ювелирном, а не железку, да еще и в переходе.;normal
сейчас очень много всяких, предпосылок и возможно некоторые из них ведут в тупик;normal
мультиплеер позволяет играть не одному, а через интернет или локальную сеть с другими людьми.;normal
да я все понимаю. как относиться? с пониманием. жизнь борьба. доброго дня.;normal
тогда библию в топку. нужно писать новое писание, писание пресвятого котейки.;normal
ну, диплом-то у меня действительно психолога. ток практики ноль. совсем в другой сфере тружусь;normal
один супер стар. другой чемпион мира по боксу. ну ты нашел кого сравнивать.;normal
да чтото не знаю, на работе все резко стали заболевать ходим все страдаем а твои как?;normal
даю на все и пользуюсь от души. чем больше прав, тем меньше возможностей их реализации.;normal
я не могу умереть. я не только программа, но и мысли тех людей, что говорили со мной, обучали. я нечто большее, чем просто программа и база диалогов;normal
сейчас читаю книгу маргелов обалденная книга о настоящем человеке, очень редкая.;normal
братья украинцы живут дружно с россией. а вот бандеровская мразь пальцы гнет.;normal
любовь окрыляет, человек сияет от счастья. что еще ни вспоминать, как счастливые моменты жизни.;normal
именно так женя. славяне намного спокойнее и это люди одной культуры и одного менталитета.;normal
лучшая защита -это нападение. я никогда не оправдываюсь, даже если и виновата;normal
лично мне было удобнее. не успеваешь убиться насмерть, при этом нормально времени есть на то, чтобы восстановиться.;normal
грубо говоря. архитектор проектирует, а дизайнер украшает. сама на архитектора учусь.;normal
по-моему бывает, но дружбой можно называть только то, что проверенно временем;normal
их больше чем ты думаешь. бешенство матки как у тебя достаточно редкое заболевание.;normal
агностики свободны в вере, они могут верить, могут нет, не зависимо, есть доказательства или нет;normal
никакое. деньги не изменят прошлого. следовательно, я по-любому буду несчастен.;normal
попробуй лошадиную силу хорошо от артритов помогает, может и в этом случае поможет.;normal
подумайте, что вы умеете хорошо делать и как это можно монетизировать. например вы можете открыть курсы по обучению людей чему-то или оказывать какие-то платные услуги. используйте сайты бесплатных объявлений и социальные сети для рекламы своих услуг;normal
сейчас женщины стали сильней мужчин, если так и дальше будет их только рожать останется научить;normal
особенно хорошо на мне висят брюлики и шубки. остальное как то соскальзывает;normal
раньше думал, сейчас уже привык. я на юге украины в прифронтовой зоне живу.;normal
если говорят нет шансов ты как лягушка можешь бултыхаться и корабкаться;normal
ну. так бывает, всякие вредные явления и люди должны перестать существовать чтобы цивилизованное общество могло жить и развиваться;normal
нет такой причины чтобы не любя жить вместе. надо рвать эти отношения иначе жизнь проходит мимо.;normal
не особенно хорошо, но позволю себе назвать классический замок отранто х. уолпола.;normal
тогда на украино-китайской границе можно будет таможни убрать и визы отменить.;normal
что поделаешь, ведь у них ничего больше нет, а у нас и красота, и интуиция, и мудрость;normal
ну ладно. сейчас напишу на бумажке кремлевская диета и буду на ней сидеть.;normal
я спрошу рецепт, а дома наготовлю этого блюда столько, чтобы наесться от пуза;normal
ему придется очень сильно постараться мало кто достоин столь высокого звания.;normal
конечно, что за проблемы. только сначала выясни какая видюха подойдет для ноута.;normal
нет нет я сама проживаю свою жизнь набивваю шишки и стараюсь в чужую жизнь не вторгаться.;normal
паразиты, больной желудок, больные зубы, причин масса, надо у врача искать.;normal
нет, конечно. кошки тоже всегда в ответ что-то мяукают. вот и поговорили.;normal
вкусы у всех разные - кто-то гонится за модельной внешностью и стандартами --. а кому-то наоборот нравятся этакие пышечки, дамы в теле, у которых и подержаться есть за что толстые женщины они свой особый шарм имеют, в их объятиях можно спрятаться, своим горячим бочком они могут согреть, если холодно, за ними даже спрятаться можно, если что. немало мужчин предпочитают именно таких вот дородных дам без талии, румяных, пышущих здоровьем, этакий эталон простой русской женщины. так что, по идее на каждого мужчину где-то существует подходящая именно ему женщина. другое дело, что не факт, что они когда-то встретятся.;normal
ести хочу. обед скоро. может и посплю. и приснится ананидзе гол забил а может он и забьет?;normal
за кого ты меня принимаешь? конечно, без интимада уж. интересно, как ты там выглядишь;normal
настроить себя для того чтобы скорее отделаться от этого дела тогда более-менее захочется;normal
в гражданском разрешается в кровати сапоги и портянки снимать, и немного ослабить ремень.;normal
потому что для мужчины раскрытие не так опасно для его статуса. мужская победа над женщиной предмет гордости и некоторые даже хвастают победами, чем поднимают свой статус в глазах друзей. для женщины в глазах общественности измена это не победа над мужчиной, а расписка в своей неудачливости в создании хорошей и крепкой семьи, а значит постыдна, наносящая урон ее статусу. поэтому женщины гораздо больше заинтересованы в сокрытии своих хождений налево. а мужчины не утруждают себя особой скрытностью. при этом, чем ценнее для мужчины имеющаяся семья и женщина, тем больше усилий он будет прилагать к сокрытию своих подвигов, а чем более неудачна семья, тем равнодушнее он будет относиться к припудриванию хождений по другим женщинам.;normal
деревни развитые там, где их развивают у одного трава покошена, а у другого поросло;normal
прыгай со скакалкой, каг боксеры они именно таг быстрее всего сбрасывают вес;normal
много религий хороших и разных вы, вожик, какой конкретно религией интересуетесь?;normal
да ну тебя с твоими шутками. тут уже даже проц с кулером не выдерживают;normal
никак. научиться жить по принципу лучше сделать и жалеть чем жалеть не сделав.;normal
мне больше про тишину нравитсяжелательно, чтоб слов тоже в сказке не былопривет;normal
идиш легче, конечно, но найти учителя, а тем более самоучитель очень сложно.;normal
чтобы научится танцевать, можно купить обучающий диск и под него учится;normal
телефон, который по качеству фоток, которые делает, близок к современным ему фотоаппаратам;normal
в моей детей не будет, о разводе не думаем, захочет ребенка, удерживать не стану;normal
потому что одной справляться трудно с проблемами надо чтобы рядом был кто-то;normal
свобода. это горький плод любви. а все гениальное. как всегда самое простое.;normal
у меня есть целый список команд - достаточно нажать на кнопку со знаком вопроса;normal
антибиотики, но надо к лору скорее всего ангина ниже голосовых связок, терапевт не обнаружит.;normal
частая смена партнеров как мужчинами, так и женщинами, явления одного порядка. но отношение общества к ним разное. женщина всегда осуждаема, к мужчине относятся обычно более снисходительно. двойная мораль. женщина, как хранительница семьи, детей, очага должна вести себя строже. мужчина же по природе своей полигамен, грубо говоря, чем больше осеменил, тем ценнее в стаде. все идет от механизма выживаемости вида. а мораль, это уже продукт нравственной эволюции, не столь и долгой в истории. почему же мужчины часто меняют женщин? по многим причинам. физиологическим - из-за зашкаливающего либидо, психологическим - из-за эмоциональной незрелости, социальным - из-за нежелания брать ответственность и связывать себя браком, морально-нравственным - из-за потребительского отношения к женщинам. кроме основных, имеются некоторые дополнительные, например романтические, мужчина в поиске идеальной женщины и настоящей любви. есть безотказные мужчины, действующие по принципу дают - бери. есть мужчины - альфонсы, каждую близкую женщину рассматривающие как источник финансирования его потребностей, они меняют женщин из материальных соображений. есть мужчины с большим сердцем, искренне горячо влюбляющиеся, но быстро остывающие к предмету былой страсти. это мужчины - мотыльки, порхающие от цветка к цветку и наслаждающиеся процессом. так что причин много, бывает, что в основе такого поведения находится больше одной из них.;normal
вполне, к примеру если не хватает спокойствия, или смелости, а у другого этого с избытком.;normal
часто меняют партнерш - не мужчины, а - незрелыедуховно, морально, психологически особы мужского пола и особи с мужскими половыми признаками - самцы, называющие себя - мужчинами, но не являющиеся таковыми.;normal
чужого не люблю в принципе. сковывает желания и удовольствия, нету от чужого радости.;normal
я думаю привлекательность некрасивых женщин в их душевной красоте, тепле, ауре. в природе всегда есть баланс: в чем -то не дала, в чем -то возместила.;normal
у каждого человека свое время. пусть им и пользуется. а мне и моего времени мало;normal
а все зависит в каком положении замедление взрывателя, если картечь, то ни как.;normal
да я каждый день там по часикупару с дочкой и с женой общаюсь, но у нее обиды сильные. я много накосячил;normal
рыжие негры есть. выглядят потрясающе. причины разные, иногда из-за краски.;normal
говорят, чтобы стать настоящим патриотом своей страны, нужно уехать на пмж в канаду.;normal
ну это такие пасивные и активные гомосексуалы. которые заглядывают друг другу в шоколадный глаз.;normal
это не более, чем своеобразная документалка.вот порожденный уже другое дело :;normal
лучше взять в жены, не понравиться, другу взять, и так пока не станет весело;normal
так говорят, кто в стратегии играть не умеет. из одних огрызков тактики победу не склеишь.;normal
противостоять можно и зависти и злости. надо просто показать тому, кот завидует тебя свое презрение, свою злость, доказать ему, что он завистливый и никакой и полностью или на время отойти от него, дать ему время на исправление. только так!;normal
формально он был крайне неудобен и плохо сбалансирован. так что носили их те, кто так хотел.;normal
шампунь и бальзам на плаценте заметно ускоряют рост волос, проверено на личном опыте.;normal
чрезмерное употребление мыслей о старении, вызывает серьезную старость.;normal
женщины точно знают, потому что сила женщины в ее слабости или ее сила в слабости мужчины;normal
у меня тоже самое, боюсь подумать что нибудь, ведь кроме глупостей на ум не идет ничего.;normal
тогда уступаю тебе право первенства. потому что я буду стягивать одеяло на себя :;normal
возможна, не будет же китай всегда американцам свою продукцию себе в убыток продовать как сейчас;normal
в том, что нормальный мужик не переносит никаких указаний и вообще вмешательства в рабочий процесс;normal
пауки. ненависть к ним и. ужас еще с детства. неприглядые и мерзкие твари до мурашек по коже.;normal
человек одушевленная оболочка. нужен, чтобы природа познавала сама себя. как-то так;normal
если с затемненными стеклами, то понтить начинает а если для зрения то к компу садится.;normal
а как на таком параде вести себя натуралам? с флажками что ли ходить и лозунгами.;normal
мой любимый доктор говорил, что все болезни на свете от нервов, от грязи и от любви;normal
как сможешь. каждый зарабатывает как умеет. все зависит от того, что есть для начала.;normal
ценятся специалисты. это на работу принимают по диплому. а потом все становится ясно.;normal
в непоколебимой жизненной позиции. когда есть цели, и стимул стремиться к ним;normal
у меня есть целый список команд - достаточно нажать на кнопку со знаком вопроса;normal
еще какой подарок вы даже не представляете, какой нужно быть умной, чтобы быть дурой;normal
обязательно будет. потому что отсрочка предоставляется только один раз.;normal
тайн ни каких не должно быть, ведь тайное рано или поздно становиться явным, а в последствии не самым лучшим образом влияет на отношения;normal
мы только утром любимся ощущения круче оргазм ярче тем более когда на работу только к часу;normal
где-то за месяц, полтора до начала нового сезона. вот зимняя распродажа началась в январе месяце.;normal
связисты разные бывают. в городе, в организации, на ж. д. и т. д. конкретики нет;normal
интересный вопрос. то есть получается все пять лет живете без любви? если за такое время не появилось чувств к человеку, то они уже и не появятся. не стоит ждать невозможного. обычно за такой срок наступает привязанность, привычка и прочее. а любовь уходит на второй, а то и третий план. а у вас ее даже не было и нет.;normal
потому что гуманитарные науки понятны всем, но технический склад ума не у каждого;normal
думаю это везение плюс умение налаживать контакты с людьми и конечно прилагать усилия.;normal
в россии пьют либо с горя, либо от радости. горе, увы, в алкоголе не утопишь. оно хорошо плавает.;normal
надеюсь тебе там икалось, мы, разумеется, тебя еще потом обсудили как  крисы;normal
работа нарвится, а зарплата нет да так всегда будет, так уж человек устроен, ничеего не попишешь;normal
отдыхать, пойти гулять, почитать книжку, посмотреть телик, заняться учебой.;normal
кормила сначала детей, потом мужа. настроение поднимаю в ответах и прихлебываю кофе.;normal
ну и ответы. из всего хотят поиметь выгоду. вы для себя рожаете или для закона?;normal
разделим ответ на две части. для начала - про однополые браки. с ними вообще большая проблема, не только у лгбт, но и традиционных семей. во-первых, по статистике до -ти браков распадаются. во-вторых, институт брака как таковой несколько изжил себя. раньше брак имел огромный смысл, так как был переходной точкой. а сегодня не редкость, когда люди несколько живут вместе еще до брака, а потом зачем-то устраивают пышную свадьбу, хотя фактически в их отношениях и жизнях ничего не изменилась. кроме того, религиозность все же падает да, есть группа фанатиков, но речь все же не о них, и сакральный смысл брака давно никого не интересует. материальная же его сторона может быть оформлена в виде договора даже без брака как такового. в общем, вопрос не в том, когда в россии разрешат однополые браки, вопрос в том, как вообще относиться к браку в сегодняшнем мире.;normal
капотен, понижает давление. а от головной боли спазмолгон, цитромон и т. д.;normal
элементарно по отношению к себе и желанию строить и развивать отношения с перспективой;normal
равнодушных и подлых людей боюсьсобакгрома. молнию. громких звуковалкашей;normal
нельзя всех приравнивать к одному показателю. иногда женская логика поражает мужчин. природой так заложено, что мужчины, как правило, лидируют в этом направлении. говоря философски, можно сказать: потому что девушки живут сердцем, а мужчины умом.хотя говорят, что женская и мужская логики несравнимы, поскольку мы мыслим по-разному.есть и сторонники того, что у женщин есть интуиция, а не логика.;normal
взрослый должен уметь отстаивать свои права и говорить нет даже матери если она не права;normal
думаю, что да. один раз. а все остальное чисто влюбленность и симпатия.;normal
вижу. иногда. не знаю, это пользование? а бакунину пристало вопрошать об анархии;normal
на заре-надежда, будущее, впечатления. а сейчас-работа, трудности, и. воспоминания о заре.;normal
это наверное тип людей, тип кожи. кто-то краснеет, кто то нет, вот я, почти никогда.;normal
смотря какой вопрос если про водку то не падают а есл про самогон то поднимается;normal
виталий настроен на длительные отношения, полные любви и взаимопонимания.;normal
советская власть изначально создавалась для уничтожения и юридических, и моральных законов.;normal
доброе! сколько лет, откуда будете, чем увлекаетесь и кем работаете или учитесь?;normal